ply
format ascii 1.0
element vertex 16655
property float x
property float y
property float z
end_header
-0.403858 -0.053716 0.748219
-0.413176 0.011641 0.795283
-0.382883 -0.095974 0.756817
-0.407359 -0.041080 0.818826
-0.358091 -0.024313 0.749169
-0.375797 0.042908 0.795372
-0.383226 0.030284 0.823966
-0.349685 -0.042789 0.754369
-0.403214 0.041344 0.901061
-0.357760 -0.070556 0.838102
-0.359993 0.087797 0.847637
-0.386395 -0.040641 0.919617
-0.380061 -0.077299 0.908978
-0.389003 -0.085957 0.933160
-0.362824 0.090480 0.885183
-0.372643 -0.087284 0.921516
-0.344385 0.097957 0.853534
-0.369322 -0.103197 0.924853
-0.436378 -0.230155 1.097867
-0.359100 -0.042509 0.906746
-0.332520 0.100039 0.857914
-0.332520 0.100039 0.857914
-0.332245 0.099280 0.857986
-0.355570 0.088177 0.922517
-0.561908 -0.353771 1.513955
-0.304676 0.068283 0.832720
-0.647057 -0.578069 1.789850
-0.334178 0.058237 0.926477
-0.333750 0.054052 0.932842
-0.577616 -0.353164 1.624881
-0.547219 -0.362178 1.545420
-0.307716 0.099395 0.872492
-0.307716 0.099395 0.872492
-0.296238 0.037448 0.857496
-0.409741 -0.237279 1.200610
-0.531285 -0.357336 1.565473
-0.292924 0.050904 0.883196
-0.293877 0.093265 0.901990
-0.279851 0.101493 0.864770
-0.484291 -0.346290 1.528869
-0.484291 -0.346290 1.528869
-0.487746 -0.341698 1.546329
-0.275050 0.061189 0.897371
-0.294747 0.083938 0.964323
-0.283001 0.043896 0.941414
-0.364993 -0.207689 1.216964
-0.341997 -0.201217 1.180281
-0.314344 0.030166 1.095396
-0.304133 -0.352200 1.082097
-1.164907 -0.833433 4.144750
-1.177116 -0.830251 4.341507
-1.286571 -0.960674 4.764607
-0.299035 -0.384040 1.133098
-1.168787 -1.004370 4.432407
-1.241277 -1.033109 4.765668
-1.144939 -0.998761 4.493182
-1.051660 -0.885401 4.212324
-0.276989 -0.382816 1.143551
-0.674401 -0.479449 2.809595
-0.879595 -0.782638 3.851369
-0.335241 -0.428006 1.468323
-1.101156 -1.100307 4.844451
-1.629878 -1.853405 7.177786
-1.276854 -1.339566 5.657529
-0.834335 -0.721826 3.717956
-0.607454 -0.433568 2.724525
-0.705455 -0.536650 3.190980
-0.802127 -0.683371 3.673585
-0.812088 -0.737782 3.789617
-0.679573 -0.565183 3.178403
-0.822201 -0.783014 3.846195
-0.689512 -0.553429 3.245998
-1.001778 -1.127759 4.778502
-0.673415 -0.512062 3.274365
-0.911183 -0.981421 4.435073
-0.980804 -1.107039 4.786602
-0.980804 -1.107039 4.786602
-0.358604 -0.185438 1.781313
-0.340667 -0.239201 1.706892
-0.853153 -1.003045 4.284965
-0.360476 -0.230639 1.828305
-0.596798 -0.452509 3.034678
-0.722542 -0.767330 3.678588
-0.348999 -0.184187 1.781876
-0.641965 -0.642817 3.290063
-0.324950 -0.166709 1.695266
-0.183286 -0.065812 0.958050
-0.718344 -0.798343 3.767506
-0.629028 -0.674845 3.371147
-0.292520 -0.557423 1.583501
-0.292520 -0.557423 1.583501
-0.577892 -0.484754 3.128880
-0.331615 -0.187803 1.799609
-0.336115 -0.184251 1.825716
-0.580720 -0.534820 3.184527
-0.551038 -0.583044 3.107315
-0.596384 -0.806028 3.388535
-0.596384 -0.806028 3.388535
-0.309762 -0.183956 1.794973
-0.324561 -0.206821 1.901282
-0.382692 -0.301815 2.286240
-0.196714 -0.360692 1.180342
-0.188107 -0.343597 1.134329
-0.459951 -0.604291 2.796320
-0.305179 -0.189755 1.859040
-0.439165 -0.564586 2.745561
-0.510105 -0.678674 3.200969
-0.415464 -0.495397 2.633988
-0.414482 -0.494672 2.628685
-0.536463 -0.772392 3.408739
-0.182140 -0.368766 1.171942
-0.373610 -0.452503 2.497372
-0.459774 -0.715078 3.077492
-0.305500 -0.351199 2.059869
-0.338473 -0.437891 2.360011
-0.385688 -0.548010 2.690123
-0.401950 -0.646347 2.805012
-0.346523 -0.489527 2.438606
-0.137651 -0.075503 0.975605
-0.328177 -0.478558 2.448777
-0.286805 -0.361689 2.169355
-0.286805 -0.361689 2.169355
-0.299524 -0.440264 2.299447
-0.153773 -0.363543 1.199566
-0.286552 -0.417981 2.251937
-0.256333 -0.220596 2.014488
-0.272119 -0.429581 2.153260
-0.147555 -0.367546 1.195972
-0.262891 -0.377202 2.202792
-0.254749 -0.403174 2.169555
-0.249671 -0.382925 2.135023
-0.224411 -0.215240 1.988159
-0.221211 -0.224422 2.068853
-0.139060 -0.428514 1.358243
-0.182134 -0.704329 1.927389
-0.112695 -0.354322 1.210563
-0.134025 -0.474358 1.460978
-0.169372 -0.230910 1.983028
-0.166336 -0.242824 2.109108
-0.145090 -0.694394 1.900241
-0.113615 -0.505676 1.501535
-0.152033 -0.223236 2.085577
-0.155308 -0.251941 2.162538
-0.112329 -0.490112 1.569334
-0.123759 -0.621674 1.738807
-0.087818 -0.385398 1.341876
-0.122844 -0.240513 2.115386
-0.118677 -0.263234 2.104714
-0.067300 -0.332613 1.237698
-0.085381 -0.531318 1.589946
-0.064391 -0.329887 1.253183
-0.090966 -0.248833 2.064217
-0.128131 -0.590549 3.101634
-0.066724 -0.689677 1.934069
-0.069083 -0.750475 2.072424
-0.046951 -0.434072 1.456584
-0.044374 -0.522880 1.572477
-0.033066 -0.509915 1.630217
-0.044198 -0.745093 2.196080
-0.054633 -1.244502 2.989253
-0.038575 -0.854355 2.304628
-0.022719 -0.554253 1.716772
-0.007734 -0.089677 1.089557
-0.010546 -0.727149 2.093201
-0.006462 -0.466216 1.603634
0.008176 -0.526703 1.664140
0.011228 -0.540350 1.687319
0.020290 -0.257253 2.236349
0.015690 -0.520484 1.668547
0.019286 -0.526069 1.671752
0.026669 -0.719949 2.127470
0.037908 -0.257328 2.289890
0.035976 -0.735143 2.118805
0.046963 -0.258027 2.281155
0.066908 -0.279886 2.554266
0.052198 -0.587213 1.837035
0.070392 -0.274303 2.360708
0.061859 -0.583593 2.045961
0.064823 -0.269314 2.141070
0.085271 -0.260422 2.364264
0.078698 -0.559975 1.905007
0.095458 -0.713170 2.215871
0.104590 -0.265237 2.373204
0.115977 -0.294990 2.386172
0.107530 -0.767955 2.183809
0.130769 -0.269101 2.429632
0.123333 -0.728232 2.181322
0.059711 0.040214 0.987532
0.149393 -0.994946 2.293626
0.175307 -0.301308 2.525878
0.071438 0.027020 0.980094
0.152910 -0.824295 1.972120
0.183056 -0.264594 2.325806
0.177292 -0.892218 2.081970
0.179089 -0.676111 1.876012
0.223787 -0.014414 2.318445
0.229123 0.003815 2.309584
0.379398 -0.636224 3.635966
0.247891 -0.291214 2.374816
0.334079 -0.537645 3.186214
0.238054 -0.847863 2.225393
0.252962 0.023352 2.341545
0.907279 -1.827203 8.379545
0.210689 -0.715641 1.921698
0.398192 -0.626597 3.582655
0.218774 -0.651073 1.946321
0.501586 -0.813321 4.368945
0.493884 -0.749144 4.204413
0.295784 0.038570 2.494200
0.487447 -0.701893 4.105886
0.541135 -0.805614 4.542022
0.150843 -0.118369 1.259269
0.539869 -0.832166 4.485204
0.299445 -0.980159 2.467260
0.316668 -0.320187 2.594034
0.534023 -0.717820 4.281931
0.286208 -0.041571 2.282537
0.280587 -0.910790 2.232795
0.335954 -1.124266 2.661777
0.531044 -0.771287 4.200585
0.310884 0.024930 2.415045
0.359497 -1.160535 2.751185
0.325362 -0.317088 2.463998
0.180280 -0.142269 1.361105
0.331272 -1.070112 2.494512
0.477059 -0.613563 3.575890
0.170667 -0.118989 1.267526
0.318059 0.003640 2.331733
0.769584 -1.176487 5.532824
0.333169 0.026425 2.379078
0.281934 -0.713806 1.990802
0.354782 -1.092132 2.499895
0.191182 -0.133343 1.345629
0.330442 -0.974311 2.292512
0.348178 -0.324581 2.392186
0.334860 0.009530 2.271947
0.657870 -0.863533 4.449703
0.515916 -0.623773 3.481679
0.572684 -0.719053 3.840641
0.497146 -0.577723 3.331180
0.497146 -0.577723 3.331180
0.347960 -0.014074 2.314258
0.602484 -0.785236 3.924573
0.408521 -0.353763 2.604587
0.572305 -0.628231 3.643123
0.329922 -0.771521 2.061509
0.573380 -0.628738 3.581520
0.388358 -0.016706 2.403586
0.836612 -1.150663 5.144219
0.588203 -0.649055 3.616282
0.324191 -0.680896 1.968252
0.691153 -0.184072 4.181803
0.397826 -0.021138 2.392989
0.404367 -0.288729 2.416910
0.423646 -0.065996 2.528029
0.423646 -0.065996 2.528029
0.621332 -0.730675 3.662940
0.407160 -0.033463 2.396158
0.433435 -0.395699 2.546121
0.585609 -0.665649 3.417443
0.408952 -1.009620 2.372983
0.424404 -1.083752 2.461699
0.435508 -1.100942 2.526079
0.420090 -0.041152 2.413986
0.420090 -0.041152 2.413986
0.447429 -0.302471 2.563494
0.491110 -1.232269 2.787343
0.477153 -1.195667 2.668879
0.347707 -0.794940 1.937479
0.495156 -1.198441 2.735353
0.402889 -0.854982 2.175871
0.402889 -0.854982 2.175871
0.509853 -1.220636 2.749387
0.309669 -0.162121 1.656941
0.465216 -0.328541 2.486341
0.386254 -0.743685 2.064044
0.251260 -0.088376 1.332861
0.246570 -0.081330 1.307309
0.492881 -0.350897 2.588873
0.420701 -0.776886 2.169114
0.482123 -0.306732 2.470711
0.502605 -0.450108 2.416583
0.448278 -0.868439 2.153230
0.276003 -0.097440 1.324797
0.414610 -0.727054 1.989273
0.447061 -0.331456 2.136157
0.283048 -0.108128 1.344727
0.501278 -0.439869 2.368116
0.519014 -0.994020 2.434893
0.583395 -1.155848 2.724278
0.279527 -0.103855 1.303518
0.501714 -0.423706 2.332330
0.501714 -0.423706 2.332330
0.431026 -0.706387 1.999564
0.594584 -1.183503 2.736476
0.457115 -0.726221 2.082140
0.466296 -0.761627 2.120898
0.513871 -0.426825 2.335109
0.553954 -1.019829 2.516082
0.619628 -1.193662 2.812544
0.355326 -0.443718 1.587639
0.335550 -0.404667 1.493935
0.525773 -0.430399 2.329153
0.362610 -0.472378 1.605590
0.456006 -0.701348 1.998196
0.369861 -0.496447 1.622742
0.595709 -1.062873 2.610278
0.299772 -0.111455 1.306332
0.480278 -0.734002 2.069301
0.417618 -0.577454 1.784103
0.303014 -0.033980 1.294422
0.372670 -0.467255 1.585391
0.379125 -0.465128 1.606838
0.615977 -1.109563 2.598136
0.398238 -0.498565 1.667797
0.497239 -0.737331 2.073372
0.349504 -0.411110 1.445853
0.627906 -1.063608 2.559195
0.380671 -0.344492 1.550557
0.426084 -0.525514 1.731432
0.345254 -0.139282 1.394117
0.654066 -1.116540 2.638873
0.377505 -0.349606 1.520926
0.505165 -0.721177 2.021514
0.588981 -0.900022 2.347739
0.375794 -0.225973 1.483096
0.506900 -0.701663 2.000623
0.554215 -0.793572 2.169661
0.319868 -0.020498 1.251801
0.646926 -1.066372 2.515521
0.455046 -0.600578 1.764967
0.354321 -0.065528 1.374004
0.367678 -0.132331 1.427960
0.386399 -0.365402 1.493225
0.641121 -1.024973 2.465202
0.383788 -0.233739 1.473364
0.372083 -0.137599 1.418740
0.809305 -1.309553 3.082073
0.461572 -0.558140 1.750272
0.554484 -0.731627 2.100015
0.554484 -0.731627 2.100015
1.038115 -1.713885 3.924055
0.565624 -0.852190 2.125129
0.646816 -0.990042 2.417069
0.483763 -0.606609 1.807728
0.466354 -0.544460 1.720362
0.395348 -0.119893 1.455738
0.395348 -0.119893 1.455738
0.405366 -0.347585 1.491186
0.375086 -0.175996 1.370639
0.517756 -0.644951 1.886162
0.510392 -0.628883 1.850159
0.679614 -1.012587 2.461154
0.396646 -0.149522 1.433435
0.511015 -0.611665 1.841047
0.542443 -0.696206 1.954199
0.612644 -0.872403 2.196354
0.502888 -0.608268 1.802160
0.481622 -0.530749 1.722416
0.393787 -0.125355 1.407801
0.486239 -0.546806 1.737624
0.577866 -0.745613 2.064259
0.469129 -0.486946 1.670072
0.956062 -1.470380 3.393350
0.405333 -0.141356 1.437310
0.525433 -0.616296 1.856256
0.398963 -0.127217 1.401540
0.578718 -0.732562 2.031767
0.527939 -0.633441 1.849360
0.549040 -0.690629 1.922720
0.400945 -0.130610 1.401882
0.400945 -0.130610 1.401882
0.531084 -0.624905 1.850347
0.392235 -0.120938 1.364029
0.586520 -0.791289 2.035308
0.524900 -0.590309 1.821079
0.381495 -0.088949 1.320722
0.424662 -0.145901 1.469614
0.570911 -0.723569 1.966535
0.494932 -0.494864 1.694554
0.442641 -0.369168 1.518044
0.648866 -0.904509 2.223177
0.429232 -0.338349 1.464853
0.280522 0.060707 0.955989
0.599965 -0.766419 2.040555
0.599965 -0.766419 2.040555
0.570493 -0.700506 1.935021
0.441997 -0.370123 1.492651
0.497039 -0.470326 1.677769
0.569732 -0.635861 1.913111
0.553341 -0.605772 1.841708
0.470574 -0.165874 1.565281
0.399688 -0.089266 1.326672
1.143825 -1.625825 3.789574
0.397771 -0.089466 1.304575
0.419400 -0.090138 1.374451
0.587249 -0.692732 1.924198
0.592372 -0.653332 1.938532
0.521010 -0.474984 1.699730
0.447162 -0.123271 1.458664
0.454809 -0.133672 1.478040
0.477665 -0.140264 1.551540
0.452033 -0.127570 1.466431
0.592832 -0.581645 1.917270
0.427970 -0.104991 1.380439
0.616828 -0.689656 1.985346
0.494281 -0.435801 1.583565
0.631039 -0.704323 2.004773
0.974282 -1.277368 3.094405
0.572349 -0.588443 1.807185
0.624776 -0.689601 1.969650
0.657675 -0.743353 2.052720
0.677589 -0.753204 2.081747
0.566933 -0.569863 1.741415
0.426372 -0.074519 1.309608
0.687548 -0.731629 2.105751
0.657408 -0.775903 2.008409
0.643241 -0.676895 1.964282
0.482470 -0.144000 1.460305
0.645225 -0.647570 1.948350
0.644248 -0.646699 1.945005
0.457775 -0.363960 1.378720
0.492786 -0.217514 1.479507
0.652087 -0.693390 1.953587
0.408370 -0.006415 1.223053
0.664250 -0.712501 1.988699
0.585445 -0.549125 1.748231
0.495577 -0.159293 1.479709
0.511204 -0.179711 1.517275
0.513055 -0.185799 1.516396
0.462130 -0.327564 1.362811
0.493636 -0.066404 1.454393
0.617508 -0.569869 1.818796
0.637856 -0.625733 1.876761
0.667120 -0.676222 1.956308
0.701161 -0.743095 2.044969
0.607185 -0.549153 1.770014
0.566271 -0.497740 1.647759
0.618181 -0.578655 1.795306
0.426501 -0.093473 1.231532
0.641674 -0.589356 1.857329
0.542455 -0.179014 1.568576
0.640344 -0.618256 1.850114
0.531361 -0.206377 1.534086
0.628820 -0.569584 1.808323
0.639814 -0.626080 1.833694
0.700993 -0.706575 2.008670
0.637163 -0.613889 1.823328
0.649076 -0.615689 1.851624
0.534940 -0.173027 1.520349
0.527384 -0.163676 1.491172
0.688931 -0.670381 1.930956
0.684305 -0.677991 1.909314
0.569855 -0.211003 1.575765
0.569855 -0.211003 1.575765
0.438966 -0.106541 1.210352
0.692200 -0.656107 1.900503
0.664303 -0.618921 1.818180
0.583860 -0.199773 1.594868
0.586260 -0.190351 1.587859
0.451816 -0.105657 1.215066
1.176224 -1.353347 3.162253
0.447392 -0.097923 1.192849
0.596857 -0.220762 1.574149
0.501887 -0.098136 1.313538
0.732196 -0.674590 1.900018
0.692605 -0.607152 1.789312
0.902888 -0.976770 2.331599
0.709999 -0.630345 1.827045
1.103284 -1.221976 2.838662
0.733173 -0.641881 1.882714
0.663169 -0.566086 1.706672
0.498039 -0.071241 1.268861
0.772522 -0.697136 1.967234
1.609178 -1.782691 4.070735
0.738378 -0.643207 1.866476
0.683933 -0.242216 1.720719
0.743914 -0.621967 1.866813
0.717929 -0.593433 1.796189
0.728932 -0.594623 1.823431
0.874515 -0.870397 2.185896
1.609682 -1.747151 4.005257
0.673749 -0.210255 1.666570
0.645198 -0.224301 1.591826
0.737037 -0.609077 1.813090
0.449037 -0.101942 1.104349
0.635668 -0.239711 1.562758
0.470186 -0.101533 1.153650
0.550393 -0.103402 1.344716
0.746227 -0.609198 1.822676
0.668994 -0.235619 1.622845
0.798159 -0.659326 1.931589
0.626896 -0.187684 1.516513
0.705122 -0.230153 1.701311
1.349805 -1.387774 3.249617
0.684389 -0.242112 1.638521
0.501915 -0.357623 1.195811
1.058810 -0.982359 2.521202
0.539788 -0.084756 1.283310
0.729418 -0.296774 1.729183
1.184922 -1.162143 2.805723
0.535754 -0.097489 1.267860
0.676399 -0.240211 1.597707
0.798292 -0.636410 1.880815
0.698935 -0.237760 1.644679
0.499339 -0.109548 1.172961
1.214460 -1.164255 2.832520
0.714498 -0.265098 1.664793
1.206774 -1.083595 2.809201
0.768154 -0.576015 1.779402
1.338662 -1.292322 3.093164
1.244095 -1.171751 2.852922
0.713139 -0.233572 1.626582
0.576264 -0.267256 1.310716
0.728088 -0.262633 1.653333
0.737417 -0.566686 1.674137
0.732484 -0.259260 1.661791
0.818689 -0.633638 1.838995
1.090268 -0.961154 2.448719
1.057993 -0.906062 2.366995
0.785707 -0.264832 1.757545
0.750892 -0.253176 1.679928
0.719883 -0.542921 1.604865
1.169104 -1.026740 2.606596
0.592922 -0.142282 1.319925
1.071353 -0.889065 2.376692
0.588552 -0.379209 1.302941
0.728479 -0.516368 1.598120
0.583545 -0.361863 1.280049
1.222356 -1.140985 2.678071
0.788783 -0.271591 1.719843
0.758974 -0.264051 1.651864
1.304668 -1.235261 2.839317
0.588658 -0.095288 1.274964
0.801394 -0.597887 1.719883
0.896730 -0.336887 1.912065
0.800867 -0.266471 1.702857
0.807200 -0.256163 1.707798
0.610267 -0.365341 1.286391
0.805681 -0.243813 1.687809
0.773117 -0.229607 1.597344
0.850101 -0.265597 1.756388
0.632392 -0.111843 1.304694
0.816596 -0.244755 1.682197
0.644904 -0.100656 1.324073
1.122971 -0.916286 2.286544
1.253481 -1.062688 2.543453
1.434352 -1.228952 2.904994
0.840637 -0.545446 1.694016
0.660978 -0.104282 1.331241
0.839528 -0.261980 1.680557
0.656805 -0.102011 1.313688
0.845416 -0.284322 1.677877
0.840861 -0.277461 1.665429
1.397492 -1.179674 2.761757
0.860276 -0.270350 1.692061
1.148097 -0.856306 2.257490
0.659133 -0.094303 1.283331
0.958639 -0.310337 1.863343
1.622886 -1.361163 3.139989
1.259122 -0.889012 2.434042
0.947588 -0.314101 1.818842
0.910201 -0.297371 1.742526
0.882595 -0.281348 1.686263
0.701473 -0.113311 1.338718
0.903624 -0.317363 1.723150
0.957004 -0.326273 1.814584
1.911554 -1.436509 3.614906
1.850466 -1.378218 3.495183
0.967110 -0.313213 1.821800
1.722602 -1.307916 3.232561
0.948211 -0.320792 1.765782
1.477458 -0.971447 2.750085
0.754424 -0.144909 1.402828
1.895059 -1.376861 3.518283
1.895059 -1.376861 3.518283
0.936954 -0.291606 1.738749
2.216255 -1.668268 4.104531
0.633801 -0.129318 1.173481
0.745230 -0.124766 1.377587
1.550112 -0.977432 2.864797
0.992746 -0.324636 1.828840
2.192633 -1.598266 3.960995
1.830151 -1.351860 3.304057
0.745288 -0.116791 1.344254
1.497607 -0.850488 2.695107
1.021942 -0.353009 1.833944
1.782076 -1.152014 3.196449
2.252538 -1.657119 4.026040
1.956715 -1.198117 3.494850
0.713557 -0.114581 1.273922
1.919150 -1.341025 3.424110
1.471341 -0.787036 2.622066
1.871035 -1.289318 3.332453
1.871035 -1.289318 3.332453
1.587820 -0.922603 2.822553
1.734337 -1.103730 3.079861
1.013659 -0.334396 1.796856
0.956902 -0.293578 1.692159
1.712826 -0.983524 3.006505
1.354429 -0.661363 2.375202
1.634335 -0.877010 2.861537
1.012705 -0.336326 1.773077
1.715792 -1.008214 2.991335
1.731019 -0.951648 3.001977
1.537130 -0.816107 2.658140
1.508559 -0.729823 2.607461
1.560716 -0.770964 2.694986
1.071029 -0.391896 1.842335
1.643130 -0.936961 2.809377
1.057122 -0.365975 1.799827
0.751554 -0.117794 1.278952
1.609816 -0.924861 2.739086
1.039117 -0.336646 1.766363
1.608650 -0.940531 2.726401
1.279953 -0.647281 2.167432
1.393075 -0.635933 2.357366
1.486848 -0.685988 2.512256
1.627605 -0.921404 2.749386
1.822639 -1.087801 3.075596
1.361771 -0.620810 2.293919
1.037247 -0.341059 1.739648
0.677211 -0.154684 1.128180
0.600663 -0.066528 0.995871
1.648131 -0.900158 2.728098
1.690828 -1.030950 2.798633
1.745321 -1.024962 2.886963
1.068411 -0.357581 1.766138
1.101991 -0.348646 1.821044
1.779115 -1.033555 2.910824
1.092091 -0.331388 1.782294
1.549323 -0.850117 2.527164
1.177244 -0.391257 1.916324
1.803026 -1.049479 2.929891
1.791103 -1.020735 2.903693
1.127968 -0.342398 1.826739
1.623476 -0.844572 2.592154
1.671240 -0.920062 2.667857
1.637515 -0.976006 2.609603
1.162285 -0.370800 1.848348
1.250892 -0.409084 1.984705
1.185848 -0.368020 1.871986
1.907560 -1.228055 2.996741
2.029944 -1.258946 3.184154
2.029944 -1.258946 3.184154
1.212646 -0.375197 1.876357
1.212646 -0.375197 1.876357
1.097179 -0.323399 1.688259
1.745538 -0.982089 2.680649
1.652704 -0.948107 2.516662
1.159585 -0.368333 1.752513
1.462442 -0.797611 2.210227
1.558671 -0.937751 2.336156
1.208490 -0.390293 1.789433
1.289567 -0.436452 1.894418
1.370124 -0.484605 1.997118
0.849716 -0.397182 1.217574
1.297771 -0.766394 1.850912
0.802073 -0.402389 1.143622
1.278639 -0.743516 1.804231
1.048192 -0.565626 1.460434
0.835798 -0.401394 1.153713
0.885371 -0.340356 1.221052
0.937341 -0.495916 1.284198
0.718998 -0.168979 0.974092
0.943060 -0.478812 1.258383
0.881695 -0.419502 1.155763
0.919007 -0.458619 1.202694
0.981645 -0.519531 1.282203
0.992680 -0.540263 1.263354
0.902442 -0.426920 1.135401
0.933304 -0.461716 1.171409
0.687067 -0.158738 0.856385
-0.420013 -0.131791 0.593236
-0.404855 -0.180513 0.610937
-0.416275 -0.215619 0.638078
-0.389807 -0.134213 0.594435
-0.405802 -0.181850 0.637580
-0.403908 -0.204530 0.642846
-0.400922 -0.203387 0.638064
-0.389791 -0.215581 0.655981
-0.556999 -0.411964 1.003690
-0.556162 -0.411559 1.016235
-0.538206 -0.395563 0.983117
-0.524784 -0.397540 0.989519
-0.519560 -0.367055 0.977476
-0.466694 -0.294597 0.865957
-0.507223 -0.376036 0.961654
-0.537015 -0.420250 1.033452
-0.353581 -0.127836 0.634084
-0.441561 -0.273713 0.840989
-0.342336 -0.154527 0.641036
-0.507535 -0.401814 1.037752
-0.493640 -0.388071 1.011652
-0.344197 -0.011312 0.652871
-0.420788 -0.253344 0.872470
-0.452410 -0.346810 0.958282
-0.419459 -0.264075 0.872468
-0.404080 -0.237896 0.835146
-0.344420 -0.008420 0.663431
-0.418428 -0.272103 0.873637
-0.467391 -0.387406 1.008247
-0.357903 0.041803 0.693411
-0.418383 -0.283143 0.888875
-0.418383 -0.283143 0.888875
-0.401517 -0.239032 0.846022
-0.401517 -0.239032 0.846022
-0.408060 -0.263678 0.865540
-0.325699 -0.085743 0.655569
-0.326547 -0.072425 0.658390
-0.319940 -0.007073 0.631766
-0.463031 -0.390846 1.029820
-0.477094 -0.384875 1.063179
-0.394607 -0.281168 0.863072
-0.402751 -0.260035 0.889465
-0.336944 0.011172 0.694365
-0.396440 -0.271472 0.895493
-0.416718 -0.390706 0.978863
-0.429565 -0.349936 1.012658
-0.429565 -0.349936 1.012658
-0.431789 -0.337754 1.019884
-0.315931 0.045262 0.670945
-0.367755 -0.243808 0.856161
-0.337328 0.014965 0.731925
-0.374830 -0.258224 0.878241
-0.312738 0.054097 0.671005
-0.362339 -0.272652 0.880231
-0.310603 0.060992 0.694108
-0.309542 0.034463 0.705819
-0.288532 0.008389 0.660464
-0.297219 -0.018815 0.689316
-0.297219 -0.018815 0.689316
-0.411360 -0.358369 1.057238
-0.313856 0.040120 0.721931
-0.389701 -0.357002 1.024904
-0.399932 -0.346684 1.057864
-0.399932 -0.346684 1.057864
-0.278307 0.063911 0.646772
-0.332894 -0.259508 0.865349
-0.332894 -0.259508 0.865349
-0.298528 0.016106 0.729595
-0.373479 -0.326966 1.014336
-0.383728 -0.361775 1.051115
-0.383706 -0.369675 1.054000
-0.398012 -0.358850 1.100300
-0.338060 -0.250257 0.912865
-0.291640 0.014722 0.733387
-0.307541 0.009447 0.784738
-0.322693 -0.240467 0.891089
-0.333170 -0.246314 0.935423
-0.272925 0.057240 0.700899
-0.360764 -0.326118 1.050351
-0.276843 0.015730 0.729853
-0.362578 -0.341074 1.068318
-0.349339 -0.305650 1.031758
-0.308585 -0.234607 0.922739
-0.343897 -0.326427 1.082245
-0.343897 -0.326427 1.082245
-0.335497 -0.307182 1.061644
-0.291697 -0.232274 0.918368
-0.260846 0.011647 0.761713
-0.260846 0.011647 0.761713
-0.283418 -0.226061 0.900338
-0.286733 -0.211339 0.909027
-0.317145 -0.311924 1.034727
-0.337968 -0.320648 1.115423
-0.247002 -0.035921 0.761543
-0.236496 -0.005580 0.721193
-0.352935 -0.391997 1.225548
-0.367584 -0.440502 1.291192
-0.363348 -0.447623 1.289794
-0.353622 -0.412770 1.253698
-0.350871 -0.462641 1.280765
-0.335509 -0.409956 1.237908
-0.330311 -0.395310 1.223771
-0.332028 -0.399130 1.250409
-0.332028 -0.399130 1.250409
-0.318244 -0.374197 1.231720
-0.318244 -0.374197 1.231720
-0.306706 -0.405639 1.230412
-0.322544 -0.448822 1.318658
-0.277740 -0.359521 1.231217
-0.277740 -0.359521 1.231217
-0.275573 -0.395458 1.241267
-0.268393 -0.373405 1.218466
-0.258200 -0.312610 1.164842
-0.255285 -0.282066 1.155539
-0.263260 -0.301510 1.217987
-0.245441 -0.295690 1.156202
-0.245808 -0.272797 1.157827
-0.253779 -0.387067 1.261960
-0.242860 -0.343289 1.204533
-0.247259 -0.357020 1.249591
-0.248376 -0.414201 1.278330
-0.251162 -0.378845 1.312370
-0.246840 -0.408339 1.306804
-0.230158 -0.365663 1.259327
-0.220290 -0.307139 1.208471
-0.210873 -0.290279 1.177238
-0.218174 -0.273272 1.225536
-0.196717 -0.353402 1.208397
-0.202402 -0.368960 1.248696
-0.193339 -0.314634 1.193165
-0.196692 -0.355997 1.252596
-0.196692 -0.355997 1.252596
-0.194112 -0.376441 1.266664
-0.194112 -0.376441 1.266664
-0.174288 -0.187640 1.080601
-0.185768 -0.296880 1.231910
-0.173943 -0.273126 1.146929
-0.178491 -0.272886 1.177451
-0.182429 -0.323123 1.229604
-0.186966 -0.380835 1.319218
-0.182110 -0.381102 1.286818
-0.163632 -0.188516 1.100164
-0.168829 -0.315943 1.203684
-0.154261 -0.263943 1.151889
-0.152557 -0.298978 1.170085
-0.147706 -0.185045 1.102488
-0.149222 -0.277629 1.218541
-0.143646 -0.195421 1.162972
-0.136867 -0.263740 1.185155
-0.138480 -0.316653 1.240448
-0.133502 -0.193268 1.139140
-0.126239 -0.240845 1.141152
-0.122494 -0.264952 1.143645
-0.119269 -0.189409 1.142734
-0.109344 -0.189864 1.141513
-0.103910 -0.188743 1.166596
-0.097815 -0.197500 1.171870
-0.097815 -0.197500 1.171870
-0.090155 -0.196061 1.204434
-0.088284 -0.208778 1.191249
-0.079258 -0.209105 1.224471
-0.074869 -0.194990 1.219944
-0.061623 -0.182136 1.127067
-0.055046 -0.203132 1.175826
-0.023650 -0.109187 0.881764
-0.015991 -0.118417 0.926551
-0.014477 -0.088761 0.862994
0.003076 -0.093988 0.879456
0.010608 -0.101813 0.912340
0.014258 -0.121480 0.878604
0.015418 -0.078927 0.856414
0.019104 -0.071621 0.837823
0.024142 -0.099528 0.870012
0.025840 -0.087046 0.831643
0.026878 -0.067298 0.840117
0.102777 -0.407078 1.439743
0.101066 -0.376933 1.410842
0.101066 -0.376933 1.410842
0.113244 -0.440449 1.405716
0.126721 -0.482521 1.465035
0.117819 -0.357557 1.390407
0.133853 -0.457683 1.427156
0.144073 -0.439967 1.476265
0.141318 -0.453890 1.415968
0.155371 -0.482269 1.475146
0.157539 -0.464529 1.479704
0.153617 -0.468187 1.393622
0.153617 -0.468187 1.393622
0.153617 -0.468187 1.393622
0.150057 -0.298285 1.407671
0.164884 -0.416013 1.452980
0.164884 -0.416013 1.452980
0.158024 -0.278672 1.360107
0.179089 -0.450271 1.491724
0.169206 -0.341915 1.427247
0.151915 -0.214776 1.284607
0.175383 -0.344519 1.447536
0.169881 -0.324507 1.377350
0.169881 -0.324507 1.377350
0.174400 -0.214414 1.299807
0.198397 -0.320027 1.426250
0.190642 -0.203238 1.275869
0.217155 -0.336206 1.428215
0.209663 -0.304286 1.377081
0.190398 -0.193188 1.250619
0.198367 -0.207466 1.301671
0.202609 -0.235629 1.316468
0.201487 -0.193359 1.300435
0.194144 -0.195303 1.241497
0.194144 -0.195303 1.241497
0.199837 -0.194684 1.277241
0.208379 -0.231385 1.314177
0.228799 -0.211511 1.324703
0.246827 -0.210582 1.301898
0.207803 -0.087097 1.042290
0.220770 -0.098784 1.057270
0.211379 -0.064638 1.012847
0.216988 -0.098444 1.020867
0.239884 -0.107910 1.069449
0.244762 -0.106166 1.067469
0.239655 -0.105534 1.040173
0.251906 -0.128456 1.081055
0.237784 -0.035169 1.015423
0.260456 -0.108302 1.053957
0.265183 -0.183693 1.065477
0.278227 -0.061699 1.077136
0.278652 -0.030699 1.069000
0.287681 -0.126648 1.082121
0.295587 -0.156535 1.070059
0.302401 -0.136218 1.078337
0.299428 -0.122074 1.048616
0.302498 -0.111256 1.041542
0.316916 -0.125984 1.080906
0.323352 -0.135907 1.095728
0.326776 -0.098504 1.099761
0.326888 -0.177391 1.078351
0.324699 -0.099497 1.071915
0.291819 -0.012770 0.959897
0.345414 -0.169057 1.127801
0.344090 -0.136030 1.115596
0.314127 -0.077428 1.016075
0.346795 -0.132198 1.119625
0.318236 -0.087481 1.018741
0.344687 -0.119776 1.105599
0.345663 -0.116024 1.107644
0.317517 -0.083158 1.014634
0.323911 -0.011533 1.030713
0.349645 -0.148248 1.100860
0.363801 -0.121111 1.127740
0.322178 -0.052153 0.981712
0.365348 -0.171514 1.094930
0.362383 -0.153912 1.083984
0.362383 -0.153912 1.083984
0.367214 -0.165960 1.089957
0.329602 -0.043144 0.973917
0.336784 -0.011078 0.990982
0.388030 -0.153925 1.123004
0.403961 -0.171941 1.162058
0.393975 -0.173301 1.121076
0.398045 -0.155555 1.124268
0.400883 -0.148038 1.121102
0.404362 -0.159621 1.120411
0.413496 -0.165189 1.142817
0.374362 -0.057755 1.021354
0.442341 -0.166081 1.164658
0.396798 -0.124740 1.022266
0.421829 -0.068024 1.053143
0.485252 -0.196865 1.213004
0.459811 -0.178079 1.138765
0.436691 -0.083473 1.059025
0.418012 -0.089601 1.003062
0.499937 -0.205544 1.206917
0.427547 -0.075435 1.025568
0.427547 -0.075435 1.025568
0.434887 -0.074004 1.043075
0.429643 -0.078110 1.028143
0.416399 -0.121425 0.985611
0.495295 -0.202333 1.180904
0.501412 -0.189761 1.188821
0.500154 -0.207062 1.176600
0.503129 -0.224729 1.177384
0.506474 -0.190614 1.178801
0.504490 -0.192979 1.172094
0.445338 -0.083148 1.021608
0.446903 -0.076687 1.019185
0.516168 -0.206388 1.179209
0.516168 -0.206388 1.179209
0.521156 -0.211800 1.183463
0.469925 -0.089943 1.047902
0.471768 -0.085567 1.047012
0.520847 -0.188732 1.140710
0.540280 -0.215096 1.161899
0.625623 -0.216672 1.249724
0.642354 -0.230237 1.236012
0.645090 -0.251472 1.216898
0.670826 -0.234008 1.221553
0.686907 -0.260322 1.231302
0.692766 -0.242031 1.238139
0.708788 -0.257014 1.251888
0.711252 -0.261732 1.249696
0.708191 -0.240942 1.241440
0.728676 -0.296640 1.276937
0.698389 -0.259741 1.210735
0.698025 -0.265741 1.206370
0.741900 -0.290088 1.266875
0.777052 -0.288433 1.258238
0.762586 -0.281599 1.211007
0.802038 -0.282871 1.237821
-0.189382 -0.124827 0.343425
-0.181117 -0.141053 0.332300
-0.190487 -0.137797 0.348336
-0.182930 -0.116980 0.339564
-0.173734 -0.133178 0.334491
-0.177899 -0.146233 0.343071
-0.171563 -0.156798 0.347259
-0.173058 -0.140634 0.350822
-0.167386 -0.135348 0.359209
-0.163437 -0.157090 0.354444
-0.162963 -0.137290 0.369338
-0.157125 -0.138458 0.366102
-0.064675 -0.095430 0.206932
-0.145691 -0.128797 0.379512
-0.147373 -0.123645 0.392017
-0.074326 -0.103316 0.238187
-0.142917 -0.131043 0.393552
-0.139508 -0.148590 0.399578
-0.129536 -0.133650 0.407626
-0.121719 -0.166265 0.389968
-0.122972 -0.167166 0.396412
-0.111988 -0.138999 0.372341
-0.126299 -0.141008 0.411850
-0.124604 -0.135171 0.407873
-0.115849 -0.158549 0.389175
-0.099185 -0.125876 0.370010
-0.117485 -0.146762 0.432881
-0.111584 -0.129443 0.417591
-0.105349 -0.142871 0.406347
-0.105566 -0.132488 0.407207
-0.105566 -0.132488 0.407207
-0.104477 -0.147459 0.409314
-0.100484 -0.160247 0.405813
-0.103403 -0.138273 0.418617
-0.074764 -0.131478 0.334956
-0.103295 -0.113437 0.421954
-0.101211 -0.108890 0.425488
-0.099295 -0.072744 0.643026
-0.062190 -0.178396 0.468929
-0.068447 -0.064278 0.513356
-0.057539 -0.154920 0.484993
-0.057092 -0.156937 0.504869
-0.059754 -0.063576 0.524473
-0.055199 -0.062557 0.503799
-0.054209 -0.154356 0.497144
-0.053485 -0.078325 0.506143
-0.050352 -0.186553 0.493038
-0.058789 -0.060236 0.550291
-0.049825 -0.191865 0.492821
-0.054221 -0.161347 0.527962
-0.050613 -0.158885 0.505730
-0.048499 -0.053560 0.503487
-0.064835 -0.072946 0.607875
-0.058920 -0.037837 0.586762
-0.043332 -0.194086 0.493130
-0.055144 -0.188986 0.582407
-0.072543 -0.211116 0.713037
-0.042362 -0.071481 0.511070
-0.041350 -0.169129 0.499231
-0.040757 -0.170029 0.498834
-0.066669 -0.198604 0.685668
-0.041568 -0.158362 0.507429
-0.039715 -0.071957 0.512333
-0.037970 -0.166568 0.506372
-0.061464 -0.065852 0.709706
-0.054868 -0.077328 0.647957
-0.042503 -0.085170 0.583776
-0.028359 -0.093410 0.530033
-0.030937 -0.045741 0.596601
-0.030328 -0.031363 0.608616
-0.029279 -0.072353 0.598740
-0.019599 -0.052857 0.521599
-0.013601 -0.075282 0.504885
-0.013962 -0.078602 0.510851
-0.011883 -0.079236 0.519065
-0.002035 -0.090704 0.503780
0.001639 -0.054387 0.511528
-0.004805 -0.094215 0.643589
-0.007293 -0.049941 0.687511
0.003760 -0.044300 0.498731
0.003279 -0.077527 0.518332
0.014583 -0.163740 0.473174
0.020181 -0.174803 0.483443
0.034020 -0.130970 0.464041
0.034068 -0.143430 0.403289
0.034373 -0.146333 0.472730
0.035259 -0.182004 0.474998
0.039618 -0.177729 0.467938
0.040442 -0.156862 0.468994
0.040706 -0.166503 0.399544
0.042601 -0.166721 0.474365
0.042601 -0.166721 0.474365
0.043282 -0.156140 0.471691
0.046261 -0.152012 0.474615
0.056532 -0.138675 0.390103
0.057775 -0.123802 0.388030
0.066330 -0.138910 0.466971
0.065024 -0.152325 0.431331
0.071481 -0.154123 0.413924
0.078914 -0.182800 0.492653
0.078521 -0.157352 0.468862
0.079126 -0.144312 0.466755
0.072726 -0.141879 0.383956
0.094181 -0.204221 0.501658
0.094728 -0.183566 0.458532
0.095725 -0.168518 0.451888
0.101828 -0.186525 0.501752
0.104771 -0.182211 0.502382
0.105704 -0.187662 0.496529
0.092566 -0.169736 0.395009
0.096262 -0.172444 0.396597
0.117054 -0.204542 0.502864
0.100646 -0.168704 0.383498
0.120344 -0.198683 0.494616
0.120008 -0.199625 0.492369
0.120911 -0.194848 0.489868
0.100804 -0.134463 0.366948
0.109981 -0.146978 0.395400
0.128822 -0.174928 0.493842
0.109019 -0.138361 0.368734
0.112068 -0.159573 0.383479
0.134908 -0.170424 0.483983
0.126389 -0.170445 0.429416
0.108826 -0.122839 0.343738
0.111435 -0.110249 0.350141
0.141566 -0.169501 0.479793
0.152575 -0.163850 0.491894
0.154252 -0.176982 0.488298
0.158116 -0.141204 0.488339
0.156010 -0.121127 0.459151
0.158167 -0.144911 0.470132
0.113861 -0.115426 0.291834
0.119003 -0.095394 0.280960
0.147278 -0.127718 0.339130
0.185088 -0.146434 0.444546
0.192555 -0.160726 0.459197
0.188870 -0.127268 0.440370
0.199534 -0.144681 0.449443
0.203571 -0.165835 0.460590
0.209379 -0.166704 0.450583
0.210209 -0.154089 0.439948
0.214573 -0.149634 0.433804
-0.114327 -0.132241 0.345609
-0.103422 -0.122030 0.331702
-0.102764 -0.123219 0.343888
-0.104207 -0.099672 0.348207
-0.094034 -0.126057 0.347714
-0.088658 -0.118017 0.352246
-0.085778 -0.121049 0.355050
-0.085993 -0.129845 0.360541
-0.084749 -0.121452 0.361139
-0.081322 -0.103463 0.359587
-0.078892 -0.097085 0.354261
-0.084930 -0.101409 0.379008
-0.077581 -0.117945 0.362667
-0.075237 -0.108354 0.375611
-0.068362 -0.116958 0.390068
-0.067927 -0.113563 0.389066
-0.118376 -0.147006 0.583452
-0.097558 -0.142558 0.578811
-0.097558 -0.142558 0.578811
-0.048113 -0.119171 0.384535
-0.048482 -0.062034 0.405277
-0.048801 -0.064503 0.407734
-0.045149 -0.068627 0.405532
-0.056445 -0.124073 0.467858
-0.044365 -0.085614 0.409789
-0.043061 -0.144949 0.412641
-0.038430 -0.051538 0.402914
-0.042579 -0.047118 0.456967
-0.034981 -0.145430 0.413087
-0.077255 -0.069437 0.696876
-0.060980 -0.060088 0.608172
-0.030022 -0.149471 0.422694
-0.028872 -0.067684 0.422313
-0.026463 -0.134187 0.409373
-0.026312 -0.063318 0.414205
-0.024538 -0.052425 0.407068
-0.046519 -0.030360 0.576685
-0.025540 -0.147807 0.426374
-0.023995 -0.055757 0.425143
-0.022899 -0.155264 0.425321
-0.032792 -0.031319 0.533455
-0.012215 -0.079301 0.417520
-0.024425 -0.046354 0.540205
-0.034048 -0.024403 0.633834
-0.010216 -0.064608 0.420287
-0.009979 -0.079781 0.423526
-0.008296 -0.052598 0.411252
-0.008686 -0.078874 0.426434
-0.008054 -0.077857 0.492324
0.004476 -0.043448 0.419582
0.006209 -0.053660 0.423497
0.008241 -0.049629 0.423113
0.009090 -0.071835 0.423186
0.014101 -0.077013 0.422249
0.002221 -0.183107 0.660675
0.017041 -0.062406 0.408424
0.017216 -0.085725 0.442399
0.016525 -0.151557 0.429423
0.015671 -0.179088 0.452789
0.025117 -0.115835 0.426434
0.028218 -0.111086 0.431121
0.033397 -0.137593 0.375606
0.036028 -0.118984 0.431825
0.036168 -0.216197 0.526358
0.036327 -0.159349 0.434697
0.038541 -0.186929 0.444697
0.042976 -0.165869 0.441683
0.042976 -0.165869 0.441683
0.044279 -0.204658 0.508528
0.046204 -0.150068 0.467351
0.052628 -0.138446 0.431423
0.057774 -0.208527 0.530370
0.056533 -0.156555 0.446393
0.065078 -0.225275 0.562157
0.058807 -0.150170 0.436111
0.059190 -0.178760 0.441121
0.059940 -0.133484 0.431921
0.064885 -0.153905 0.436824
0.065380 -0.144289 0.434500
0.065731 -0.144500 0.438012
0.070964 -0.176303 0.458363
0.070964 -0.176303 0.458363
0.067040 -0.131249 0.366353
0.076077 -0.137904 0.439255
0.077011 -0.176464 0.456192
0.079129 -0.129135 0.435474
0.082176 -0.192133 0.453018
0.089235 -0.201158 0.462245
0.091010 -0.171568 0.454935
0.091997 -0.150769 0.442084
0.093160 -0.195406 0.450524
0.096830 -0.170598 0.459512
0.108734 -0.194377 0.521358
0.101338 -0.200606 0.459962
0.102038 -0.176707 0.456469
0.108046 -0.178940 0.486829
0.104763 -0.166716 0.454346
0.102984 -0.147612 0.435798
0.107542 -0.196785 0.462629
0.106212 -0.146366 0.437672
0.107859 -0.194521 0.454789
0.117435 -0.208581 0.500622
0.110632 -0.191369 0.453101
0.112105 -0.165005 0.445431
0.117007 -0.196671 0.463201
0.118842 -0.162661 0.442941
0.120560 -0.199560 0.457552
0.119379 -0.166835 0.430540
0.126565 -0.192506 0.453505
0.129243 -0.126355 0.437670
0.129547 -0.180130 0.447922
0.133117 -0.200753 0.464295
0.133311 -0.189668 0.459358
0.133985 -0.157506 0.450889
0.131221 -0.152004 0.438281
0.131930 -0.125865 0.435870
0.133329 -0.171521 0.449657
0.135939 -0.201148 0.464579
0.134585 -0.176210 0.452728
0.135868 -0.201080 0.461038
0.133623 -0.154057 0.441304
0.134384 -0.193684 0.451466
0.134302 -0.172345 0.447028
0.135720 -0.167917 0.449355
0.118661 -0.142295 0.374238
0.136472 -0.191265 0.451621
0.137402 -0.176945 0.451039
0.135418 -0.172162 0.435380
0.116650 -0.123247 0.351396
0.138352 -0.145750 0.438004
0.140023 -0.164276 0.444372
0.117111 -0.121133 0.347379
0.141492 -0.176739 0.447275
0.141492 -0.176739 0.447275
0.137710 -0.122992 0.422787
0.141760 -0.163997 0.445222
0.124916 -0.135659 0.374513
0.143969 -0.168726 0.442826
0.144692 -0.160519 0.442194
0.144051 -0.141610 0.435322
0.145274 -0.156112 0.439504
0.111924 -0.106394 0.309839
0.145858 -0.140473 0.435078
0.116106 -0.102501 0.319722
0.113489 -0.099121 0.307599
0.145831 -0.114753 0.421501
0.147649 -0.120855 0.426571
0.147450 -0.144203 0.429810
0.146615 -0.181145 0.430503
0.150137 -0.124411 0.418066
0.165904 -0.193036 0.440254
0.164844 -0.142980 0.424734
0.164645 -0.177933 0.428649
0.171879 -0.195392 0.445880
0.178165 -0.196712 0.445408
0.140721 -0.136712 0.318751
0.180883 -0.146463 0.424459
0.127933 -0.096711 0.273463
0.180751 -0.137417 0.415946
0.188581 -0.190676 0.444419
0.183765 -0.130763 0.411509
0.183136 -0.130233 0.409231
0.188128 -0.155609 0.422921
0.129051 -0.092200 0.263690
0.183730 -0.107727 0.402267
0.190029 -0.181283 0.427821
0.187716 -0.137138 0.414112
0.191566 -0.164889 0.422864
0.190337 -0.146447 0.416355
0.197548 -0.193411 0.433588
0.135225 -0.106002 0.267156
0.199831 -0.180537 0.431352
0.145144 -0.122553 0.287388
0.146670 -0.116116 0.286207
0.200478 -0.165100 0.416284
0.203266 -0.165053 0.419501
0.204270 -0.144026 0.409067
0.209407 -0.133800 0.415621
0.205567 -0.140365 0.407859
0.207858 -0.139837 0.404613
0.213256 -0.174419 0.416289
0.209660 -0.151644 0.404545
0.213804 -0.140754 0.405874
0.216014 -0.154727 0.400997
0.213838 -0.125630 0.391461
0.224523 -0.169290 0.416549
0.226767 -0.186087 0.413086
0.220456 -0.148708 0.394166
0.228556 -0.163925 0.404525
0.222205 -0.147172 0.388485
0.222405 -0.149451 0.386424
0.230218 -0.156586 0.401397
0.232179 -0.158940 0.404911
0.222632 -0.151595 0.381391
0.236284 -0.155643 0.399062
0.236758 -0.158251 0.398057
0.235593 -0.152296 0.394531
0.237119 -0.153173 0.396762
0.234931 -0.158489 0.392372
0.241252 -0.149779 0.383636
0.243110 -0.148893 0.384710
0.257405 -0.177157 0.382095
0.257095 -0.176939 0.381476
0.254461 -0.148613 0.370455
0.253002 -0.168334 0.369336
0.256610 -0.139133 0.367383
0.264884 -0.183220 0.384369
0.260010 -0.173741 0.369493
0.259275 -0.149805 0.365249
0.264073 -0.172385 0.372015
0.264142 -0.178590 0.371771
0.261876 -0.162377 0.365139
0.276268 -0.136916 0.351565
0.277609 -0.171027 0.356925
0.274626 -0.170421 0.349563
0.270787 -0.136782 0.329258
0.277022 -0.169775 0.341186
0.272448 -0.153674 0.331379
0.275792 -0.154313 0.329541
-0.263262 -0.136625 0.383737
-0.246236 -0.148855 0.372361
-0.249511 -0.129880 0.385194
-0.238092 -0.151864 0.381052
-0.249714 -0.142352 0.398267
-0.241043 -0.160127 0.388761
-0.231180 -0.130106 0.382158
-0.238963 -0.167589 0.394673
-0.238963 -0.120822 0.395887
-0.239974 -0.143025 0.419156
-0.225824 -0.168625 0.419224
-0.225824 -0.168625 0.419224
-0.224771 -0.150164 0.424441
-0.224980 -0.186337 0.436193
-0.221395 -0.162804 0.430237
-0.217554 -0.140286 0.428542
-0.223301 -0.185979 0.452968
-0.223301 -0.185979 0.452968
-0.221437 -0.159272 0.451318
-0.213986 -0.152578 0.446377
-0.195837 -0.161226 0.474920
-0.195041 -0.160397 0.473891
-0.194392 -0.163176 0.473415
-0.199431 -0.152158 0.484594
-0.192101 -0.192361 0.476868
-0.194997 -0.144151 0.489936
-0.186338 -0.163048 0.481420
-0.190589 -0.152841 0.494620
-0.177451 -0.161473 0.500161
-0.174526 -0.156905 0.512043
-0.171561 -0.160409 0.507354
-0.169689 -0.176024 0.513083
-0.169734 -0.165561 0.514798
-0.164934 -0.197539 0.514711
-0.160031 -0.154142 0.513371
-0.160659 -0.167076 0.520623
-0.159756 -0.189534 0.530938
-0.159756 -0.189534 0.530938
-0.150321 -0.156522 0.507794
-0.138309 -0.154076 0.512123
-0.143269 -0.163107 0.527150
-0.144858 -0.152439 0.534039
-0.152841 -0.178448 0.557337
-0.148798 -0.167362 0.546727
-0.138097 -0.179393 0.547299
-0.138471 -0.169055 0.551211
-0.096660 -0.082218 0.598985
-0.091445 -0.092750 0.591439
-0.087191 -0.072723 0.596515
-0.089095 -0.220873 0.611118
-0.082235 -0.202025 0.614819
-0.079065 -0.185750 0.620993
-0.077941 -0.189714 0.616880
-0.071535 -0.057809 0.597168
-0.073227 -0.065465 0.609662
-0.073415 -0.089044 0.609181
-0.073415 -0.089044 0.609181
-0.075875 -0.181848 0.618867
-0.072374 -0.095762 0.613247
-0.071642 -0.182210 0.629340
-0.063203 -0.052331 0.592980
-0.064772 -0.096797 0.608734
-0.064778 -0.087907 0.610015
-0.067866 -0.074390 0.632264
-0.068122 -0.223569 0.619774
-0.063821 -0.093090 0.612364
-0.067554 -0.230816 0.622592
-0.066341 -0.180897 0.621837
-0.058413 -0.060009 0.593028
-0.065112 -0.195526 0.629111
-0.059953 -0.092932 0.610237
-0.060857 -0.236341 0.630076
-0.054872 -0.071216 0.611130
-0.058308 -0.198564 0.625003
-0.053154 -0.078562 0.610597
-0.061215 -0.195935 0.650051
-0.055855 -0.185786 0.631302
-0.050763 -0.068543 0.614551
-0.055660 -0.209396 0.630481
-0.049404 -0.063949 0.615831
-0.044995 -0.053278 0.589942
-0.053846 -0.209146 0.632417
-0.048334 -0.075170 0.619591
-0.050266 -0.185137 0.624882
-0.043667 -0.030431 0.602838
-0.043595 -0.030452 0.602524
-0.043402 -0.070062 0.625059
-0.040413 -0.091920 0.621057
-0.036599 -0.069609 0.616361
-0.035944 -0.093775 0.625152
-0.031733 -0.054994 0.606783
-0.030675 -0.032025 0.606660
-0.029156 -0.071600 0.616192
-0.029205 -0.070058 0.617216
-0.030069 -0.094182 0.622567
-0.028758 -0.073238 0.620952
-0.023160 -0.083765 0.621077
-0.022465 -0.085016 0.615009
-0.015179 -0.079242 0.611017
-0.008252 -0.072386 0.596825
-0.006904 -0.084030 0.610922
-0.007868 -0.103192 0.628470
-0.005980 -0.057636 0.619116
-0.005869 -0.057653 0.618424
-0.005703 -0.050598 0.621296
-0.005703 -0.050598 0.621296
-0.024117 -0.114339 0.919000
-0.000901 -0.044566 0.606634
0.001768 -0.089084 0.620630
0.006461 -0.069154 0.596576
0.014885 -0.210737 0.614479
0.024465 -0.243344 0.625180
0.024465 -0.243344 0.625180
0.032875 -0.219323 0.627294
0.033908 -0.207869 0.609033
0.035798 -0.254582 0.642862
0.040761 -0.255076 0.656296
0.040761 -0.255076 0.656296
0.041146 -0.248282 0.643794
0.044202 -0.189301 0.503644
0.045960 -0.249042 0.642316
0.047176 -0.245041 0.651113
0.049479 -0.233729 0.627306
0.057916 -0.246495 0.615100
0.068368 -0.248415 0.650243
0.072628 -0.272089 0.681380
0.072642 -0.238723 0.634774
0.079439 -0.238864 0.649364
0.080645 -0.240083 0.640588
0.084168 -0.241394 0.646114
0.096650 -0.235915 0.663803
0.104645 -0.231549 0.654029
0.094772 -0.194845 0.537077
0.111565 -0.255427 0.650224
0.097877 -0.170757 0.462022
0.125231 -0.222957 0.638339
0.129216 -0.221302 0.644114
0.114902 -0.219236 0.538397
0.107624 -0.196702 0.480691
0.132404 -0.211453 0.626067
0.106368 -0.190396 0.454530
0.140627 -0.248606 0.630129
0.137713 -0.191296 0.595910
0.148532 -0.247624 0.644413
0.115875 -0.192071 0.457424
0.148048 -0.212196 0.627885
0.151725 -0.207463 0.617341
0.155607 -0.208205 0.633955
0.157332 -0.209199 0.632305
0.158923 -0.204776 0.629403
0.158059 -0.171272 0.615361
0.157690 -0.196430 0.617700
0.157772 -0.219523 0.616209
0.133455 -0.188230 0.499357
0.159645 -0.200012 0.613333
0.171817 -0.260907 0.649450
0.168089 -0.197580 0.616197
0.170431 -0.197543 0.625610
0.174171 -0.230068 0.642733
0.173684 -0.221650 0.620795
0.175012 -0.214776 0.623080
0.179249 -0.229051 0.631629
0.179768 -0.250881 0.638118
0.182108 -0.245967 0.640287
0.184223 -0.194625 0.619967
0.187095 -0.232350 0.638757
0.188501 -0.160460 0.599249
0.188293 -0.158470 0.595648
0.215699 -0.183095 0.599649
0.243279 -0.176677 0.580000
0.246664 -0.179653 0.581602
0.256410 -0.176426 0.580489
0.260910 -0.186986 0.559762
0.265212 -0.186669 0.564548
0.280990 -0.194228 0.546806
0.287396 -0.195469 0.538431
-0.315066 -0.091873 2.000731
-0.345717 -0.220900 2.319233
-0.294991 -0.169271 2.497425
-0.275267 -0.209517 2.595451
-0.235135 -0.143091 2.414794
-0.259323 -0.245133 2.656680
-0.142678 -0.309683 1.879472
-0.103315 -0.252160 2.680241
-0.074102 -0.282573 2.565249
-0.055648 -0.540143 2.576892
-0.006759 -0.404175 2.055379
0.033638 -0.399687 1.803974
0.047546 -0.421873 1.680832
0.104471 -0.408026 1.708036
0.112618 -0.568041 2.037140
0.126988 -0.581338 1.880039
0.149337 -0.429108 1.767269
0.209289 -1.011698 2.930355
0.316610 -1.387963 4.231755
0.190282 -0.512960 1.962598
0.288157 -0.900387 2.902758
0.278042 -0.767398 2.601172
0.257163 -0.445998 2.138636
0.240977 -0.548337 2.074156
0.329627 -0.993831 2.949917
0.277907 -0.639553 2.235721
0.676334 -2.102422 5.851117
0.401347 -0.977191 3.106920
0.587847 -1.148336 3.676864
0.429879 -0.810937 2.567467
0.528654 -0.644932 2.865016
0.399189 -0.565822 2.069466
0.703125 -1.287647 3.749425
0.635211 -1.046423 3.058173
0.673642 -0.867400 3.032546
0.850979 -1.200643 3.664761
0.814643 -1.251398 3.514567
0.939939 -1.263470 3.933668
1.351763 -2.192776 5.727619
0.895656 -0.991656 3.575292
1.146774 -1.712424 4.767246
1.118281 -1.688789 4.637339
1.315361 -2.035147 5.432570
2.237016 -3.275782 9.107692
0.662435 -0.311778 2.345126
0.682270 -0.052126 2.306373
0.794824 -0.788125 2.927719
1.125502 -1.387073 4.257231
0.858403 -0.844169 3.108877
0.835185 -0.553807 2.795237
0.664017 -0.188668 2.118907
0.819353 -0.542737 2.735888
1.685375 -2.034163 5.857064
0.957018 -0.945893 3.208291
0.716475 -0.140987 2.165746
1.145389 -0.994497 3.659828
0.815965 -0.850420 2.618042
0.974415 -1.161288 3.182212
1.024601 -1.223318 3.252466
2.037402 -2.688802 6.373372
1.433446 -1.652345 4.363521
0.848762 -0.423706 2.351479
1.010219 -1.200841 2.976042
1.545170 -1.614750 4.491600
1.312540 -1.415410 3.799883
0.951312 -0.906787 2.692427
1.100011 -0.823454 2.930078
1.406893 -1.443917 3.857471
0.997855 -0.563082 2.524140
1.269395 -1.145152 3.289388
3.015837 -3.384575 7.805991
3.048469 -3.327144 7.674570
4.095699 -4.376717 10.122735
3.026732 -2.919574 7.324306
3.407066 -3.500462 8.269916
2.497001 -2.207596 5.941965
5.202207 -5.705505 12.680636
3.649404 -3.748057 8.680583
2.962174 -2.804740 6.949958
1.424443 -0.993184 3.220993
2.534800 -2.171612 5.862902
3.638032 -3.572488 8.519678
1.267376 -0.805745 2.792524
3.412829 -3.149228 7.823457
0.926550 -0.480165 1.987308
3.833340 -3.869504 8.802832
1.178146 -0.073456 2.402722
4.908580 -4.912033 11.091279
3.150326 -2.933233 6.992064
1.331494 -0.759608 2.803914
3.100494 -2.035218 6.555528
2.266846 -1.582651 4.688362
1.375236 -0.836561 2.794129
3.056895 -2.061945 6.306838
3.716035 -3.659986 7.923435
1.493759 -0.799540 2.930811
1.171499 -0.571282 2.269428
1.462785 -0.792902 2.820741
4.871384 -4.431270 9.655673
2.967130 -1.891497 5.698153
3.877361 -2.969235 7.450271
3.877361 -2.969235 7.450271
3.069642 -1.811017 5.766326
5.300216 -4.642691 10.190418
3.733631 -2.826067 7.005767
3.230872 -1.774496 5.863898
3.398412 -1.892028 6.172359
1.082106 -0.348898 1.868788
5.207777 -3.885957 9.552740
4.290916 -2.964805 7.611091
3.239113 -1.684244 5.621878
1.189344 -0.011574 1.905074
1.610248 -0.584696 2.692957
2.625552 -1.381533 4.404409
5.702944 -4.575358 9.793700
2.522996 -1.232554 4.157607
4.257628 -2.080761 6.994577
3.210080 -1.882924 5.248874
3.071983 -1.438858 4.857257
3.071983 -1.438858 4.857257
3.953106 -2.768035 6.334690
1.704986 0.297839 2.420260
4.824213 -3.109252 7.532320
4.776395 -2.154501 7.248375
4.450008 -2.010021 6.747172
7.177084 -4.615015 10.990817
4.867504 -2.242033 7.240483
2.053220 -1.146453 3.055903
6.000476 -3.881113 8.941681
4.362860 -2.424977 6.286957
3.839429 -1.566526 5.400850
3.793312 -1.563775 5.304809
7.251563 -4.803855 10.468171
7.613278 -5.146851 10.803224
5.220103 -3.270455 7.298894
3.780312 -1.850810 5.172187
1.674839 -0.592101 2.241098
7.685596 -5.054205 10.580584
7.262454 -4.579159 9.910713
2.951567 -1.495524 3.903965
4.722133 -2.629831 6.281487
3.221275 -1.481147 4.202158
6.059355 -3.052396 7.761186
1.845207 -0.711486 2.310281
4.005021 -2.265698 5.143347
2.610113 -1.022533 3.258644
8.809968 -4.447635 11.193787
8.809968 -4.447635 11.193787
2.039757 -0.881664 2.547514
2.039757 -0.881664 2.547514
2.030943 -0.669065 2.462846
2.418381 -0.944579 2.951701
3.530505 -2.028448 4.395188
5.484524 -2.830349 6.782166
2.742073 -1.091971 3.328295
2.457372 -0.946645 2.907011
2.969932 -1.179038 3.511483
2.872651 -1.389567 3.349807
7.575393 -3.936235 8.855949
7.575393 -3.936235 8.855949
2.198215 -0.795009 2.495131
7.990941 -4.672786 9.304258
2.309605 -1.033767 2.564016
1.533380 0.160892 1.563495
9.638205 -5.208921 10.621546
1.801802 -0.523237 1.897288
2.639831 -1.084574 2.722056
4.308989 -2.089090 4.363068
3.178605 -1.582439 3.111349
2.851456 -0.539847 2.434294
3.945592 -0.289407 3.126886
3.741081 -0.285407 2.962291
5.580909 -2.327721 4.647628
3.898668 -1.127218 3.168345
2.695041 -0.828409 2.164643
12.024204 -4.677575 8.530102
3.975338 -0.995829 2.571068
3.252538 -0.908854 2.061727
0.247134 -0.072490 0.161238
3.424644 -0.902917 1.994036
5.019936 -1.446293 2.781249
-0.049868 -0.063215 0.156147
-0.003613 -0.030167 0.243076
-0.003213 -0.035608 0.241537
-0.000007 -0.044723 0.238517
-0.000087 -0.023432 0.250338
0.001931 -0.037990 0.241712
0.001956 -0.042574 0.245020
0.003768 -0.029216 0.246654
0.001716 -0.097230 0.249986
0.005153 -0.097555 0.243576
0.009775 -0.031221 0.249401
0.007740 -0.085488 0.254057
0.013994 -0.026903 0.254980
0.011688 -0.082972 0.247202
0.011339 -0.084722 0.259319
0.018076 -0.030164 0.246938
0.011421 -0.107437 0.250008
0.011089 -0.111591 0.251627
0.011089 -0.111591 0.251627
0.033007 -0.006855 0.175260
0.019185 -0.025410 0.258694
0.021042 -0.020360 0.254648
0.018538 -0.036421 0.267931
0.015982 -0.099301 0.249974
0.022941 -0.017578 0.252282
0.015207 -0.114103 0.255000
0.015207 -0.114103 0.255000
0.016564 -0.098030 0.256912
0.017500 -0.094049 0.253957
0.016930 -0.091368 0.261570
0.015917 -0.120411 0.251881
0.024192 -0.028292 0.253125
0.025900 -0.004236 0.255667
0.025458 -0.034664 0.256302
0.025363 -0.025344 0.263106
0.020179 -0.093955 0.261347
0.027210 -0.038150 0.259935
0.029000 -0.023281 0.258447
0.029119 -0.025569 0.259558
0.030002 -0.013868 0.265025
0.041282 -0.008327 0.176813
0.038264 -0.033535 0.188820
0.038264 -0.033535 0.188820
0.031132 -0.042416 0.249921
0.033803 -0.038835 0.255200
0.033729 -0.040982 0.262152
0.034059 -0.038953 0.263050
0.029176 -0.122470 0.247183
0.045627 -0.030271 0.183658
0.049059 -0.012244 0.175792
0.048952 -0.020198 0.176904
0.036091 -0.125332 0.250312
0.045312 -0.012951 0.262511
0.041968 -0.046713 0.269452
0.046970 -0.017025 0.257572
0.046970 -0.017025 0.257572
0.048358 -0.014635 0.258876
0.047063 -0.039707 0.262051
0.040331 -0.125039 0.260654
0.049789 -0.028791 0.270137
0.046147 -0.135738 0.258203
0.048909 -0.125828 0.258993
0.049851 -0.129693 0.260091
0.050757 -0.134716 0.268784
0.055526 -0.104768 0.204416
0.051412 -0.140141 0.263954
0.057313 -0.092989 0.201154
0.051285 -0.141846 0.263740
0.052248 -0.138385 0.266319
0.056889 -0.113698 0.259806
0.057303 -0.144399 0.271369
0.064413 -0.066161 0.183493
0.061550 -0.112089 0.260018
0.061031 -0.140909 0.270653
0.065207 -0.109105 0.261611
0.066853 -0.097812 0.201036
0.065412 -0.135603 0.278091
0.069433 -0.087526 0.253108
0.066385 -0.141055 0.270001
0.069608 -0.111776 0.217939
0.071279 -0.113124 0.262031
0.071279 -0.113124 0.262031
0.070179 -0.111158 0.216588
0.073635 -0.090735 0.255842
0.072415 -0.130801 0.275254
0.075375 -0.073236 0.194004
0.076228 -0.103659 0.267582
0.074855 -0.146519 0.289054
0.077987 -0.097350 0.257540
0.079404 -0.117378 0.280228
0.079404 -0.117378 0.280228
0.079809 -0.131642 0.276776
0.080065 -0.135842 0.284161
0.079561 -0.088470 0.200931
0.082211 -0.142437 0.284862
0.083375 -0.091352 0.198755
0.084385 -0.125367 0.227045
0.085416 -0.083478 0.194772
0.086382 -0.108015 0.217077
0.088172 -0.069175 0.184321
0.092095 -0.143013 0.282829
0.092007 -0.075185 0.185714
0.096019 -0.148474 0.280074
0.100373 -0.123791 0.286572
0.092964 -0.124049 0.221939
0.099793 -0.156082 0.295805
0.099793 -0.156082 0.295805
0.097368 -0.112428 0.227177
0.105047 -0.109885 0.275153
0.106034 -0.107496 0.270823
0.107740 -0.137459 0.286414
0.107789 -0.148538 0.292680
0.110383 -0.119498 0.283436
0.109214 -0.136559 0.281599
0.110958 -0.160791 0.300249
0.114748 -0.119321 0.285753
0.115272 -0.121553 0.289050
0.112966 -0.135163 0.279025
0.115680 -0.144753 0.292668
0.116603 -0.109331 0.270111
0.108969 -0.107809 0.219425
0.109594 -0.096597 0.210891
0.120533 -0.120414 0.280965
0.109672 -0.117660 0.217841
0.109672 -0.117660 0.217841
0.111602 -0.131150 0.228795
0.122255 -0.142161 0.294411
0.112174 -0.128216 0.228738
0.124484 -0.115935 0.283361
0.123316 -0.141990 0.289477
0.113169 -0.113613 0.217423
0.126026 -0.137341 0.293193
0.124426 -0.157384 0.292038
0.125538 -0.165485 0.301144
0.125836 -0.154958 0.296798
0.126003 -0.159228 0.299133
0.126452 -0.153168 0.296813
0.128548 -0.154016 0.299513
0.116953 -0.128651 0.226793
0.117436 -0.114977 0.221889
0.117984 -0.131573 0.228264
0.132350 -0.150318 0.308335
0.130197 -0.161475 0.300481
0.133637 -0.152081 0.296848
0.134424 -0.154819 0.298197
0.124004 -0.096135 0.213069
0.124826 -0.130013 0.229802
0.137611 -0.156745 0.300356
0.125548 -0.116318 0.222873
0.139385 -0.142372 0.294369
0.140078 -0.169838 0.305072
0.141987 -0.108560 0.278112
0.144938 -0.168515 0.315966
0.144802 -0.114569 0.284678
0.128324 -0.100107 0.210105
0.145548 -0.157736 0.298284
0.131349 -0.107660 0.217380
0.131764 -0.124337 0.224897
0.131764 -0.124337 0.224897
0.150827 -0.111200 0.286450
0.150918 -0.119127 0.282924
0.137953 -0.124855 0.232972
0.137022 -0.095447 0.215469
0.136815 -0.097853 0.213914
0.136168 -0.081062 0.202627
0.156536 -0.152538 0.301870
0.154075 -0.095079 0.269226
0.158132 -0.140899 0.297546
0.140174 -0.104961 0.216991
0.158744 -0.128621 0.293364
0.140917 -0.106248 0.220592
0.158902 -0.129112 0.293514
0.158436 -0.119330 0.282202
0.158044 -0.088666 0.268662
0.158398 -0.082040 0.262726
0.143472 -0.081539 0.211438
0.148230 -0.135970 0.242805
0.161648 -0.131609 0.285414
0.145378 -0.105295 0.217486
0.166777 -0.152854 0.304076
0.141309 -0.071040 0.186830
0.168991 -0.158258 0.305270
0.164552 -0.113762 0.275177
0.171321 -0.107118 0.288556
0.147795 -0.099774 0.208234
0.148823 -0.088070 0.206819
0.167317 -0.104115 0.265657
0.150008 -0.084504 0.202227
0.152895 -0.084701 0.202966
0.153156 -0.083320 0.201695
0.162972 -0.130033 0.234608
0.156126 -0.083186 0.201892
0.207481 -0.137070 0.281228
0.207867 -0.135265 0.275678
0.230018 -0.146812 0.279655
0.230018 -0.146812 0.279655
0.228841 -0.112065 0.252055
0.232018 -0.116807 0.258563
0.235512 -0.138280 0.269043
0.234937 -0.118024 0.261513
0.236805 -0.128062 0.264151
0.244318 -0.147038 0.273874
0.244318 -0.147038 0.273874
0.243395 -0.141628 0.268444
0.241091 -0.114109 0.258197
0.240781 -0.125256 0.258080
0.243550 -0.117284 0.260388
0.244763 -0.144983 0.266135
0.242202 -0.112179 0.254961
0.242637 -0.113440 0.254856
0.249677 -0.146891 0.273076
0.244671 -0.114600 0.255178
0.251094 -0.148193 0.267768
0.247685 -0.112459 0.251506
0.243889 -0.107276 0.242971
0.250470 -0.107761 0.252645
-0.045414 -0.046560 0.491797
-0.044798 -0.040055 0.494637
-0.019952 -0.065030 0.521745
-0.000683 -0.050187 0.514069
-0.002494 -0.072046 0.516006
0.004117 -0.032239 0.544794
0.005336 -0.040289 0.530378
0.005336 -0.040289 0.530378
0.006290 -0.063936 0.529112
0.004339 -0.092428 0.534488
0.012450 -0.051956 0.527987
0.010828 -0.084646 0.539192
0.020788 -0.080805 0.510747
0.090508 -0.229451 0.546685
0.184293 -0.695977 1.655010
0.124578 -0.219781 0.557135
0.128547 -0.254470 0.544112
0.133809 -0.255943 0.561106
0.156088 -0.250906 0.582574
0.157172 -0.247966 0.554954
0.182695 -0.305945 0.684104
0.176848 -0.262157 0.621545
0.178346 -0.249065 0.607896
0.176564 -0.269067 0.607058
0.308231 -0.682554 1.557368
0.175519 -0.285376 0.606958
0.177969 -0.254154 0.597595
0.180741 -0.253865 0.604795
0.209625 -0.329134 0.760027
0.192870 -0.228250 0.615286
0.187663 -0.273152 0.599411
0.188452 -0.246727 0.588521
0.195857 -0.214145 0.600000
0.205037 -0.197857 0.607754
0.202942 -0.205895 0.578153
0.214795 -0.316670 0.656611
0.215976 -0.276257 0.637218
0.217469 -0.282895 0.637946
0.219019 -0.309013 0.650198
0.221799 -0.269364 0.642132
0.222896 -0.249798 0.627904
0.222409 -0.261571 0.630353
0.227480 -0.198247 0.619459
0.222294 -0.306392 0.643705
0.226543 -0.291205 0.650229
0.226543 -0.291205 0.650229
0.228135 -0.212468 0.618781
0.228135 -0.212468 0.618781
0.225376 -0.315772 0.650312
0.231539 -0.255391 0.641681
0.230062 -0.227958 0.622887
0.235513 -0.260740 0.644374
0.235513 -0.260740 0.644374
0.240294 -0.271214 0.654371
0.238464 -0.218610 0.619748
0.238631 -0.258911 0.636103
0.235270 -0.201109 0.581426
0.239334 -0.322931 0.641006
0.242979 -0.324219 0.654620
0.249638 -0.314942 0.669279
0.235319 -0.243062 0.586538
0.245559 -0.300855 0.641198
0.246937 -0.313704 0.636435
0.253065 -0.213489 0.603235
0.259329 -0.330723 0.640419
0.268502 -0.330075 0.642902
0.270704 -0.238793 0.618080
0.270318 -0.296662 0.630259
0.273010 -0.293954 0.629644
0.287424 -0.286683 0.642814
0.283206 -0.332136 0.640683
0.287248 -0.294639 0.641079
0.294665 -0.204435 0.628840
0.298845 -0.222798 0.631044
0.296806 -0.340453 0.648611
0.295742 -0.290583 0.628743
0.321804 -0.271564 0.675663
0.309002 -0.213885 0.622471
0.315582 -0.182934 0.606837
0.327403 -0.222246 0.643352
0.323693 -0.215408 0.628372
0.326951 -0.237611 0.640564
0.329955 -0.239688 0.648573
0.337231 -0.361010 0.694851
0.341327 -0.365190 0.686177
0.345623 -0.370999 0.691434
0.347920 -0.307677 0.677545
0.343185 -0.255688 0.651720
0.346559 -0.284760 0.657683
0.352749 -0.287577 0.670584
0.366612 -0.376483 0.718834
0.366612 -0.376483 0.718834
0.366979 -0.377033 0.719735
0.356142 -0.374271 0.688245
0.351429 -0.249286 0.644889
0.366127 -0.314974 0.692758
0.366660 -0.310671 0.693034
0.351516 -0.230587 0.634745
0.377573 -0.367305 0.721472
0.374562 -0.383677 0.717375
0.354047 -0.231050 0.625500
0.354047 -0.231050 0.625500
0.360935 -0.262854 0.648220
0.371930 -0.310440 0.684994
0.371535 -0.332852 0.685613
0.379821 -0.345235 0.705713
0.374219 -0.364236 0.696986
0.374219 -0.364236 0.696986
0.377766 -0.314516 0.690012
0.359721 -0.231349 0.627398
0.376280 -0.382904 0.700992
0.375978 -0.270342 0.671707
0.357082 -0.209850 0.610463
0.383200 -0.342552 0.695973
0.372441 -0.210152 0.628128
0.360179 -0.212673 0.599796
0.375311 -0.213408 0.628963
0.375311 -0.213408 0.628963
0.459917 -0.332007 0.831356
0.380422 -0.216919 0.629080
0.367921 -0.190340 0.590074
0.412426 -0.267667 0.693175
0.373373 -0.231167 0.601003
0.409526 -0.324614 0.696226
0.410996 -0.281456 0.684284
0.418794 -0.277436 0.694453
0.430951 -0.320217 0.702522
0.420821 -0.258989 0.668878
0.434392 -0.314033 0.700828
0.432865 -0.306304 0.695283
0.444369 -0.289988 0.711008
0.427749 -0.270407 0.672111
0.439665 -0.315004 0.701558
0.448930 -0.309501 0.714127
0.445700 -0.277699 0.699725
0.445924 -0.319092 0.707237
0.443799 -0.283769 0.693755
0.450283 -0.340885 0.704262
0.450901 -0.314931 0.698664
0.446231 -0.388506 0.698888
0.459402 -0.277948 0.701212
0.462111 -0.267908 0.692771
0.457743 -0.339940 0.698171
0.463546 -0.257836 0.683952
0.444058 -0.313378 0.658524
0.458403 -0.330036 0.687621
0.465996 -0.333760 0.696710
0.469830 -0.344449 0.699704
0.476195 -0.354046 0.712775
0.465341 -0.251585 0.673838
0.475506 -0.343495 0.708723
0.465918 -0.363151 0.693670
0.470956 -0.339394 0.698144
0.477049 -0.339978 0.706318
0.407216 -0.217369 0.554881
0.411725 -0.213983 0.561910
0.490175 -0.357655 0.721601
0.476804 -0.259823 0.678484
0.489457 -0.359578 0.713073
0.472541 -0.372216 0.684773
0.488755 -0.413433 0.712881
0.495620 -0.255889 0.690719
0.386461 -0.196571 0.492223
0.510599 -0.392647 0.733346
0.386973 -0.191697 0.487747
0.406946 -0.197666 0.515863
0.496691 -0.390778 0.699860
0.515160 -0.386084 0.729694
0.517927 -0.368244 0.721186
0.522865 -0.413861 0.734924
0.504360 -0.253440 0.676103
0.507260 -0.298181 0.685940
0.521257 -0.254885 0.695109
0.369627 -0.165588 0.430055
0.513730 -0.342517 0.690581
0.516810 -0.253586 0.679980
0.523121 -0.386612 0.711453
0.525026 -0.390936 0.712991
0.540034 -0.405554 0.733949
0.539473 -0.399273 0.722637
0.536690 -0.388564 0.715649
0.537854 -0.396977 0.705319
0.545507 -0.387933 0.715097
0.544884 -0.383642 0.701303
0.376692 -0.179669 0.412246
0.568432 -0.425316 0.740386
0.538749 -0.241689 0.665956
0.528978 -0.303689 0.659613
0.553283 -0.353331 0.703180
0.544274 -0.367014 0.691442
0.387168 -0.160275 0.421678
0.562769 -0.411793 0.724949
0.557033 -0.403587 0.714561
0.557266 -0.381523 0.708135
0.554924 -0.339522 0.695081
0.560385 -0.399072 0.712132
0.557532 -0.393629 0.706650
0.556730 -0.384290 0.700527
0.553757 -0.350239 0.690493
0.562853 -0.367843 0.704390
0.545839 -0.259372 0.658226
0.571052 -0.415373 0.717876
0.555531 -0.386536 0.690406
0.572307 -0.408474 0.714041
0.553818 -0.242189 0.660883
0.573524 -0.422227 0.717244
0.557947 -0.340157 0.680913
0.547675 -0.279025 0.656475
0.563493 -0.318637 0.684457
0.553216 -0.238705 0.657169
0.576467 -0.417255 0.717340
0.556058 -0.378694 0.675130
0.582604 -0.435098 0.721017
0.559198 -0.306115 0.667193
0.552737 -0.276826 0.652275
0.549458 -0.283287 0.647756
0.562703 -0.290955 0.665914
0.565618 -0.290449 0.661773
0.585528 -0.439355 0.708121
0.557714 -0.349426 0.653357
0.539894 -0.265920 0.614873
0.401699 -0.235582 0.410993
0.575815 -0.361444 0.668434
0.556517 -0.283480 0.621173
0.604442 -0.371837 0.684483
0.593482 -0.385753 0.671270
0.569970 -0.281856 0.622705
0.536388 -0.247681 0.570172
0.536388 -0.247681 0.570172
0.591527 -0.378231 0.658245
0.636381 -0.460691 0.726336
0.531710 -0.195179 0.551272
0.538028 -0.233122 0.562369
0.595264 -0.385177 0.646384
0.610530 -0.386530 0.666061
0.539741 -0.214500 0.545444
0.626949 -0.350397 0.666215
0.554476 -0.206081 0.556116
0.570603 -0.242315 0.578188
0.663199 -0.470644 0.723495
0.670623 -0.477983 0.726165
0.653482 -0.451188 0.697357
0.685052 -0.475732 0.732738
0.560139 -0.219553 0.544652
0.682554 -0.476766 0.721178
0.571589 -0.222687 0.555088
0.572673 -0.245994 0.558006
0.672071 -0.456178 0.699814
0.580529 -0.239974 0.560606
0.644965 -0.337722 0.642560
0.632143 -0.382210 0.627133
0.678844 -0.451877 0.687721
0.672217 -0.359983 0.667871
0.636981 -0.370657 0.626711
0.655393 -0.344999 0.638871
0.647674 -0.355154 0.624958
0.641681 -0.350993 0.617387
0.663929 -0.357132 0.642467
0.682418 -0.364232 0.658814
0.682160 -0.350897 0.629425
0.679443 -0.357187 0.621318
0.678827 -0.363997 0.612982
0.688313 -0.361235 0.619114
0.706829 -0.374032 0.630727
0.713892 -0.396961 0.640395
0.705157 -0.368520 0.624285
0.708899 -0.375452 0.610408
0.694768 -0.395732 0.596392
0.724094 -0.398780 0.614858
0.724094 -0.398780 0.614858
0.727181 -0.412821 0.617857
0.742809 -0.380836 0.611256
0.752898 -0.405009 0.609802
0.767025 -0.408628 0.606970
0.757949 -0.423282 0.598196
-0.233289 -0.102979 0.418934
-0.216355 -0.122473 0.401830
-0.221342 -0.117341 0.422376
-0.211902 -0.125809 0.419644
-0.201630 -0.135255 0.443374
-0.195772 -0.144257 0.438932
-0.186998 -0.129063 0.429170
-0.186998 -0.129063 0.429170
-0.202722 -0.140036 0.459670
-0.198932 -0.149260 0.461738
-0.202795 -0.149292 0.472674
-0.198079 -0.141511 0.466821
-0.194133 -0.146542 0.463826
-0.192871 -0.144163 0.463145
-0.200211 -0.146899 0.490559
-0.188172 -0.157845 0.469660
-0.193589 -0.153639 0.483241
-0.173799 -0.103113 0.472892
-0.175457 -0.172587 0.473273
-0.171859 -0.103600 0.480641
-0.169667 -0.111561 0.476192
-0.179891 -0.186093 0.495544
-0.169108 -0.175093 0.486721
-0.174856 -0.187807 0.500165
-0.174907 -0.196210 0.499669
-0.131988 -0.061412 0.623630
-0.133749 -0.106187 0.620576
-0.132621 -0.053194 0.679218
-0.133489 -0.089880 0.672816
-0.129103 -0.090589 0.659604
-0.125385 -0.090044 0.659369
-0.125385 -0.090044 0.659369
-0.124675 -0.099444 0.656301
-0.115293 -0.078660 0.649029
-0.112250 -0.046560 0.649297
-0.111686 -0.089942 0.644311
-0.114209 -0.059449 0.672923
-0.111617 -0.048817 0.698090
-0.092020 -0.027086 0.640339
-0.088252 -0.030858 0.646470
-0.077593 0.004587 0.627650
-0.110583 -0.224572 0.683697
-0.098294 -0.066760 0.702548
-0.107916 -0.217512 0.686458
-0.109845 -0.237637 0.690403
-0.093133 -0.056111 0.707988
-0.104671 -0.207908 0.715799
-0.077764 -0.031825 0.674545
-0.110743 -0.234005 0.740767
-0.065014 0.000631 0.633955
-0.098856 -0.203431 0.706820
-0.086805 -0.084676 0.705129
-0.086805 -0.084676 0.705129
-0.083073 -0.052260 0.706953
-0.060617 0.010708 0.661842
-0.054908 0.008587 0.635619
-0.059680 -0.012461 0.648397
-0.094164 -0.208831 0.730628
-0.094164 -0.208831 0.730628
-0.063095 -0.029717 0.660618
-0.099841 -0.220821 0.754893
-0.056099 0.000077 0.643625
-0.093953 -0.241546 0.720587
-0.068891 -0.052828 0.679718
-0.074013 -0.113757 0.700422
-0.070745 -0.060785 0.723129
-0.092014 -0.269106 0.733885
-0.090523 -0.262794 0.730247
-0.067997 -0.049226 0.722118
-0.083700 -0.208112 0.738965
-0.085901 -0.238186 0.747947
-0.056215 -0.051023 0.683019
-0.089680 -0.234397 0.776217
-0.082469 -0.281636 0.717041
-0.044685 -0.022732 0.658551
-0.058592 -0.079600 0.721370
-0.056855 -0.054513 0.727058
-0.056483 -0.065488 0.719316
-0.079650 -0.243741 0.764257
-0.042091 -0.012900 0.675919
-0.056581 -0.077379 0.727498
-0.077639 -0.237954 0.762878
-0.049626 -0.085265 0.704554
-0.054205 -0.088019 0.728505
-0.072817 -0.244716 0.757219
-0.040367 -0.081026 0.706234
-0.041242 -0.091436 0.735157
-0.030430 -0.001406 0.723879
-0.024043 -0.000126 0.688972
-0.032704 -0.134457 0.665122
-0.037154 -0.096113 0.725600
-0.020388 -0.016920 0.662551
-0.030653 -0.076020 0.697681
-0.034638 -0.153268 0.686027
-0.025062 -0.041997 0.695839
-0.017708 -0.049384 0.659814
-0.021106 -0.040596 0.718412
-0.016899 -0.030645 0.696579
-0.015366 -0.030665 0.688777
-0.014492 -0.042419 0.677303
-0.012580 -0.023683 0.695295
-0.011722 -0.026310 0.700085
-0.009942 -0.035116 0.716150
-0.015468 -0.112579 0.701569
-0.007125 -0.057430 0.682587
-0.014783 -0.090051 0.731570
-0.012165 -0.179470 0.663621
-0.007616 -0.103340 0.717142
-0.007616 -0.103340 0.717142
-0.005532 -0.151956 0.678819
-0.006143 -0.090022 0.750012
-0.007013 -0.223670 0.649674
-0.017147 -0.311268 0.676625
-0.004263 -0.264005 0.660501
0.005459 -0.150076 0.698529
0.010470 -0.160478 0.645682
-0.003162 -0.282577 0.674041
0.000844 -0.281055 0.658780
0.011679 -0.169420 0.666482
0.015479 -0.157275 0.640289
0.015479 -0.157275 0.640289
0.021400 -0.167262 0.616101
0.008556 -0.268466 0.673508
0.016446 -0.234178 0.608645
0.015621 -0.254367 0.643911
0.022842 -0.249692 0.661470
0.016089 -0.299269 0.707071
0.018161 -0.309221 0.684393
0.026576 -0.243404 0.660009
0.016885 -0.329295 0.700872
0.036684 -0.162869 0.637337
0.039109 -0.186328 0.644541
0.042331 -0.220774 0.618045
0.034307 -0.300511 0.672035
0.041709 -0.301379 0.715267
0.054058 -0.192752 0.622589
0.054082 -0.216543 0.631039
0.047812 -0.309616 0.735093
0.054675 -0.268485 0.650529
0.048193 -0.328970 0.749140
0.059900 -0.258188 0.689735
0.061663 -0.240101 0.635634
0.063159 -0.228961 0.668491
0.066633 -0.199803 0.675223
0.057119 -0.348450 0.763686
0.059531 -0.336068 0.739813
0.060094 -0.333134 0.744258
0.081728 -0.225002 0.696638
0.076751 -0.297811 0.736554
0.081845 -0.236675 0.676095
0.076053 -0.343321 0.766167
0.088370 -0.343741 0.770743
0.088370 -0.343741 0.770743
0.100746 -0.354519 0.807921
0.110382 -0.243327 0.693801
0.117689 -0.300959 0.797525
0.116478 -0.246529 0.669459
0.129408 -0.297840 0.781886
0.152109 -0.270983 0.788661
0.151223 -0.285952 0.777767
0.149160 -0.228555 0.685953
0.154871 -0.355159 0.838864
0.164652 -0.331659 0.835729
0.160040 -0.355834 0.798702
0.168157 -0.288599 0.784838
0.163676 -0.235780 0.678426
0.174833 -0.299323 0.800309
0.174133 -0.294383 0.784234
0.176442 -0.288024 0.786942
0.183096 -0.283349 0.785529
0.179918 -0.327529 0.782225
0.187080 -0.285001 0.778806
0.179806 -0.292528 0.728268
0.181150 -0.329055 0.758449
0.188648 -0.381421 0.835162
0.188648 -0.381421 0.835162
0.186831 -0.332802 0.785465
0.185136 -0.248497 0.700388
0.186808 -0.223694 0.688750
0.186808 -0.223694 0.688750
0.201626 -0.370881 0.866744
0.192614 -0.387419 0.812904
0.205190 -0.362821 0.856371
0.195918 -0.311240 0.761576
0.199925 -0.268523 0.758739
0.200898 -0.261041 0.750976
0.203477 -0.352769 0.820352
0.204915 -0.353895 0.811464
0.205106 -0.274468 0.757367
0.216493 -0.367718 0.872617
0.209160 -0.389838 0.839719
0.209950 -0.377898 0.835794
0.204016 -0.249515 0.715140
0.207428 -0.257130 0.729923
0.207428 -0.257130 0.729923
0.210502 -0.337514 0.790790
0.231008 -0.284315 0.828181
0.229287 -0.209513 0.781283
0.216576 -0.224658 0.711000
0.224773 -0.196450 0.734237
0.233795 -0.210033 0.778698
0.234804 -0.312637 0.828479
0.220639 -0.300551 0.747726
0.223860 -0.298969 0.756662
0.229172 -0.255752 0.751214
0.231705 -0.346447 0.806657
0.237269 -0.267631 0.783531
0.238760 -0.231529 0.735946
0.243187 -0.201971 0.706625
0.257850 -0.372531 0.839747
0.252573 -0.249572 0.751630
0.261426 -0.228331 0.730254
0.371427 -0.315819 0.783620
0.377173 -0.316657 0.775064
0.389600 -0.328451 0.798481
0.383697 -0.330265 0.782697
0.408708 -0.356504 0.814685
0.406795 -0.321173 0.778604
0.419439 -0.346351 0.808254
0.424395 -0.330421 0.806922
0.433667 -0.320535 0.809476
0.475095 -0.315319 0.807760
0.471054 -0.304670 0.762133
0.483294 -0.307368 0.782143
0.491411 -0.363043 0.801420
0.487191 -0.344429 0.781103
0.485966 -0.293886 0.765400
0.497139 -0.365178 0.799533
0.498478 -0.325075 0.786008
-0.148708 -0.049669 0.684620
-0.145025 -0.055562 0.761814
-0.136276 -0.030355 0.747814
-0.133446 -0.030569 0.739400
-0.121287 -0.027212 0.716875
-0.118641 -0.027798 0.709260
-0.111259 -0.013054 0.708513
-0.131185 -0.074793 0.750543
-0.104943 -0.031788 0.725172
-0.116211 -0.035685 0.770210
-0.099013 -0.029316 0.760045
-0.086371 -0.037987 0.730549
-0.103384 -0.054477 0.789174
-0.107561 -0.043632 0.814560
-0.081317 0.039043 0.772353
-0.142167 -0.246421 0.820038
-0.123092 -0.223228 0.775812
-0.080134 -0.035778 0.764733
-0.092519 -0.054835 0.807514
-0.068571 0.025308 0.775306
-0.095268 -0.090485 0.814865
-0.093290 -0.071009 0.827496
-0.119996 -0.236548 0.818109
-0.113941 -0.230431 0.797521
-0.085737 -0.079846 0.797897
-0.118221 -0.271055 0.869435
-0.104658 -0.247701 0.827247
-0.107497 -0.241672 0.849807
-0.107497 -0.241672 0.849807
-0.071209 -0.099632 0.814011
-0.042582 0.018251 0.785814
-0.043386 -0.012092 0.767272
-0.092050 -0.239221 0.806544
-0.064384 -0.054058 0.837061
-0.071676 -0.086520 0.846071
-0.106102 -0.265414 0.872664
-0.090604 -0.242256 0.815570
-0.033755 -0.008246 0.776737
-0.033755 -0.008246 0.776737
-0.062543 -0.099967 0.851614
-0.024203 -0.023297 0.770191
-0.024203 -0.023297 0.770191
-0.038792 -0.074250 0.853094
-0.028671 -0.087508 0.815916
-0.028870 -0.196234 0.773480
-0.007630 -0.151355 0.795706
-0.003955 -0.170766 0.752518
0.004452 -0.160236 0.757728
-0.017709 -0.271925 0.800826
0.023484 -0.180740 0.743360
0.010769 -0.276707 0.787056
0.032275 -0.228328 0.776448
0.033409 -0.214741 0.835591
0.040330 -0.201091 0.835803
0.059083 -0.211948 0.777760
0.055739 -0.263559 0.824027
0.055739 -0.263559 0.824027
0.060938 -0.250289 0.799934
0.068454 -0.237758 0.787719
0.061111 -0.304220 0.820806
0.068463 -0.271387 0.803692
0.079775 -0.240670 0.792331
0.097515 -0.228990 0.819550
0.094323 -0.259510 0.812930
0.116719 -0.205605 0.839708
0.108882 -0.360037 0.963505
0.108461 -0.374362 0.977132
0.121858 -0.285885 0.875260
0.126101 -0.245646 0.805080
0.131842 -0.269877 0.857642
0.136324 -0.244096 0.836443
0.125283 -0.354087 0.969678
0.131612 -0.278711 0.851069
0.135725 -0.301376 0.912647
0.136897 -0.327160 0.949552
0.141642 -0.346088 0.969896
0.153798 -0.252619 0.827088
0.152981 -0.355802 1.004334
0.160718 -0.266086 0.845756
0.162878 -0.371520 0.986663
0.169687 -0.265186 0.815945
0.169687 -0.265186 0.815945
0.159375 -0.402971 0.959559
0.181558 -0.341267 1.008350
0.185457 -0.362269 1.030048
0.173816 -0.365332 0.951195
0.194097 -0.375086 1.035237
0.205608 -0.362571 1.048205
0.205608 -0.362571 1.048205
0.200987 -0.436778 1.067546
0.201940 -0.419755 1.037955
0.212972 -0.391424 1.034089
0.215258 -0.317900 0.936895
0.212646 -0.412844 1.020737
0.230983 -0.333086 0.997739
0.216026 -0.395815 0.984755
0.249593 -0.240987 0.936242
0.246189 -0.331567 1.003691
0.246189 -0.331567 1.003691
0.235269 -0.392413 1.012786
0.258140 -0.334089 1.060147
0.242430 -0.274303 0.905885
0.246522 -0.381587 0.988308
0.264837 -0.234958 0.907525
0.259420 -0.267412 0.900622
0.255289 -0.374920 0.985024
0.262776 -0.352876 0.980025
0.276945 -0.218142 0.898867
0.277634 -0.209830 0.891610
0.277634 -0.209830 0.891610
0.277107 -0.321431 1.001628
0.279962 -0.282702 0.962280
0.287355 -0.251208 0.941401
0.292950 -0.307265 0.981109
0.288492 -0.280827 0.932809
0.298033 -0.305006 0.971199
0.290197 -0.407651 1.029545
0.303594 -0.471604 1.134355
0.316999 -0.372234 1.093011
0.316999 -0.372234 1.093011
0.306460 -0.341754 1.019244
0.307099 -0.350588 1.014495
0.323528 -0.408945 1.113952
0.309116 -0.371750 1.015109
0.318162 -0.398107 1.066659
0.315471 -0.320693 0.987022
0.331814 -0.425464 1.102421
0.335407 -0.235155 0.950719
0.342131 -0.416035 1.108512
0.344953 -0.425797 1.126136
0.333585 -0.463634 1.113956
0.342809 -0.447948 1.122688
0.335502 -0.481031 1.113444
0.342186 -0.336868 1.019167
0.350911 -0.281845 0.929134
0.346024 -0.342889 0.945016
0.346024 -0.342889 0.945016
0.352706 -0.271536 0.895944
0.366624 -0.291584 0.901438
0.414072 -0.471141 1.104646
0.399993 -0.278022 0.935964
0.405757 -0.446874 1.062283
0.417565 -0.474093 1.095544
0.408275 -0.362897 0.991981
0.422379 -0.270696 0.954014
0.428460 -0.466720 1.080711
0.435263 -0.309511 0.986509
0.441369 -0.335577 0.997264
0.447071 -0.365168 1.004232
0.433243 -0.390730 0.973796
0.451696 -0.338822 0.985766
0.452789 -0.360556 0.997666
0.462708 -0.371973 1.028044
0.462708 -0.371973 1.028044
0.477929 -0.369641 1.058681
0.460274 -0.441739 1.048488
0.484563 -0.401592 1.075001
0.499741 -0.375261 1.090326
0.471141 -0.367479 1.013295
0.477924 -0.427771 1.042259
0.477924 -0.427771 1.042259
0.455960 -0.323417 0.931777
0.517265 -0.447450 1.111460
0.516398 -0.433144 1.095362
0.519462 -0.426356 1.085104
0.520871 -0.462826 1.107750
0.533823 -0.516725 1.152623
0.500061 -0.307954 0.958566
0.513111 -0.374100 1.012576
0.562591 -0.511677 1.187324
0.553475 -0.504618 1.159499
0.497836 -0.308165 0.935309
0.554196 -0.510102 1.150486
0.499384 -0.297510 0.923082
0.554621 -0.479788 1.126800
0.514077 -0.323271 0.956815
0.513312 -0.317883 0.949329
0.555831 -0.483589 1.122672
0.565122 -0.495566 1.147513
0.522733 -0.351788 0.979617
0.558135 -0.500423 1.127832
0.588664 -0.457810 1.151965
0.509105 -0.332939 0.920892
0.509105 -0.332939 0.920892
0.645538 -0.455506 1.142996
0.662237 -0.449569 1.110413
0.662237 -0.449569 1.110413
0.668691 -0.519777 1.145243
0.653692 -0.479727 1.096312
0.658096 -0.409711 1.056240
0.686609 -0.429698 1.095839
0.695522 -0.519284 1.144858
0.690707 -0.418576 1.084473
0.706940 -0.566215 1.172390
0.703513 -0.532931 1.148239
0.689694 -0.432561 1.080988
0.702995 -0.528622 1.134087
0.701038 -0.415130 1.066760
0.724433 -0.552786 1.161353
0.707870 -0.423202 1.079029
0.711407 -0.429566 1.082448
0.723205 -0.412294 1.070575
0.753121 -0.612333 1.193519
0.720122 -0.418921 1.061332
0.681481 -0.373785 0.982362
0.711593 -0.390458 1.020568
0.773436 -0.607047 1.188198
0.722599 -0.390055 1.022596
0.710722 -0.373510 0.996023
0.716636 -0.374815 0.994417
0.697084 -0.468679 0.969419
0.713713 -0.472920 0.976620
0.821828 -0.632978 1.186639
0.821828 -0.632978 1.186639
0.718108 -0.497219 0.988904
0.729752 -0.354295 0.939005
0.750244 -0.534119 1.034014
0.736803 -0.474442 0.989067
0.736803 -0.474442 0.989067
0.754282 -0.384950 0.966809
0.754282 -0.384950 0.966809
0.728919 -0.357021 0.915551
0.741320 -0.465210 0.971218
0.735847 -0.457241 0.960044
0.760024 -0.463869 0.984979
0.756443 -0.411539 0.958837
0.775045 -0.434911 0.982314
0.771836 -0.433380 0.977141
0.834219 -0.536887 1.091932
0.830921 -0.552414 1.086768
0.793179 -0.523165 1.026734
0.740110 -0.404460 0.913127
0.750868 -0.401277 0.924185
0.811187 -0.510710 1.040976
0.798186 -0.488496 1.014701
0.777855 -0.441906 0.971753
0.775065 -0.464483 0.974794
0.828074 -0.537946 1.062405
0.834804 -0.568712 1.070952
0.783700 -0.425985 0.948797
0.783700 -0.425985 0.948797
0.822846 -0.503770 1.011884
0.864882 -0.603191 1.091977
0.819023 -0.561515 1.002313
0.866899 -0.534127 1.039362
0.841606 -0.525823 0.988151
0.869985 -0.495845 0.981072
0.843643 -0.513069 0.945710
0.843643 -0.513069 0.945710
0.864754 -0.566952 0.965894
0.916951 -0.535396 0.950033
0.916951 -0.535396 0.950033
-0.064111 -0.363308 1.014013
-0.018153 -0.362996 0.970194
-0.002000 -0.404827 1.039183
0.019858 -0.400806 1.026912
0.023687 -0.392664 1.027525
0.026699 -0.370570 1.057613
0.042946 -0.176965 1.032945
0.042946 -0.176965 1.032945
0.044593 -0.201442 1.037854
0.046094 -0.402452 1.053775
0.046094 -0.402452 1.053775
0.051718 -0.343377 1.072777
0.052328 -0.114811 1.047141
0.055600 -0.092417 1.052129
0.056076 -0.246628 1.008873
0.063325 -0.084313 1.050709
0.091535 -0.295645 1.039130
0.171464 -0.131490 1.003214
0.187652 0.009443 1.065111
0.182376 -0.125380 1.005174
0.222390 0.026464 1.074222
0.248437 0.026509 1.071302
0.240670 -0.126082 1.013065
0.265395 0.014745 1.049461
0.276224 0.013253 1.078666
0.271012 0.015172 1.026233
0.279271 0.013218 1.016388
0.279271 0.013218 1.016388
0.330452 0.007190 1.077562
0.351832 -0.208893 1.077065
0.351832 -0.208893 1.077065
0.330360 -0.009195 1.007591
0.362465 -0.213069 1.081029
0.374957 -0.038380 1.031395
0.408805 -0.038298 1.034658
0.443428 -0.203231 1.119485
0.445620 -0.055948 0.962398
0.430174 -0.045908 0.927425
0.452254 -0.134151 0.966809
0.449253 -0.080251 0.958193
0.449253 -0.080251 0.958193
0.449486 -0.046598 0.944794
0.449486 -0.046598 0.944794
0.455811 -0.051131 0.943432
0.492512 -0.125811 1.010496
0.477654 -0.098819 0.924436
0.586056 -0.205728 1.120081
0.529754 -0.200587 1.008901
0.469280 -0.019078 0.895310
0.526007 -0.169135 0.988876
0.504987 -0.137427 0.944370
0.504987 -0.137427 0.944370
0.569543 -0.166724 1.054453
0.554717 -0.170529 1.027975
0.497844 -0.096223 0.927269
0.564682 -0.147343 1.029463
0.550326 -0.188651 1.004187
0.558544 -0.172420 1.004913
0.585656 -0.188396 1.049203
0.571871 -0.131881 1.015423
0.584697 -0.139286 1.024264
0.578728 -0.137406 1.014096
0.505111 -0.087845 0.889113
0.573316 -0.120797 0.990114
0.530690 -0.030659 0.904659
0.529046 -0.081161 0.900313
0.593543 -0.112465 0.997168
0.576387 -0.111026 0.967687
0.584839 -0.093709 0.978709
0.561981 -0.102996 0.941879
0.587083 -0.082051 0.978278
0.585120 -0.113487 0.975092
0.588062 -0.128824 0.980004
0.559771 -0.068439 0.929882
0.572701 -0.075009 0.931987
0.567321 -0.070373 0.916095
0.542775 -0.059426 0.876724
0.568345 -0.073211 0.913275
0.579585 -0.072272 0.929663
0.583318 -0.059525 0.920314
0.601448 -0.042738 0.923400
0.661581 -0.014015 0.923397
0.022695 -0.080648 0.398701
0.028945 -0.073963 0.398093
0.032128 -0.068567 0.397249
0.045743 -0.057564 0.399444
0.049154 -0.158400 0.400045
0.052923 -0.056282 0.397845
0.056487 -0.149666 0.400294
0.061238 -0.139918 0.407221
0.059749 -0.144182 0.399856
0.061560 -0.135578 0.398975
0.061698 -0.054528 0.396408
0.062974 -0.131974 0.398528
0.064946 -0.050212 0.392712
0.071389 -0.132886 0.400214
0.071459 -0.138815 0.398841
0.070511 -0.050558 0.388056
0.077155 -0.120464 0.402288
0.077939 -0.145995 0.405038
0.076001 -0.127455 0.393849
0.078399 -0.120751 0.388885
0.079163 -0.044633 0.388643
0.080465 -0.050485 0.392761
0.080535 -0.050649 0.393025
0.081289 -0.132325 0.396496
0.081240 -0.044473 0.393128
0.080683 -0.134286 0.390882
0.085693 -0.133669 0.396483
0.089384 -0.139732 0.403835
0.087005 -0.046026 0.391113
0.090527 -0.134208 0.394714
0.088551 -0.047565 0.385523
0.095071 -0.119588 0.394073
0.089285 -0.038227 0.368770
0.097371 -0.117843 0.389408
0.099828 -0.050161 0.388428
0.096462 -0.038828 0.377279
0.111885 -0.136223 0.390417
0.107974 -0.136229 0.378259
0.117239 -0.054219 0.386471
0.118033 -0.053324 0.379594
0.127604 -0.056906 0.368002
0.129687 -0.062152 0.368534
0.139123 -0.074953 0.378652
0.136121 -0.071936 0.369825
0.137549 -0.075727 0.371379
0.138206 -0.079200 0.366924
0.142550 -0.078437 0.368185
0.141881 -0.044563 0.357481
0.151421 -0.119724 0.364609
0.152145 -0.058697 0.353106
0.157067 -0.071080 0.354383
0.158896 -0.072721 0.346168
0.159323 -0.068775 0.344603
0.165505 -0.087779 0.355796
0.169212 -0.054847 0.350310
0.170511 -0.089360 0.348605
0.167159 -0.069568 0.341889
0.174481 -0.109882 0.348291
0.172739 -0.066826 0.341589
0.173320 -0.054324 0.340819
0.175715 -0.090851 0.345051
0.179246 -0.117225 0.345521
0.175271 -0.071612 0.338374
0.187337 -0.071372 0.330262
0.187393 -0.057052 0.328992
0.190667 -0.093716 0.326990
0.191698 -0.056738 0.326118
0.191718 -0.060477 0.324922
0.189298 -0.084752 0.319598
0.200603 -0.139988 0.334430
0.203617 -0.084891 0.335871
0.196060 -0.090748 0.323955
0.202729 -0.134052 0.332546
0.198570 -0.123189 0.322870
0.198570 -0.123189 0.322870
0.204810 -0.130115 0.331858
0.202922 -0.130338 0.326503
0.202922 -0.130338 0.326503
0.203511 -0.118209 0.323814
0.205394 -0.128382 0.325153
0.200379 -0.062675 0.312624
0.207890 -0.133079 0.322778
0.205821 -0.106664 0.313852
0.212372 -0.124500 0.320960
0.209973 -0.102283 0.312744
0.212729 -0.110792 0.315904
0.206541 -0.092601 0.305283
0.213518 -0.111661 0.313208
0.210250 -0.100866 0.308281
0.215026 -0.121102 0.312877
0.211590 -0.090328 0.307130
0.209247 -0.091593 0.303152
0.214090 -0.111369 0.308055
0.210478 -0.097323 0.301674
0.215033 -0.104105 0.305699
0.211896 -0.084619 0.299239
0.212758 -0.091651 0.299857
0.206223 -0.052024 0.291233
0.213339 -0.081746 0.297965
0.213951 -0.084180 0.298191
0.215326 -0.095941 0.296104
-0.142997 0.007803 0.180873
-2.215473 -0.650903 3.237393
-2.067450 -0.507396 3.033977
-2.880020 -1.601108 4.464159
-2.448835 -1.419163 3.835068
-2.622484 -1.703325 4.130022
-2.669690 -1.514464 4.263114
-2.224650 -0.504413 3.559494
-2.131295 -0.469421 3.446236
-3.225457 -2.153313 5.323729
-2.608296 -1.288830 4.386731
-2.231703 -1.194489 3.803054
-2.231703 -1.194489 3.803054
-3.123103 -1.935938 5.377395
-3.072389 -2.263336 5.394119
-2.569452 -0.974977 4.514632
-2.521705 -1.658080 4.479951
-2.864546 -1.725190 5.146366
-3.422732 -2.399943 6.193353
-1.866207 -0.505839 3.399312
-2.717945 -1.613443 4.988008
-2.793674 -1.634469 5.182318
-2.547672 -1.869196 4.772915
-2.260070 -1.182742 4.391391
-2.742267 -1.724984 5.346438
-2.566623 -1.457171 5.008087
-2.566623 -1.457171 5.008087
-2.681684 -1.978698 5.254128
-1.848283 -1.066723 3.718976
-3.016763 -1.844932 6.108499
-2.580856 -1.574272 5.229357
-2.816052 -1.073199 5.771822
-2.316956 -0.754686 4.784895
-2.116170 -1.267655 4.369418
-2.739194 -2.054121 5.709001
-1.521276 -0.164769 3.160704
-2.133390 -0.227540 4.476860
-2.516071 -1.770965 5.287639
-2.687589 -1.665006 5.683766
-2.411437 -1.764747 5.242312
-1.695961 -1.028404 3.777672
-1.926530 -1.479011 4.309434
-2.231126 -1.607687 5.013045
-2.587102 -2.370504 5.823566
-2.017968 -0.317588 4.596105
-2.108672 -1.464194 4.792166
-1.749824 -0.109862 4.029135
-2.539385 -2.447159 5.871144
-2.740254 -2.630216 6.404558
-2.120640 -1.487164 4.957754
-2.269279 -1.763303 5.328819
-2.269279 -1.763303 5.328819
-2.046302 -0.813927 4.851397
-1.920562 -1.366187 4.559268
-1.927874 -1.433704 4.587056
-1.985527 -0.474882 4.757150
-1.930380 -0.323414 4.630368
-1.982465 -0.794639 4.770247
-3.440659 -3.133900 8.390738
-3.604481 -3.636102 8.836071
-3.604481 -3.636102 8.836071
-2.732362 -1.776123 6.706825
-2.211868 -1.721738 5.417338
-2.855292 -2.523735 7.040988
-2.855292 -2.523735 7.040988
-2.825298 -2.135272 7.005115
-2.571418 -1.816683 6.425447
-2.851337 -3.002088 7.132295
-2.851337 -3.002088 7.132295
-2.346712 -1.744989 5.870734
-2.390409 -2.376352 5.980762
-2.340536 -0.600271 5.959267
-2.340536 -0.600271 5.959267
-2.195804 -1.820649 5.582912
-2.147387 -1.660622 5.464033
-2.220481 -2.141959 5.657246
-2.266498 -0.326254 5.854692
-2.036744 -0.263791 5.297670
-1.982591 -0.458232 5.174116
-1.836890 -0.777350 4.793232
-1.645357 -0.086521 4.408696
-2.228317 -2.021240 5.991276
-1.579175 -0.205138 4.269383
-1.658376 -0.266686 4.551587
-1.658376 -0.266686 4.551587
-1.647390 -1.158875 4.504454
-1.647390 -1.158875 4.504454
-1.343079 -0.515956 3.662536
-1.343079 -0.515956 3.662536
-2.663999 -3.058129 7.354414
-1.690491 -1.310653 4.642098
-1.690491 -1.310653 4.642098
-1.904354 -1.759942 5.238401
-1.904354 -1.759942 5.238401
-2.187805 -1.670523 6.047701
-2.396867 -2.622707 6.621321
-2.045156 -1.974580 5.647909
-1.865531 -1.605800 5.161453
-1.865531 -1.605800 5.161453
-2.490121 -2.584630 6.936327
-1.603822 -0.072640 4.475727
-1.649669 -1.223205 4.591216
-1.640544 -0.206001 4.624627
-1.418513 -1.094113 4.001462
-1.634812 -0.535134 4.654840
-1.507931 -0.236539 4.305022
-1.959321 -0.788399 5.671705
-1.622079 -0.036061 4.718304
-1.997964 -1.708900 5.820205
-1.684239 -0.474646 4.929728
-1.932193 -1.518816 5.661887
-1.932193 -1.518816 5.661887
-1.716653 -1.584591 5.035286
-2.379693 -2.640659 7.046761
-1.590608 -0.140733 4.719263
-2.273940 -0.969682 6.786008
-1.470830 -0.569054 4.356230
-1.628247 -0.200713 4.853856
-1.437486 -0.632950 4.262280
-1.671342 -0.432877 4.997291
-1.515847 -0.028395 4.550742
-1.448821 -0.058819 4.349221
-1.519688 -1.333218 4.535422
-1.455513 -1.548053 4.347477
-1.524301 -0.432989 4.605985
-2.067615 -1.640523 6.279284
-1.747768 -1.510505 5.287469
-1.505229 -0.382086 4.574755
-1.505229 -0.382086 4.574755
-1.504822 -0.428249 4.585518
-1.838289 -2.080871 5.622878
-1.374970 -0.384006 4.244295
-1.531798 -0.437019 4.745868
-1.531798 -0.437019 4.745868
-1.623281 -0.429832 5.047325
-1.633278 -1.377265 5.080469
-1.567545 -0.348730 4.928101
-1.345962 -0.630475 4.242104
-2.222759 -2.197078 7.077242
-1.788094 -1.803638 5.661769
-1.788094 -1.803638 5.661769
-1.379422 -1.055600 4.387300
-1.784993 0.114490 5.773496
-1.489698 -1.060969 4.772492
-1.618313 -1.377608 5.228410
-1.618313 -1.377608 5.228410
-2.195858 -2.454064 7.138779
-2.195858 -2.454064 7.138779
-1.858370 -2.267208 6.015061
-1.779562 -1.856369 5.780969
-1.914323 -2.487473 6.215509
-1.427138 -1.365491 4.643048
-1.903221 -1.570539 6.270402
-1.420860 -0.990005 4.665777
-1.521772 -0.247270 5.046427
-1.443274 -1.228371 4.771886
-1.522860 -0.529090 5.070741
-1.321571 -0.626985 4.386032
-2.016929 -2.766915 6.772709
-1.460772 -1.196612 4.898353
-1.433193 -0.702477 4.851229
-1.601427 -1.775941 5.420231
-1.505487 -1.271974 5.122937
-1.664210 -1.878573 5.666552
-1.370897 -0.835518 4.663596
-1.449861 -0.798556 4.952064
-1.449861 -0.798556 4.952064
-1.661737 -1.832211 5.694206
-1.302135 -1.204408 4.452586
-2.122750 -2.614456 7.355223
-1.345184 -0.223374 4.668340
-1.330152 -0.311457 4.645722
-1.525877 -1.266543 5.390130
-1.291552 -0.839594 4.554235
-1.388545 -0.299137 5.031556
-1.449283 -1.419952 5.289518
-1.262360 -0.414421 4.617656
-1.600987 -0.967874 5.903736
-1.460055 -0.407103 5.392569
-1.377413 -0.420800 5.084261
-1.302033 -1.049993 4.776037
-1.436856 -1.454069 5.341890
-1.303483 -1.090964 4.836989
-1.200972 -0.902391 4.454353
-1.342739 -1.238096 5.008990
-1.450148 -1.073443 5.441836
-1.242971 -0.402243 4.704367
-1.476139 -1.241744 5.652434
-1.270257 -0.954092 4.898247
-1.899765 -3.049167 7.423487
-1.398059 -1.301715 5.486377
-1.356624 -1.957080 5.294383
-1.418000 -1.900591 5.559802
-1.438118 -1.465927 5.690869
-1.639307 -2.090845 6.508244
-1.406919 -1.376990 5.603145
-1.457934 -1.657205 5.837860
-1.766834 -2.965139 7.150120
-1.771079 -1.879307 7.372728
-1.921647 -3.138918 8.022465
-1.338890 -1.287825 5.577978
-1.270428 -1.294120 5.283075
-1.269171 -2.016555 5.359035
-1.273546 -1.210697 5.425025
-1.180772 -1.146119 5.027470
-1.596530 -1.978758 6.904255
-1.468892 -2.059940 6.328359
-1.207868 -1.876695 5.154101
-1.710153 -1.306170 7.481657
-1.230506 -1.488919 5.293745
-1.864561 -2.371103 8.433839
-1.026024 -0.780565 4.580898
-1.546462 -2.506351 7.088848
-1.346773 -2.084038 6.178660
-1.402527 -1.895217 6.476352
-1.306706 -1.970352 6.033512
-1.143899 -1.020232 5.335935
-1.472363 -2.507150 7.038847
-1.472363 -2.507150 7.038847
-1.241872 -1.686667 6.147467
-1.634348 -3.070436 8.137259
-1.231909 -1.162404 6.152321
-2.472969 -5.211665 12.508033
-1.425201 -2.362782 7.158327
-1.017226 -1.170381 5.058080
-1.899317 -3.632825 9.784809
-1.016835 -1.064609 5.161862
-1.827454 -3.290530 9.445559
-1.087056 -1.342958 5.608344
-1.580023 -2.650244 8.313507
-1.580023 -2.650244 8.313507
-1.439997 -2.835546 7.537893
-1.301067 -2.373146 6.927802
-1.427597 -2.509829 7.646286
-1.649293 -2.725071 8.944814
-1.649293 -2.725071 8.944814
-1.649293 -2.725071 8.944814
-0.933735 -1.070040 4.956783
-1.692740 -3.620224 9.181233
-1.398763 -2.331072 7.584552
-1.398763 -2.331072 7.584552
-2.121750 -3.324411 11.729181
-1.670728 -3.637707 9.087998
-1.261190 -1.798030 6.844278
-0.981692 -1.033633 5.310607
-1.027238 -1.068208 5.719688
-1.081902 -1.475252 6.033440
-1.081902 -1.475252 6.033440
-1.304467 -2.757028 7.328154
-0.927093 -1.162291 5.178123
-0.927093 -1.162291 5.178123
-1.484290 -3.237093 8.463568
-1.078866 -2.062150 6.104974
-2.439377 -5.868643 14.208573
-2.357687 -4.953160 13.965660
-2.364041 -5.900054 14.003393
-1.073511 -1.818706 6.309928
-0.791730 -1.247667 4.569395
-1.470049 -3.402827 9.046554
-1.215827 -2.130639 7.713464
-1.030600 -1.770252 6.551822
-1.095178 -2.260264 6.962049
-1.357939 -3.373374 8.704077
-1.357939 -3.373374 8.704077
-1.524963 -4.015141 9.936962
-1.172731 -2.777015 7.586874
-0.943101 -1.391347 6.143300
-1.138840 -2.297150 7.472179
-1.488245 -3.864906 9.896620
-0.790458 -1.053404 5.205665
-0.809086 -1.370138 5.369848
-1.296698 -3.338784 8.966964
-1.529099 -4.315082 10.713335
-0.648309 -0.784279 4.428794
-0.746752 -1.504199 5.141961
-1.413335 -4.199135 10.238200
-1.402499 -4.317818 10.184308
-0.686534 -0.923617 4.859774
-0.908516 -2.490629 6.506760
-0.999210 -1.988930 7.356126
-0.959989 -2.414469 7.051527
-0.952339 -2.596702 6.993531
-0.804861 -1.676234 5.887406
-0.804861 -1.676234 5.887406
-0.833516 -1.456660 6.169370
-0.976526 -2.536365 7.247550
-1.521624 -4.799529 11.851187
-0.858942 -1.824109 6.583261
-0.923436 -2.229282 7.224794
-0.923436 -2.229282 7.224794
-0.605214 -1.143734 4.604080
-0.795171 -1.615281 6.228122
-0.746080 -1.575527 5.841926
-0.847843 -1.983358 6.710417
-1.021346 -3.296252 8.123047
-0.960822 -2.715335 7.668211
-0.835711 -2.357992 6.606234
-1.064770 -3.536239 8.626962
-1.045302 -3.379310 8.700656
-0.715567 -1.889774 5.868714
-0.707364 -2.173194 5.826451
-0.843083 -2.190839 7.219089
-0.938882 -2.965070 8.148566
-1.236730 -4.291410 11.011267
-1.137924 -4.154925 10.167158
-0.686377 -2.066316 6.150717
-0.557205 -1.019398 5.085741
-0.557205 -1.019398 5.085741
-0.727885 -2.086376 6.836541
-1.055967 -4.179634 10.361384
-1.007810 -2.632776 10.315567
-0.823695 -2.987824 8.174223
-0.780848 -3.109930 8.001469
-0.647634 -2.058240 6.897372
-0.647634 -2.058240 6.897372
-0.647634 -2.058240 6.897372
-0.770896 -3.008315 8.518931
-0.770896 -3.008315 8.518931
-0.535348 -1.706596 5.908130
-0.542151 -2.299185 6.132650
-0.788974 -3.137577 9.521157
-0.586433 -2.383078 6.948663
-0.445957 -1.233510 5.166885
-0.694499 -2.864226 8.500452
-0.554172 -2.099252 6.643978
-0.554172 -2.099252 6.643978
-0.615993 -2.114288 7.715018
-0.749082 -3.240507 9.787338
-0.533339 -2.313362 6.703472
-0.533339 -2.313362 6.703472
-0.551378 -2.036429 7.059456
-0.687728 -3.283188 9.160087
-0.653234 -3.540354 8.555191
-0.534392 -2.150163 7.219682
-0.544116 -2.695128 7.470320
-0.585172 -3.099582 8.114043
-0.548021 -2.218727 8.089579
-0.375877 -0.985979 5.292200
-0.462262 -2.547184 6.543053
-0.587768 -3.809912 9.605000
-0.384489 -1.978200 5.985096
-0.383922 -1.289328 6.237802
-0.370944 -1.661399 5.996669
-0.369396 -1.491058 6.202616
-0.566760 -3.633325 9.941919
-0.320583 -0.741214 5.400362
-0.537534 -3.142522 9.716229
-0.530544 -3.600837 9.596513
-0.446699 -3.267113 8.154549
-0.333372 -1.538988 6.095203
-0.415638 -2.949225 8.163698
-0.344687 -2.358931 7.218676
-0.377533 -2.541358 8.182749
-0.409502 -3.618748 8.818832
-0.271350 -1.024434 6.195247
-0.265239 -1.247964 6.332904
-0.349294 -2.534716 8.911623
-0.443971 -4.873655 11.715020
-0.362861 -3.643994 9.312978
-0.362536 -3.787375 9.365634
-0.294313 -2.721243 7.298902
-0.274387 -2.230974 6.946028
-0.274387 -2.230974 6.946028
-0.296907 -2.318733 7.994002
-0.225631 -1.202129 5.808924
-0.189120 -0.815804 4.473574
-0.268634 -1.976626 7.537453
-0.238936 -1.574797 7.001126
-0.233903 -2.724683 7.636861
-0.285617 -4.340198 10.643034
-0.224091 -2.436572 8.417315
-0.229546 -3.295931 9.233955
-0.157534 -1.663427 6.052764
-0.151110 -1.540323 5.848730
-0.189760 -2.628118 8.356936
-0.208841 -3.362337 10.302765
-0.193282 -3.605261 9.161910
-0.148772 -2.809318 8.742178
-0.151737 -3.509514 8.492102
-0.155740 -3.879315 9.949534
-0.111315 -1.578338 6.521727
-0.122574 -2.295537 8.044849
-0.104268 -1.543694 5.664515
-0.106085 -2.467290 7.895414
-0.116898 -3.433308 9.275543
-0.088143 -1.638077 6.962649
-0.101035 -3.180724 9.530877
-0.068020 -1.229612 6.158234
-0.070442 -3.002431 8.503844
-0.066159 -2.620896 7.797641
-0.045274 -3.137871 8.877702
-0.028471 -2.009193 7.985846
-0.033428 -3.499428 8.826507
-0.010663 -2.887687 8.949179
-0.017707 -2.603674 7.995259
0.010630 -2.691229 9.195278
0.016302 -3.792729 10.474476
-0.006144 -2.594658 7.083396
0.014792 -3.274215 8.836821
0.038302 -3.463333 8.931857
0.047771 -3.072393 8.953108
0.057083 -3.280109 9.515602
0.066681 -3.719730 9.568695
0.046834 -3.094855 7.755129
0.090759 -2.994812 9.091420
0.102202 -2.623042 9.257161
0.099451 -2.546292 8.793528
0.105004 -3.310775 8.568995
0.126856 -3.876131 9.666784
0.131236 -3.621091 9.428482
0.140093 -3.651309 9.210710
0.291021 -3.863201 12.983429
0.184947 -2.289840 8.860223
0.269262 -2.609213 11.305665
0.246346 -2.599685 10.476506
0.218170 -4.368339 10.453412
0.176954 -3.342344 8.484255
0.218984 -3.904107 9.529669
0.214294 -3.396173 8.777088
0.388478 -4.638717 13.086717
0.336202 -4.372405 10.688470
0.419307 -5.042484 12.370809
0.329479 -3.393892 9.367861
0.412470 -3.453752 10.112762
0.429665 -4.032241 10.433968
0.394261 -3.595148 9.608958
0.400374 -2.119253 9.191327
0.356698 -1.867812 8.326100
0.356698 -1.867812 8.326100
0.640648 -5.608395 14.166061
0.395890 -3.331238 8.993768
0.308173 -1.521489 6.829782
0.391547 -3.333726 8.666052
0.644619 -2.650772 11.028085
0.509753 -3.179793 9.248368
0.509753 -3.179793 9.248368
0.468995 -1.835817 8.310270
0.490425 -3.396896 8.979049
0.559549 -2.418532 9.577764
0.548123 -3.643003 9.713953
0.485264 -1.731374 8.201795
0.583993 -3.026628 9.385147
0.462186 -2.992762 7.567266
0.706452 -3.106772 10.640190
0.808160 -4.415627 12.148266
0.506371 -1.596151 7.715794
0.625197 -1.896953 8.864551
0.768945 -3.508805 10.302240
0.986673 -4.966048 12.999099
0.952802 -4.584497 11.563831
0.862625 -3.496308 10.393245
1.189069 -5.153615 14.004314
1.189625 -3.371016 13.447112
0.773304 -3.281828 9.129344
0.961012 -4.286841 10.838292
1.279936 -4.859426 13.236594
1.175398 -4.841823 11.899789
0.706013 -1.273073 7.114516
1.051020 -4.132362 10.503154
1.506256 -5.419434 14.490904
1.146226 -3.927120 11.079351
1.205327 -4.289154 11.621715
1.205327 -4.289154 11.621715
1.073873 -2.573093 10.075999
0.790553 -1.680046 7.533398
0.998813 -2.215545 9.164039
1.398333 -4.411271 12.606479
1.341212 -4.543098 11.910536
1.348535 -4.856091 11.993037
0.993641 -2.068732 8.624963
1.509481 -4.611361 12.311799
1.377458 -4.210419 11.297370
0.725256 -2.195053 5.994881
0.979171 -2.338891 7.727412
1.280290 -3.514645 9.593395
1.832114 -5.026462 12.996858
1.474882 -3.429448 10.449313
1.618794 -4.257157 11.384624
1.137248 -1.867176 7.925958
2.017800 -3.773236 13.492617
1.308572 -3.406341 9.068969
1.199476 -2.047734 8.148073
1.464341 -2.918943 9.854571
1.215909 -1.632536 7.967489
1.279739 -1.910352 8.349862
1.386700 -1.954724 8.874049
1.286421 -2.709491 8.340642
1.627188 -2.847297 10.205911
2.152406 -4.694781 13.434921
1.386776 -2.346797 8.600781
1.967791 -3.461068 11.872360
1.725871 -2.780365 10.430783
1.500701 -1.069670 8.929550
0.900548 -1.253153 5.550680
1.682536 -2.619762 9.923723
1.923992 -4.014557 11.194954
1.939602 -3.292817 11.168459
1.454326 -1.721926 8.401959
1.418204 -2.228936 8.264846
1.540918 -2.020712 8.746523
1.540918 -2.020712 8.746523
1.572686 -1.911967 8.881701
1.216947 -1.461024 6.919957
2.735034 -3.827344 14.944496
1.394508 -1.910966 7.841100
1.981464 -2.735034 10.740934
2.581298 -4.676243 13.823778
1.715181 -2.761530 9.290011
1.433539 -2.524741 7.694421
1.433539 -2.524741 7.694421
1.590513 -2.635299 8.387315
1.463271 -1.721139 7.636629
1.463271 -1.721139 7.636629
1.858346 -3.182000 9.614242
1.631591 -2.260283 8.376451
1.278307 -1.216823 6.591667
2.237177 -3.948747 11.325096
1.275191 -1.693422 6.546842
1.198064 -1.723859 6.088999
2.911361 -3.395979 13.342573
1.435832 -1.603816 6.649567
1.704207 -1.468446 7.559368
2.723382 -3.607172 11.850060
3.419064 -4.057085 14.408178
2.457861 -2.697035 10.184253
3.076452 -3.468250 12.583741
2.831942 -2.721268 11.347342
3.777099 -2.845665 14.296766
3.244212 -3.468734 12.323631
3.276614 -4.066767 12.328101
2.186038 -1.966822 7.935459
2.700403 -2.644314 9.258904
1.862815 -1.539319 6.425370
2.471931 -1.573757 8.273711
3.849561 -4.840904 12.802855
4.497727 -4.652885 14.728969
4.303566 -2.573012 13.610443
3.833195 -3.263651 12.156932
3.879354 -3.675675 12.103445
3.401389 -3.837779 10.347059
2.760281 -1.605701 8.002966
3.674669 -2.104008 10.195731
2.877795 -2.099093 8.035338
3.943320 -2.224597 10.373464
5.801553 -3.445051 14.919966
5.004816 -3.701070 12.120159
5.626646 -3.653225 13.421532
6.578121 -4.203395 13.489514
6.578121 -4.203395 13.489514
-0.456677 -0.190068 0.605103
-0.444628 -0.154976 0.590460
-0.442500 -0.218194 0.592025
-0.477705 -0.185598 0.641532
-0.459430 -0.158877 0.620917
-0.459430 -0.158877 0.620917
-0.451498 -0.216966 0.617747
-0.466877 -0.195526 0.647261
-0.474533 -0.178779 0.660342
-0.461661 -0.188428 0.650359
-0.459542 -0.203898 0.649392
-0.459542 -0.203898 0.649392
-0.469334 -0.230261 0.664389
-0.472660 -0.238877 0.671868
-0.461325 -0.194309 0.656572
-0.485423 -0.242658 0.695360
-0.465482 -0.226583 0.675458
-0.476581 -0.237061 0.691851
-0.449135 -0.165212 0.652503
-0.511311 -0.277017 0.746566
-0.448667 -0.103239 0.655827
-0.462678 -0.184156 0.682750
-0.462678 -0.184156 0.682750
-0.468669 -0.200244 0.695110
-0.457589 -0.176861 0.680199
-0.482768 -0.193624 0.719067
-0.480758 -0.221680 0.717703
-0.467135 -0.173278 0.699535
-0.473127 -0.145151 0.706861
-0.478132 -0.249504 0.721261
-0.451574 -0.164276 0.679220
-0.484368 -0.173799 0.730733
-0.502680 -0.257498 0.761416
-0.465565 -0.160618 0.703367
-0.442259 -0.110232 0.669644
-0.452791 -0.069579 0.682718
-0.448622 -0.125997 0.681862
-0.479653 -0.182054 0.730806
-0.479653 -0.182054 0.730806
-0.497798 -0.196934 0.758822
-0.445562 -0.116150 0.679152
-0.477394 -0.192508 0.729723
-0.457445 -0.158060 0.703055
-0.471329 -0.199833 0.726758
-0.429991 -0.064942 0.660131
-0.429991 -0.064942 0.660131
-0.470431 -0.232400 0.732315
-0.434211 -0.065657 0.670299
-0.439751 -0.088349 0.684288
-0.430803 -0.072819 0.671439
-0.430803 -0.072819 0.671439
-0.464119 -0.211033 0.729183
-0.461140 -0.172797 0.725145
-0.459419 -0.145585 0.721756
-0.475464 -0.201267 0.751574
-0.393377 -0.060730 0.621066
-0.446590 -0.122269 0.706743
-0.456835 -0.138358 0.727909
-0.470819 -0.200137 0.753082
-0.481221 -0.193418 0.769467
-0.432749 -0.076144 0.689279
-0.458224 -0.155515 0.733792
-0.468593 -0.173515 0.750658
-0.464439 -0.147530 0.743583
-0.452702 -0.134013 0.724923
-0.427182 -0.059736 0.682186
-0.433047 -0.096131 0.695495
-0.411841 -0.054556 0.662098
-0.439821 -0.106864 0.709165
-0.483554 -0.183008 0.782745
-0.455260 -0.181635 0.739023
-0.474616 -0.123843 0.766732
-0.446527 -0.187596 0.730200
-0.475252 -0.214073 0.777309
-0.455731 -0.221560 0.747417
-0.437129 -0.098775 0.713642
-0.459544 -0.121601 0.752910
-0.461218 -0.186695 0.759481
-0.423171 -0.075827 0.694045
-0.475546 -0.250800 0.787830
-0.455327 -0.169991 0.752440
-0.450269 -0.168563 0.744979
-0.483777 -0.228934 0.805757
-0.424249 -0.071528 0.702858
-0.441693 -0.098489 0.732371
-0.444452 -0.144733 0.742518
-0.459220 -0.173943 0.767836
-0.456643 -0.142457 0.762281
-0.443775 -0.122812 0.741502
-0.459967 -0.209191 0.773554
-0.449513 -0.165548 0.755978
-0.471382 -0.111521 0.788448
-0.453160 -0.160801 0.761993
-0.465295 -0.189322 0.785557
-0.461747 -0.240486 0.783792
-0.459790 -0.175176 0.777881
-0.471638 -0.145493 0.797121
-0.436925 -0.142751 0.740566
-0.463117 -0.213697 0.788480
-0.463117 -0.213697 0.788480
-0.468307 -0.200023 0.796433
-0.444490 -0.093513 0.752287
-0.516414 -0.346195 0.889978
-0.425859 -0.124239 0.729468
-0.481549 -0.270394 0.829529
-0.426383 -0.074067 0.728240
-0.478817 -0.245564 0.824890
-0.526499 -0.339568 0.908971
-0.456132 -0.177295 0.784681
-0.456132 -0.177295 0.784681
-0.489739 -0.283768 0.846963
-0.433441 -0.122907 0.749701
-0.438015 -0.135641 0.758214
-0.476092 -0.265337 0.829989
-0.457508 -0.154516 0.794867
-0.443515 -0.156812 0.774762
-0.511386 -0.303605 0.898294
-0.433926 -0.108885 0.757416
-0.452788 -0.198537 0.795682
-0.418506 -0.257726 0.742727
-0.437871 -0.216473 0.775116
-0.461548 -0.228460 0.815814
-0.473088 -0.244703 0.838670
-0.445111 -0.195708 0.791370
-0.448035 -0.160353 0.795925
-0.446139 -0.170222 0.794463
-0.469839 -0.257666 0.840965
-0.442481 -0.127595 0.790365
-0.454873 -0.194418 0.817544
-0.443683 -0.185397 0.803744
-0.436052 -0.111747 0.786265
-0.449221 -0.149562 0.812940
-0.430955 -0.214622 0.784646
-0.467697 -0.203469 0.849663
-0.416637 -0.091493 0.754805
-0.438853 -0.155681 0.798612
-0.453257 -0.177556 0.836943
-0.433334 -0.139644 0.802835
-0.433334 -0.139644 0.802835
-0.463044 -0.220944 0.860784
-0.423577 -0.115585 0.784633
-0.420915 -0.091741 0.778592
-0.429575 -0.121937 0.796002
-0.438007 -0.162615 0.814501
-0.452939 -0.185210 0.843220
-0.454556 -0.213987 0.848334
-0.467952 -0.231909 0.876155
-0.428174 -0.130880 0.799251
-0.447325 -0.154929 0.835534
-0.458501 -0.162990 0.857548
-0.425626 -0.088626 0.797444
-0.430120 -0.136269 0.809144
-0.430604 -0.124736 0.810111
-0.432836 -0.143928 0.817692
-0.469278 -0.198710 0.887499
-0.430070 -0.153546 0.818331
-0.498527 -0.332817 0.955340
-0.478576 -0.259330 0.914861
-0.477126 -0.309224 0.916686
-0.460179 -0.202353 0.880203
-0.423931 -0.104513 0.809775
-0.436575 -0.138744 0.836105
-0.435842 -0.157812 0.836341
-0.450471 -0.195837 0.872912
-0.451562 -0.217940 0.879901
-0.475574 -0.250355 0.927671
-0.443735 -0.212203 0.873299
-0.443735 -0.212203 0.873299
-0.450983 -0.209833 0.889813
-0.463153 -0.232776 0.918222
-0.471012 -0.257854 0.936265
-0.470533 -0.266852 0.936184
-0.468361 -0.278050 0.936525
-0.455776 -0.232631 0.910889
-0.464101 -0.197385 0.926383
-0.477350 -0.278671 0.960553
-0.498378 -0.310071 1.003562
-0.459396 -0.202198 0.923731
-0.467361 -0.251822 0.943557
-0.464247 -0.229983 0.937236
-0.479069 -0.249932 0.969041
-0.455527 -0.273741 0.927551
-0.433347 -0.195963 0.882197
-0.440498 -0.188111 0.896189
-0.466461 -0.223959 0.951205
-0.454804 -0.206451 0.937128
-0.466330 -0.313382 0.979155
-0.472731 -0.256498 0.991398
-0.497668 -0.312907 1.048955
-0.491105 -0.303601 1.045034
-0.580617 -0.489399 1.252629
-0.498327 -0.344145 1.077951
-0.474035 -0.345023 1.066702
-0.560007 -0.513240 1.282246
-0.536248 -0.459870 1.280913
-0.506303 -0.340467 1.205783
-0.498175 -0.375186 1.212694
-0.534637 -0.479029 1.339611
-0.555914 -0.518003 1.400584
-0.541439 -0.515111 1.383382
-0.541439 -0.515111 1.383382
-0.502689 -0.471246 1.340512
-0.305266 -0.009900 0.813458
-0.509325 -0.545986 1.406972
-0.386198 -0.266912 1.090164
-0.487296 -0.489191 1.422594
-0.487296 -0.489191 1.422594
-0.499827 -0.557522 1.506857
-0.461649 -0.529888 1.408672
-0.500449 -0.594754 1.552354
-0.505629 -0.593893 1.626596
-0.505629 -0.593893 1.626596
-0.389654 -0.314506 1.243905
-0.399751 -0.393251 1.294361
-0.522496 -0.680403 1.784906
-0.339625 -0.258151 1.143555
-0.339625 -0.258151 1.143555
-0.429441 -0.478457 1.470700
-0.509637 -0.696215 1.768881
-0.510637 -0.702863 1.799486
-0.522473 -0.768711 1.862028
-0.489524 -0.725250 1.780843
-0.298635 -0.218863 1.070824
-0.437153 -0.683513 1.684289
-0.437153 -0.683513 1.684289
-0.367676 -0.453255 1.423291
-0.440274 -0.692661 1.790423
-0.365035 -0.430733 1.470067
-0.414212 -0.685283 1.715387
-0.348511 -0.442307 1.461883
-0.307493 -0.301361 1.342790
-0.392560 -0.686113 1.756290
-0.349574 -0.475360 1.559152
-0.415973 -0.776746 1.921181
-0.415973 -0.776746 1.921181
-0.350686 -0.564161 1.637506
-0.353211 -0.556977 1.681448
-0.350209 -0.591936 1.676663
-0.402885 -0.739167 1.945828
-0.402885 -0.739167 1.945828
-0.389962 -0.700396 1.881131
-0.340889 -0.594312 1.742663
-0.375268 -0.799034 1.946387
-0.280044 -0.396758 1.434432
-0.258784 -0.351247 1.326396
-0.258784 -0.351247 1.326396
-0.278112 -0.448330 1.532785
-0.301663 -0.662557 1.804814
-0.312351 -0.723548 1.882709
-0.262776 -0.680607 1.775579
-0.189473 -0.347817 1.286194
-0.230384 -0.476643 1.623714
-0.203929 -0.382526 1.480597
-0.215503 -0.533529 1.622206
-0.215503 -0.533529 1.622206
-0.190586 -0.403815 1.491991
-0.226727 -0.642399 1.873778
-0.230784 -0.705010 1.932057
-0.230784 -0.705010 1.932057
-0.160772 -0.484924 1.679600
-0.152655 -0.531330 1.713144
-0.122122 -0.387505 1.499810
-0.124378 -0.463632 1.633698
-0.110041 -0.469609 1.610385
-0.104758 -0.422165 1.569864
-0.107909 -0.496370 1.686757
-0.087647 -0.473615 1.662804
-0.085388 -0.472208 1.626973
-0.075956 -0.497285 1.701701
-0.068770 -0.362962 1.453747
-0.068770 -0.362962 1.453747
-0.042725 -0.479791 1.674256
-0.036269 -0.795722 2.211553
-0.010668 -0.743802 2.073203
-0.003374 -0.562476 1.811979
0.013749 -0.806623 2.189982
0.015924 -0.707447 2.044732
0.015924 -0.707447 2.044732
0.019203 -0.600762 1.823926
0.022665 -0.394700 1.514228
0.022665 -0.394700 1.514228
0.038739 -0.664363 1.893277
0.042623 -0.521849 1.732926
0.076733 -0.863834 2.343965
0.055263 -0.579432 1.832621
0.078598 -0.681175 1.960129
0.105800 -0.933101 2.343171
0.067991 -0.484756 1.605027
0.073647 -0.471533 1.609680
0.108435 -0.746461 2.120540
0.112123 -0.807374 2.132956
0.064731 -0.359421 1.433412
0.104788 -0.720345 1.965533
0.070266 -0.389366 1.464601
0.070266 -0.389366 1.464601
0.122707 -0.739387 2.020867
0.146026 -0.877927 2.321201
0.116095 -0.595513 1.774059
0.105727 -0.491495 1.627226
0.168157 -0.923711 2.351190
0.145070 -0.753507 2.056875
0.105050 -0.413403 1.507151
0.113446 -0.366078 1.466284
0.152641 -0.609527 1.832741
0.170954 -0.689096 1.978726
0.191310 -0.796933 2.175789
0.161725 -0.599304 1.792474
0.130338 -0.373757 1.477105
0.175236 -0.622723 1.855465
0.166134 -0.558012 1.751456
0.198346 -0.715602 2.009455
0.193625 -0.634484 1.827859
0.193625 -0.634484 1.827859
0.153895 -0.366576 1.470542
0.239996 -0.784703 2.064006
0.157548 -0.364311 1.365144
0.157548 -0.364311 1.365144
0.191251 -0.473070 1.602771
0.239334 -0.652779 1.846409
0.252694 -0.603615 1.707987
0.195398 -0.312767 1.269174
0.375549 -0.806970 2.152349
0.302048 -0.582400 1.749201
0.249351 -0.412097 1.464528
0.264817 -0.349812 1.440424
0.415802 -0.812225 2.113939
0.360959 -0.673481 1.849854
0.413265 -0.787133 2.074433
0.408968 -0.750484 2.029779
0.453225 -0.845142 2.183559
0.453225 -0.845142 2.183559
0.324217 -0.470330 1.612627
0.336898 -0.527489 1.660724
0.333544 -0.461615 1.572458
0.280550 -0.309153 1.338070
0.324602 -0.412406 1.490382
0.282678 -0.279319 1.258532
0.370028 -0.497904 1.588728
0.380851 -0.460404 1.574135
0.326685 -0.370283 1.367047
0.422248 -0.527961 1.695119
0.443474 -0.555494 1.749983
0.534289 -0.754022 2.014737
0.320531 -0.285088 1.246888
0.403037 -0.375383 1.450064
0.434830 -0.440791 1.470537
0.415807 -0.407857 1.410787
0.402398 -0.373507 1.349244
0.393546 -0.372379 1.307517
0.455012 -0.451898 1.476709
0.477153 -0.533103 1.498141
0.469145 -0.422388 1.468546
0.524491 -0.506536 1.593216
0.601894 -0.666665 1.786515
0.483412 -0.419336 1.416291
0.445948 -0.354345 1.293601
0.643231 -0.627118 1.732772
0.749769 -0.600368 1.946681
0.719867 -0.536277 1.842908
0.761871 -0.556826 1.918879
0.733001 -0.578827 1.848253
0.714796 -0.500620 1.733407
0.741314 -0.512637 1.768128
0.788414 -0.547819 1.863795
0.784687 -0.574391 1.853141
0.804982 -0.548807 1.889593
0.764591 -0.517926 1.791578
0.792199 -0.519334 1.772394
0.057179 0.021419 0.116670
0.042385 0.000719 0.155863
0.058149 0.020477 0.118781
0.058938 0.021289 0.121957
0.058934 0.022696 0.124584
0.060567 0.018767 0.118246
0.059857 0.021306 0.123250
0.048642 -0.003879 0.154639
0.060893 0.020070 0.121145
0.047857 -0.003375 0.158312
0.046428 0.006983 0.167143
0.061306 0.017305 0.121346
0.051120 -0.004845 0.153079
0.062209 0.017208 0.120597
0.051350 -0.000150 0.163775
0.063514 0.016023 0.119583
0.054705 -0.002751 0.155446
0.053152 -0.004073 0.163655
0.053580 -0.003003 0.161009
0.065028 0.015080 0.120468
0.055930 -0.008209 0.164863
0.066521 0.013768 0.121908
0.066416 0.014883 0.124257
0.067709 0.015679 0.125914
0.068570 0.016146 0.127039
0.068886 0.015263 0.125933
0.069092 0.013461 0.125990
0.064863 0.000508 0.168092
0.071131 0.012720 0.125996
0.065987 0.000696 0.172146
0.066968 -0.009527 0.165634
0.072149 0.017481 0.130258
0.067646 0.003633 0.161641
0.072231 0.022202 0.135165
0.067973 0.008686 0.164968
0.072809 0.011532 0.128089
0.073074 0.016429 0.130509
0.073190 0.018856 0.132320
0.073475 0.021581 0.133064
0.073475 0.021581 0.133064
0.073550 0.023973 0.135395
0.073467 0.019273 0.134886
0.073467 0.019273 0.134886
0.073993 0.017760 0.133250
0.070842 -0.005965 0.157801
0.074212 0.020545 0.135263
0.074779 0.018753 0.132551
0.074895 0.020284 0.133744
0.076486 0.015899 0.131821
0.073784 -0.007391 0.166059
0.074555 0.002099 0.167304
0.075586 0.003960 0.162353
0.075742 -0.001192 0.166819
0.078079 0.010358 0.131593
0.078380 0.013262 0.131305
0.078347 0.009339 0.130769
0.077399 0.003646 0.176795
0.078440 -0.002716 0.174200
0.079805 0.009363 0.131405
0.080121 -0.002911 0.175731
0.080503 0.011591 0.134506
0.080773 0.013653 0.134182
0.080541 -0.005931 0.159528
0.081221 0.010230 0.134665
0.081845 0.011934 0.135596
0.081915 -0.001504 0.168396
0.082128 0.003447 0.168086
0.084229 -0.005156 0.171744
0.084238 -0.000970 0.174262
0.083163 0.004254 0.132133
0.084735 -0.007174 0.169859
0.084003 0.013373 0.137886
0.084174 0.008812 0.133744
0.084174 0.008812 0.133744
0.084734 -0.010537 0.159146
0.084451 0.011628 0.136016
0.086079 0.003984 0.133924
0.086265 0.005258 0.134167
0.086448 0.006058 0.135282
0.086885 0.013638 0.139072
0.089089 -0.001053 0.168399
0.087684 0.014883 0.138813
0.087453 0.003423 0.135278
0.089838 -0.009816 0.162627
0.090608 -0.001737 0.169275
0.088355 0.010365 0.137818
0.088605 0.014108 0.139930
0.088723 0.013321 0.138589
0.088691 0.002080 0.135813
0.091219 -0.006902 0.163850
0.094062 -0.007714 0.180223
0.091948 -0.011234 0.161744
0.090743 0.011629 0.140296
0.094522 -0.004338 0.171191
0.091253 0.013858 0.138087
0.094157 -0.007932 0.164834
0.094239 -0.009851 0.162977
0.094658 -0.004020 0.165960
0.096264 -0.005943 0.172302
0.094658 -0.012283 0.161378
0.095687 -0.005133 0.165915
0.093526 0.001831 0.137690
0.093526 0.001831 0.137690
0.095311 0.003577 0.138815
0.095311 0.003577 0.138815
0.096619 -0.000372 0.138753
0.096731 -0.002232 0.139024
0.096633 -0.001646 0.138366
0.100502 0.018863 0.142725
0.100562 0.018555 0.142113
0.106556 0.010982 0.166307
0.101512 0.014433 0.141261
0.102454 0.016851 0.143526
0.106657 0.004182 0.160333
0.108158 0.009607 0.166271
0.102675 0.021587 0.142640
0.103225 0.014292 0.142666
0.108651 0.011898 0.165278
0.103641 0.018543 0.142246
0.109331 0.006812 0.163427
0.105457 0.020301 0.142693
0.106946 0.013500 0.142603
0.107295 0.017443 0.143117
0.107282 0.019112 0.142748
0.107924 0.012683 0.141978
0.108092 0.020301 0.143272
0.108476 0.014350 0.142879
0.108386 0.018465 0.142553
0.109310 0.016403 0.141722
0.110058 0.017838 0.143057
0.110678 0.012740 0.142136
0.110459 0.019043 0.142165
0.110769 0.017516 0.142554
0.118414 0.011648 0.160916
0.111952 0.017508 0.141012
0.113460 0.015339 0.142753
0.113103 0.019558 0.141004
0.120729 0.009770 0.160410
0.121693 0.004827 0.161256
0.114407 0.019816 0.141452
0.114333 0.021002 0.140929
0.115873 0.012642 0.142976
0.115062 0.020039 0.141688
0.115234 0.019200 0.141491
0.116666 0.013076 0.142062
0.123423 0.004784 0.158113
0.116836 0.015964 0.141427
0.124853 0.004575 0.159861
0.117192 0.017515 0.141526
0.129807 -0.004003 0.141829
0.130642 -0.006095 0.141802
0.130951 -0.004884 0.142212
0.130981 -0.002884 0.142177
0.130929 -0.002433 0.141247
0.131405 -0.005144 0.141555
0.131538 -0.002312 0.142378
0.132481 -0.003778 0.142330
0.133414 -0.004501 0.141524
0.133414 -0.004501 0.141524
-0.118013 -0.040353 0.176080
-0.119229 -0.033241 0.177118
-0.116249 -0.048710 0.175361
-0.116852 -0.042771 0.176123
-0.119150 -0.034557 0.177956
-0.120235 -0.025449 0.179622
-0.121167 -0.009233 0.181121
-0.119784 -0.018940 0.180017
-0.118222 -0.044157 0.180140
-0.116867 -0.048054 0.179277
-0.118589 -0.039137 0.181054
-0.120579 -0.011287 0.184004
-0.118679 -0.033398 0.182482
-0.120194 -0.027931 0.183691
-0.120879 -0.016837 0.184387
-0.120008 -0.009898 0.183967
-0.116478 -0.044233 0.181090
-0.116478 -0.044233 0.181090
-0.117895 -0.030387 0.182803
-0.120194 -0.015313 0.185026
-0.117201 -0.038221 0.182590
-0.118234 -0.039924 0.183441
-0.118234 -0.039924 0.183441
-0.120029 -0.013012 0.185393
-0.116367 -0.047857 0.182549
-0.116367 -0.047857 0.182549
-0.120436 -0.014500 0.186017
-0.119868 -0.027656 0.185518
-0.118262 -0.046427 0.184112
-0.121632 -0.011644 0.187914
-0.119400 -0.008357 0.186303
-0.119400 -0.008357 0.186303
-0.115927 -0.050184 0.183254
-0.115460 -0.043900 0.183116
-0.118811 -0.030204 0.185910
-0.121466 -0.010123 0.188205
-0.117370 -0.005727 0.185291
-0.115750 -0.040992 0.183872
-0.116049 -0.048199 0.184554
-0.120654 -0.018526 0.188459
-0.122962 -0.013461 0.190367
-0.119290 -0.007816 0.188126
-0.116818 -0.050982 0.186024
-0.118345 -0.029945 0.187627
-0.118785 -0.023535 0.188074
-0.117147 -0.039748 0.186817
-0.118490 -0.020737 0.188151
-0.116484 -0.042837 0.186441
-0.116484 -0.042837 0.186441
-0.115793 -0.040095 0.185964
-0.119800 -0.023027 0.189251
-0.119391 -0.015695 0.189287
-0.120251 -0.020725 0.190877
-0.118634 -0.030491 0.189643
-0.118642 -0.027263 0.189781
-0.117745 -0.029155 0.189212
-0.116342 -0.045108 0.187976
-0.116862 -0.005759 0.188826
-0.113288 -0.038943 0.186161
-0.118257 -0.036400 0.190396
-0.116310 -0.009717 0.189208
-0.115514 -0.051020 0.188680
-0.118344 -0.021879 0.191236
-0.117938 -0.037553 0.191144
-0.117938 -0.037553 0.191144
-0.117727 -0.042705 0.191155
-0.116812 -0.040547 0.190562
-0.114322 -0.051131 0.188920
-0.117782 -0.038971 0.191755
-0.117782 -0.038971 0.191755
-0.117910 -0.030963 0.192417
-0.119594 -0.013670 0.194351
-0.114982 -0.039715 0.190786
-0.118077 -0.018183 0.193566
-0.119147 -0.015381 0.194467
-0.116427 -0.047399 0.192122
-0.115140 -0.045396 0.191381
-0.114694 -0.048600 0.191700
-0.114694 -0.048600 0.191700
-0.117112 -0.018146 0.194749
-0.117398 -0.027636 0.195016
-0.117051 -0.025197 0.194943
-0.117051 -0.025197 0.194943
-0.121182 -0.044739 0.199060
-0.117320 -0.017352 0.196445
-0.118842 -0.013628 0.198409
-0.118511 -0.015948 0.198340
-0.115899 -0.010223 0.196579
-0.117054 -0.007620 0.197770
-0.115726 -0.044724 0.196663
-0.118622 -0.018941 0.199346
-0.116916 -0.020463 0.198056
-0.114995 -0.041941 0.197456
-0.117452 -0.025032 0.199702
-0.115629 -0.047099 0.198264
-0.116516 -0.031903 0.199173
-0.113625 -0.051393 0.197222
-0.116993 -0.028242 0.200518
-0.114445 -0.050554 0.198983
-0.115005 -0.035447 0.199647
-0.115005 -0.035447 0.199647
-0.115280 -0.044495 0.200545
-0.118520 -0.020373 0.203638
-0.115780 -0.031155 0.201664
-0.117534 -0.018712 0.203454
-0.115921 -0.037069 0.202289
-0.116442 -0.018301 0.203016
-0.114483 -0.047641 0.201854
-0.115748 -0.029310 0.203068
-0.114567 -0.031711 0.202336
-0.115553 -0.026023 0.204403
-0.114978 -0.034983 0.203917
-0.114689 -0.039706 0.203662
-0.113050 -0.007717 0.202645
-0.117733 -0.031818 0.206862
-0.115146 -0.014165 0.205138
-0.114895 -0.042043 0.204989
-0.113108 -0.035379 0.203937
-0.111473 -0.054265 0.202477
-0.116560 -0.034451 0.207386
-0.114430 -0.023364 0.206173
-0.114430 -0.023364 0.206173
-0.113490 -0.008238 0.205966
-0.113556 -0.016319 0.205976
-0.113556 -0.016319 0.205976
-0.112663 -0.006595 0.206686
-0.112063 -0.034767 0.206162
-0.113791 -0.036222 0.207946
-0.115992 -0.028013 0.210016
-0.110926 -0.053161 0.205499
-0.114738 -0.015561 0.209288
-0.113084 -0.038135 0.207848
-0.113227 -0.040170 0.208011
-0.110742 -0.044662 0.205844
-0.114112 -0.010365 0.209711
-0.113124 -0.032520 0.208778
-0.112089 -0.051443 0.207971
-0.112632 -0.042332 0.208556
-0.114041 -0.034759 0.210858
-0.112240 -0.055740 0.209390
-0.113454 -0.023969 0.210762
-0.113876 -0.035612 0.211136
-0.114473 -0.018551 0.211971
-0.111073 -0.058529 0.208876
-0.114245 -0.017845 0.211945
-0.110239 -0.046307 0.208367
-0.113604 -0.025774 0.211749
-0.113030 -0.027055 0.211530
-0.112767 -0.023371 0.212282
-0.112620 -0.039248 0.212589
-0.109705 -0.008562 0.210287
-0.113235 -0.018272 0.213686
-0.110088 -0.055241 0.210873
-0.110088 -0.055241 0.210873
-0.112507 -0.009023 0.213393
-0.114424 -0.021870 0.215164
-0.110863 -0.013608 0.211978
-0.111101 -0.042186 0.212277
-0.111424 -0.035060 0.212715
-0.110053 -0.041305 0.211579
-0.108080 -0.058018 0.210467
-0.112035 -0.037702 0.214256
-0.110926 -0.022280 0.213425
-0.111661 -0.040056 0.214254
-0.111061 -0.010093 0.214402
-0.108431 -0.046296 0.212258
-0.113116 -0.015705 0.216947
-0.112332 -0.016920 0.216276
-0.112246 -0.053323 0.216209
-0.113050 -0.019462 0.217174
-0.108877 -0.054675 0.214086
-0.111772 -0.046711 0.217133
-0.111772 -0.046711 0.217133
-0.110485 -0.047966 0.216079
-0.112079 -0.033599 0.217930
-0.111871 -0.010237 0.218204
-0.108580 -0.054955 0.215328
-0.111673 -0.037024 0.218462
-0.107151 -0.056602 0.214152
-0.111269 -0.017503 0.218327
-0.110087 -0.010908 0.217423
-0.108082 -0.054501 0.215773
-0.112086 -0.025878 0.220068
-0.111470 -0.020534 0.219553
-0.111470 -0.020534 0.219553
-0.105911 -0.055819 0.214254
-0.111001 -0.038793 0.219632
-0.108999 -0.026376 0.217878
-0.110952 -0.032351 0.220767
-0.111580 -0.041192 0.221607
-0.106813 -0.060344 0.217610
-0.110564 -0.023159 0.221503
-0.107386 -0.032571 0.218705
-0.109146 -0.006164 0.220647
-0.110659 -0.019097 0.222688
-0.107861 -0.043498 0.220203
-0.110624 -0.019582 0.223160
-0.108498 -0.042721 0.221107
-0.109174 -0.017225 0.221832
-0.109575 -0.003691 0.222426
-0.110729 -0.030258 0.223623
-0.103707 -0.057890 0.216775
-0.108787 -0.031434 0.222014
-0.107815 -0.061959 0.221135
-0.110195 -0.029199 0.223548
-0.106112 -0.062705 0.219493
-0.108796 -0.041495 0.222590
-0.109362 0.000496 0.223374
-0.108464 -0.037118 0.222534
-0.109644 -0.043039 0.223980
-0.109944 -0.005691 0.224679
-0.109944 -0.005691 0.224679
-0.111040 -0.000735 0.226199
-0.105309 -0.065949 0.220477
-0.108180 -0.033656 0.223559
-0.109285 0.001007 0.224996
-0.108650 -0.020778 0.224587
-0.105948 -0.062871 0.221869
-0.109093 -0.022802 0.225280
-0.109093 -0.022802 0.225280
-0.107260 -0.028266 0.224264
-0.108438 -0.017728 0.225703
-0.109969 -0.005107 0.227290
-0.105602 -0.058069 0.223165
-0.105369 -0.061161 0.223196
-0.106889 -0.031927 0.224939
-0.106445 -0.025590 0.225152
-0.109019 -0.006852 0.228315
-0.104362 -0.063446 0.223778
-0.106342 -0.028166 0.225847
-0.107568 -0.019408 0.227456
-0.106803 -0.040010 0.226955
-0.107139 -0.022452 0.227794
-0.110359 -0.008886 0.231157
-0.103599 -0.065317 0.224543
-0.106094 -0.036336 0.227702
-0.107281 -0.037608 0.229222
-0.110012 -0.017620 0.232112
-0.103569 -0.064987 0.225531
-0.103569 -0.064987 0.225531
-0.106698 -0.034561 0.228741
-0.108969 -0.003517 0.231152
-0.106784 0.002657 0.229271
-0.109715 0.001061 0.232498
-0.110778 -0.012681 0.233923
-0.105974 -0.038659 0.229068
-0.108562 -0.029204 0.231882
-0.107202 0.003353 0.230543
-0.107202 0.003353 0.230543
-0.104755 -0.066211 0.228461
-0.104334 -0.047595 0.228642
-0.107824 -0.034073 0.232963
-0.107757 -0.005223 0.232887
-0.106150 -0.061940 0.231416
-0.106965 -0.053811 0.232310
-0.108016 -0.000335 0.233359
-0.105520 -0.054438 0.230919
-0.107686 -0.015218 0.233670
-0.105582 -0.035984 0.231506
-0.107241 -0.018342 0.234176
-0.105135 -0.054039 0.232298
-0.104489 -0.046102 0.231616
-0.102920 -0.066918 0.230777
-0.106807 -0.012780 0.234983
-0.108586 -0.016999 0.236904
-0.107777 -0.015996 0.236253
-0.108133 -0.028588 0.236925
-0.108133 -0.028588 0.236925
-0.102062 -0.069781 0.230581
-0.105952 -0.038062 0.235874
-0.105884 -0.042418 0.236042
-0.102830 -0.047413 0.232967
-0.102830 -0.047413 0.232967
-0.102565 -0.068254 0.232846
-0.103745 -0.064171 0.234152
-0.104847 -0.022655 0.235473
-0.106692 -0.000357 0.237463
-0.106692 -0.000357 0.237463
-0.104294 -0.072179 0.235411
-0.104888 -0.054568 0.237071
-0.103106 -0.020556 0.235279
-0.103106 -0.020556 0.235279
-0.104616 -0.060087 0.237293
-0.102281 -0.069496 0.234774
-0.107088 -0.010133 0.239921
-0.104819 -0.041632 0.237589
-0.105862 -0.010615 0.239009
-0.102264 -0.071276 0.235663
-0.104783 -0.043294 0.238615
-0.104602 -0.005505 0.238334
-0.104718 -0.004439 0.238752
-0.105460 -0.033367 0.239858
-0.105422 -0.014201 0.239811
-0.106678 -0.000865 0.241509
-0.104393 -0.007097 0.239705
-0.104397 -0.001972 0.239776
-0.103582 -0.000277 0.239442
-0.104786 -0.043753 0.241059
-0.105237 -0.022987 0.241979
-0.102993 0.000956 0.239449
-0.102993 0.000956 0.239449
-0.103917 -0.003899 0.241018
-0.103917 -0.003899 0.241018
-0.100368 -0.071603 0.238075
-0.104649 -0.025898 0.242688
-0.103800 -0.012508 0.241831
-0.100004 -0.061212 0.237812
-0.102698 -0.047149 0.241005
-0.101698 -0.002096 0.240310
-0.102229 -0.007425 0.241117
-0.101713 -0.034507 0.241301
-0.104356 -0.013956 0.244515
-0.103770 -0.033014 0.244232
-0.099798 -0.068118 0.240190
-0.099798 -0.068118 0.240190
-0.103198 -0.015355 0.243781
-0.103645 -0.044097 0.244503
-0.099259 -0.067935 0.240733
-0.099259 -0.067935 0.240733
-0.102484 -0.041779 0.244549
-0.098986 -0.065820 0.241033
-0.100416 -0.070967 0.242807
-0.099301 -0.067278 0.241546
-0.101743 -0.030269 0.244246
-0.098550 -0.054362 0.241437
-0.101706 -0.006240 0.245121
-0.100560 -0.046723 0.244081
-0.100525 -0.003722 0.243766
-0.099592 -0.055923 0.243389
-0.100852 -0.029157 0.244689
-0.101223 -0.003107 0.245134
-0.098286 -0.067283 0.242912
-0.099200 -0.048624 0.243921
-0.100552 -0.041895 0.245475
-0.100563 -0.040558 0.245620
-0.098088 -0.056228 0.243413
-0.096424 -0.047158 0.241444
-0.101926 -0.010447 0.247879
-0.100848 -0.005235 0.246636
-0.097974 -0.068775 0.243935
-0.097974 -0.068775 0.243935
-0.100015 -0.043481 0.246625
-0.100015 -0.043481 0.246625
-0.097977 -0.070535 0.244465
-0.099949 -0.029214 0.246845
-0.098952 -0.033888 0.245710
-0.098952 -0.033888 0.245710
-0.098348 -0.029428 0.244963
-0.098534 -0.044659 0.245442
-0.098628 -0.036334 0.245662
-0.098671 -0.042348 0.246279
-0.096650 -0.070831 0.244535
-0.100358 -0.008571 0.248514
-0.098634 -0.054301 0.246988
-0.098153 -0.067823 0.246587
-0.099035 -0.016172 0.247231
-0.099548 -0.033340 0.248059
-0.099548 -0.033340 0.248059
-0.097955 -0.058354 0.246604
-0.097955 -0.058354 0.246604
-0.098842 -0.001678 0.247360
-0.099653 -0.044119 0.248832
-0.099675 -0.039268 0.249120
-0.099675 -0.039268 0.249120
-0.098589 -0.005004 0.247849
-0.098959 -0.023524 0.249637
-0.099902 -0.017289 0.250880
-0.099251 -0.008644 0.250086
-0.099251 -0.008644 0.250086
-0.098902 -0.047418 0.250038
-0.100276 -0.056420 0.251933
-0.098217 -0.018799 0.249141
-0.098217 -0.018799 0.249141
-0.096449 -0.067052 0.247666
-0.098620 -0.032122 0.250264
-0.097647 -0.006037 0.249394
-0.096842 -0.059474 0.249084
-0.096697 -0.000291 0.248551
-0.098094 -0.048173 0.250748
-0.099106 -0.025965 0.252088
-0.098158 -0.033569 0.251856
-0.097458 -0.041700 0.251197
-0.098265 -0.035155 0.252165
-0.097014 -0.027850 0.250897
-0.096861 -0.019642 0.251371
-0.097809 -0.021880 0.252760
-0.096134 -0.071842 0.251239
-0.094867 -0.064890 0.249858
-0.095587 -0.025951 0.252311
-0.096997 -0.036731 0.254275
-0.095173 -0.071504 0.252391
-0.094391 -0.061536 0.251506
-0.095288 -0.018245 0.252731
-0.094477 -0.055119 0.254229
-0.095356 -0.057620 0.255576
-0.093920 -0.070913 0.254299
-0.094877 -0.030936 0.255204
-0.093163 -0.072304 0.253900
-0.094057 -0.043657 0.254756
-0.093079 -0.043099 0.253784
-0.095616 -0.020868 0.257085
-0.093317 -0.065104 0.254830
-0.092576 -0.038157 0.253745
-0.092576 -0.038157 0.253745
-0.092578 -0.067557 0.254209
-0.094248 -0.046303 0.256325
-0.093753 -0.022524 0.256109
-0.092487 -0.061437 0.255415
-0.093015 -0.029595 0.256506
-0.092395 -0.059179 0.256806
-0.092503 -0.055095 0.257076
-0.092440 -0.044237 0.257220
-0.092629 -0.046897 0.257570
-0.092616 -0.043327 0.257881
-0.092859 -0.066152 0.258845
-0.089111 -0.077332 0.254290
-0.089111 -0.078212 0.254352
-0.090603 -0.056857 0.256949
-0.091655 -0.050326 0.258352
-0.091636 -0.044562 0.258312
-0.092228 -0.058972 0.259495
-0.091671 -0.045580 0.259243
-0.090236 -0.069213 0.257822
-0.092218 -0.043829 0.260571
-0.088783 -0.066391 0.256676
-0.089572 -0.062508 0.258026
-0.089165 -0.058910 0.257832
-0.089892 -0.058501 0.259283
-0.089106 -0.075439 0.259232
-0.088437 -0.070799 0.258644
-0.088167 -0.061005 0.259246
-0.087953 -0.069543 0.261453
-0.086259 -0.071896 0.261373
-0.075995 -0.051102 0.255701
-0.076176 -0.061573 0.258304
-0.074090 -0.048901 0.257214
-0.074090 -0.048901 0.257214
-0.074812 -0.057064 0.259277
-0.072775 -0.052939 0.257407
-0.072638 -0.062859 0.258120
-0.067859 -0.031640 0.251757
-0.073132 -0.068106 0.260753
-0.072906 -0.060422 0.261602
-0.071502 -0.056586 0.259806
-0.072069 -0.049278 0.260761
-0.067220 -0.031718 0.253254
-0.071857 -0.052694 0.261244
-0.071678 -0.065333 0.262007
-0.072685 -0.061941 0.263838
-0.066269 -0.022895 0.253901
-0.066618 -0.032493 0.254888
-0.071141 -0.057279 0.264027
-0.070645 -0.049926 0.263933
-0.065394 -0.026162 0.255522
-0.069887 -0.067318 0.263659
-0.070467 -0.055839 0.265535
-0.068441 -0.077231 0.263025
-0.068583 -0.052184 0.262747
-0.069253 -0.074075 0.264501
-0.065158 -0.017818 0.256929
-0.069793 -0.060419 0.265305
-0.064811 -0.023840 0.257617
-0.064995 -0.028374 0.258265
-0.068470 -0.048207 0.264509
-0.068221 -0.051784 0.264402
-0.063761 -0.028933 0.257047
-0.067276 -0.074796 0.264510
-0.067589 -0.060712 0.265115
-0.062981 -0.032468 0.257200
-0.067424 -0.060016 0.265921
-0.067303 -0.073233 0.266788
-0.062260 -0.017562 0.257727
-0.066825 -0.059007 0.266708
-0.067031 -0.063923 0.267591
-0.063556 -0.015791 0.260806
-0.066788 -0.060390 0.267207
-0.066362 -0.075276 0.266968
-0.064640 -0.078602 0.264759
-0.066349 -0.062779 0.267949
-0.066602 -0.058826 0.269045
-0.062597 -0.007306 0.261950
-0.063923 -0.004813 0.264428
-0.065519 -0.070722 0.269218
-0.061402 -0.019935 0.261461
-0.063138 0.001737 0.263914
-0.059994 -0.018342 0.260264
-0.063302 -0.078909 0.267883
-0.065140 -0.058282 0.270543
-0.065140 -0.058282 0.270543
-0.063570 -0.080553 0.268821
-0.060363 -0.009175 0.261697
-0.064276 -0.055906 0.269559
-0.060932 -0.011596 0.262929
-0.064108 -0.067532 0.270402
-0.061584 -0.004941 0.264721
-0.063715 -0.058922 0.270580
-0.061795 -0.073425 0.268060
-0.061236 0.000584 0.265362
-0.058889 -0.014846 0.265091
-0.061400 -0.066426 0.271236
-0.062327 -0.069776 0.272983
-0.059570 0.003075 0.266566
-0.060697 -0.070354 0.270748
-0.061686 -0.072879 0.272833
-0.061180 -0.067752 0.271980
-0.062274 -0.064673 0.274076
-0.060775 -0.074049 0.272339
-0.058570 -0.009688 0.266692
-0.058590 0.003965 0.268779
-0.059680 0.014736 0.270550
-0.058335 -0.002975 0.269600
-0.059843 -0.065060 0.274869
-0.059843 -0.065060 0.274869
-0.058126 0.001529 0.270183
-0.058126 0.001529 0.270183
-0.056599 -0.013888 0.268539
-0.057168 -0.008330 0.269674
-0.059399 0.014232 0.273379
-0.057153 -0.003337 0.270349
-0.057153 -0.003337 0.270349
-0.056363 -0.003885 0.270898
-0.057575 0.006921 0.273219
-0.055513 -0.008645 0.270183
-0.058627 0.019323 0.275038
-0.055281 -0.011294 0.270142
-0.057268 0.019085 0.274205
-0.056239 0.017212 0.273132
-0.053356 -0.008470 0.271158
-0.055315 0.011663 0.273997
-0.054655 0.012371 0.274710
-0.053852 0.002611 0.275493
-0.052642 -0.011483 0.273833
-0.017727 0.017103 0.209025
-0.052936 0.010846 0.274782
-0.051970 -0.011071 0.275400
-0.053239 0.017931 0.276849
-0.037839 -0.017261 0.249559
-0.018173 0.007240 0.212618
-0.022401 0.000907 0.220947
-0.052383 -0.002598 0.278180
-0.051327 0.019045 0.275904
-0.050849 -0.008844 0.276975
-0.049886 -0.007575 0.275272
-0.014396 0.008336 0.208666
-0.014396 0.008336 0.208666
-0.050908 0.006430 0.278613
-0.049137 -0.018677 0.277159
-0.049990 -0.007874 0.278421
-0.048705 -0.019785 0.276797
-0.048923 -0.017806 0.277374
-0.028153 -0.012669 0.237455
-0.018818 0.011268 0.218804
-0.049289 -0.000692 0.277789
-0.044824 -0.010931 0.272185
-0.023120 -0.005931 0.230585
-0.048059 -0.019590 0.279989
-0.047547 0.005883 0.280032
-0.047109 -0.003104 0.281452
-0.018548 -0.003848 0.226626
-0.046505 -0.001770 0.282888
-0.045508 0.002398 0.281310
-0.044039 0.004123 0.280047
-0.017610 0.006561 0.227257
-0.044326 0.002908 0.282491
-0.059427 -0.030615 0.315864
-0.042278 -0.018743 0.281019
-0.043132 -0.003289 0.282175
-0.042903 -0.006912 0.281896
-0.042421 -0.008310 0.281086
-0.020084 -0.002550 0.234654
-0.042831 -0.014002 0.282652
-0.042387 -0.012900 0.281768
-0.042823 0.000455 0.282318
-0.020447 0.012373 0.235553
-0.042920 -0.000406 0.282998
-0.042011 -0.008617 0.282743
-0.041832 -0.000157 0.283488
-0.011074 0.012909 0.218131
-0.040482 -0.009073 0.283449
-0.011756 0.001553 0.226328
-0.027191 -0.010767 0.261962
-0.027699 -0.012498 0.263937
-0.024154 -0.011920 0.256673
-0.034716 -0.019234 0.285008
-0.033696 -0.014723 0.285248
-0.032890 -0.019256 0.285459
-0.340102 -0.046483 0.449095
-0.341420 -0.041283 0.452715
-0.337327 -0.051661 0.447637
-0.338212 -0.012429 0.451889
-0.338579 -0.044077 0.453891
-0.339419 -0.051388 0.457141
-0.333956 -0.068732 0.451038
-0.342297 -0.018247 0.462154
-0.341810 -0.011049 0.461739
-0.329104 -0.063677 0.446599
-0.338330 -0.028889 0.458984
-0.337574 -0.014656 0.458678
-0.332728 -0.068541 0.457024
-0.323517 -0.092029 0.446533
-0.332446 -0.045889 0.458742
-0.331591 -0.006747 0.458879
-0.342617 -0.039412 0.473919
-0.333644 -0.102613 0.463006
-0.337355 -0.037234 0.467556
-0.334671 -0.034806 0.465041
-0.335057 -0.035774 0.470172
-0.331119 -0.058622 0.465206
-0.336923 -0.022568 0.473957
-0.328856 -0.084619 0.465088
-0.329969 -0.051992 0.466545
-0.329202 -0.005994 0.465906
-0.329202 -0.005994 0.465906
-0.333439 -0.011788 0.472260
-0.330728 -0.090810 0.469703
-0.327586 -0.063177 0.465190
-0.326226 -0.075688 0.464644
-0.329559 -0.031036 0.468906
-0.324090 -0.030202 0.461918
-0.318166 -0.101430 0.457412
-0.316845 -0.108472 0.456780
-0.328502 -0.038901 0.472651
-0.319320 -0.048334 0.460514
-0.327438 -0.051808 0.475140
-0.318188 -0.042119 0.462752
-0.322518 -0.074822 0.470283
-0.311834 -0.098337 0.456977
-0.326482 -0.033544 0.477852
-0.316020 -0.063091 0.463887
-0.321704 -0.067466 0.475761
-0.321921 -0.037100 0.476292
-0.311735 -0.093015 0.462811
-0.318820 -0.049209 0.474286
-0.326386 -0.066067 0.486493
-0.314544 -0.097016 0.472104
-0.319498 -0.101647 0.479427
-0.318584 -0.044755 0.477586
-0.323120 -0.049398 0.484527
-0.313837 -0.104462 0.473487
-0.303890 -0.097987 0.460800
-0.309876 -0.089112 0.470564
-0.310125 -0.093083 0.472178
-0.308171 -0.083607 0.469403
-0.307773 -0.103186 0.472123
-0.308124 -0.060773 0.472570
-0.311443 -0.108196 0.482083
-0.305653 -0.097184 0.477204
-0.303825 -0.096644 0.474790
-0.298785 -0.107810 0.469934
-0.087379 -0.233571 0.588868
-0.079534 -0.218287 0.586722
-0.078648 -0.225914 0.595572
-0.074490 -0.228859 0.605434
-0.072786 -0.227349 0.597394
-0.060629 -0.121771 0.569416
-0.063615 -0.218051 0.602297
-0.062867 -0.225981 0.600327
-0.026826 -0.183049 0.591457
-0.022878 -0.186082 0.585279
-0.023156 -0.187956 0.606774
-0.022722 -0.201000 0.604301
-0.020620 -0.184485 0.604271
-0.014848 -0.190535 0.604552
-0.011559 -0.153299 0.562228
-0.005691 -0.186634 0.576158
-0.004954 -0.179057 0.600556
-0.004320 -0.180104 0.600337
-0.002168 -0.173873 0.606029
-0.001087 -0.163025 0.566857
0.001934 -0.183220 0.580839
0.007057 -0.194890 0.592356
0.007590 -0.173952 0.594606
0.007590 -0.173952 0.594606
0.014063 -0.179268 0.604181
0.014535 -0.129381 0.578516
0.014946 -0.188494 0.582032
0.015276 -0.204720 0.597318
0.015576 -0.110937 0.522318
0.017375 -0.120510 0.567213
0.020298 -0.181101 0.580706
0.022338 -0.191600 0.594253
0.024028 -0.146727 0.588908
0.022985 -0.138814 0.559698
0.023006 -0.108972 0.542092
0.024259 -0.116408 0.557730
0.024517 -0.130830 0.554231
0.027513 -0.183608 0.589638
0.026837 -0.119549 0.544623
0.028332 -0.125858 0.572271
0.032097 -0.194746 0.599999
0.028843 -0.104253 0.541390
0.032951 -0.176778 0.591508
0.034368 -0.154757 0.587316
0.036407 -0.162981 0.593766
0.034790 -0.099205 0.547838
0.037872 -0.170329 0.589267
0.037566 -0.163070 0.582760
0.035151 -0.107150 0.543267
0.039787 -0.184181 0.597712
0.040185 -0.201559 0.603446
0.040231 -0.168501 0.590645
0.041555 -0.200182 0.602573
0.044577 -0.216432 0.636108
0.039980 -0.134073 0.569673
0.038854 -0.110526 0.539989
0.047857 -0.238064 0.653252
0.041529 -0.150127 0.564790
0.044889 -0.163275 0.587926
0.045985 -0.204212 0.597705
0.044901 -0.163693 0.583533
0.046388 -0.179518 0.589021
0.047551 -0.111116 0.569747
0.048698 -0.169696 0.577832
0.052703 -0.204982 0.617496
0.054499 -0.222212 0.620662
0.051210 -0.187265 0.583517
0.057756 -0.223995 0.625303
0.057654 -0.239491 0.618415
0.061137 -0.210216 0.614316
0.055342 -0.136109 0.561120
0.056728 -0.139129 0.573510
0.061904 -0.240624 0.612436
0.061904 -0.240624 0.612436
0.061047 -0.151432 0.573885
0.065123 -0.176770 0.590757
0.063276 -0.171734 0.574684
0.069490 -0.231244 0.619690
0.068528 -0.222106 0.600952
0.067971 -0.185575 0.588324
0.068647 -0.152935 0.579060
0.074738 -0.253385 0.613333
0.075588 -0.217318 0.602370
0.076665 -0.206197 0.594270
0.077236 -0.189358 0.596218
0.075011 -0.158420 0.578836
0.079592 -0.227893 0.608265
0.075825 -0.140121 0.568297
0.073405 -0.134756 0.548866
0.078882 -0.158084 0.581735
0.078730 -0.191685 0.579887
0.081194 -0.200524 0.595055
0.084218 -0.244887 0.609562
0.086557 -0.238511 0.610054
0.083880 -0.189456 0.584223
0.087828 -0.245517 0.608419
0.089435 -0.238758 0.617358
0.087083 -0.202179 0.598845
0.086333 -0.199310 0.591638
0.088660 -0.223565 0.597961
0.087645 -0.191763 0.585557
0.092690 -0.233593 0.603636
0.103574 -0.240904 0.656721
0.093579 -0.219280 0.598460
0.093966 -0.212825 0.599056
0.088940 -0.167233 0.566305
0.093782 -0.171046 0.570487
0.097708 -0.200998 0.591632
0.097708 -0.200998 0.591632
0.096592 -0.189005 0.584459
0.103733 -0.236197 0.605406
0.097534 -0.171731 0.565373
0.102655 -0.215974 0.592174
0.101142 -0.181894 0.576531
0.107099 -0.203190 0.594174
0.103539 -0.164304 0.569887
0.104241 -0.179210 0.571679
0.105729 -0.171040 0.576883
0.108114 -0.192513 0.576608
0.110575 -0.194253 0.568519
0.111142 -0.188779 0.568664
0.118810 -0.206173 0.590959
0.114593 -0.155308 0.559552
0.120557 -0.197490 0.575671
0.120775 -0.189264 0.573270
0.121844 -0.148358 0.560046
0.123961 -0.144397 0.558264
0.126123 -0.170269 0.569911
0.132211 -0.198685 0.579239
0.128669 -0.205451 0.564700
0.125731 -0.139360 0.549713
0.130755 -0.145240 0.546780
0.134226 -0.144311 0.550291
0.139007 -0.216375 0.568029
0.145117 -0.216077 0.590488
0.136407 -0.146339 0.553976
0.136882 -0.152096 0.552513
0.138630 -0.135217 0.549106
0.143462 -0.160951 0.564989
0.140329 -0.145618 0.552657
0.139225 -0.144299 0.546495
0.146491 -0.159141 0.560175
0.149239 -0.214119 0.570110
0.151618 -0.198956 0.563798
0.164859 -0.199055 0.551778
0.166845 -0.199995 0.552048
0.171257 -0.182252 0.564528
0.171257 -0.182252 0.564528
0.171257 -0.182252 0.564528
0.184337 -0.215378 0.589208
0.171339 -0.186221 0.549477
0.170298 -0.168068 0.544542
0.173636 -0.177863 0.539328
0.177324 -0.193824 0.548650
0.196047 -0.226868 0.595822
0.189865 -0.209721 0.578550
0.180311 -0.192054 0.537987
0.180311 -0.192054 0.537987
0.181069 -0.168544 0.538805
0.186103 -0.181406 0.544677
0.182183 -0.151457 0.528664
0.188291 -0.201142 0.542474
0.192414 -0.194048 0.551520
0.188132 -0.129379 0.521359
0.189244 -0.150815 0.523545
0.189471 -0.148150 0.523944
0.188623 -0.123905 0.516101
0.192205 -0.130834 0.515975
0.198232 -0.163389 0.525976
0.194785 -0.136942 0.509351
0.198864 -0.131570 0.518424
0.198585 -0.132138 0.515557
0.198259 -0.134471 0.514465
0.197751 -0.129701 0.504374
0.200242 -0.128782 0.509523
0.202891 -0.133764 0.511399
0.201060 -0.119632 0.506487
0.200332 -0.102705 0.502090
0.198504 -0.108266 0.496293
0.203258 -0.115415 0.504276
0.206103 -0.134316 0.505421
0.202234 -0.135028 0.496070
0.206491 -0.146511 0.505406
0.205662 -0.131277 0.502631
0.205289 -0.131528 0.498531
0.212304 -0.159208 0.513277
0.210030 -0.157664 0.506059
0.200946 -0.084227 0.483929
0.208667 -0.112334 0.498158
0.212376 -0.169000 0.505034
0.209083 -0.123894 0.496364
0.210027 -0.121434 0.497733
0.209400 -0.105906 0.490693
0.217123 -0.183128 0.507307
0.208801 -0.123640 0.487172
0.218014 -0.171415 0.505592
0.212018 -0.101872 0.490161
0.212018 -0.101872 0.490161
0.218919 -0.173879 0.504825
0.217734 -0.155984 0.499240
0.217784 -0.158275 0.499129
0.217648 -0.150053 0.497582
0.219656 -0.148781 0.501740
0.220597 -0.136880 0.502821
0.215241 -0.112047 0.487191
0.221774 -0.131221 0.499696
0.214105 -0.100255 0.481383
0.211726 -0.091820 0.475503
0.212183 -0.098580 0.476009
0.229080 -0.181084 0.503397
0.226260 -0.178216 0.497282
0.218679 -0.099982 0.479991
0.233574 -0.176923 0.507867
0.222517 -0.113699 0.481767
0.229031 -0.164260 0.495177
0.227614 -0.158632 0.491781
0.225368 -0.130501 0.485461
0.229976 -0.163101 0.491180
0.228623 -0.166821 0.485718
0.232498 -0.175327 0.492108
0.234147 -0.183730 0.494188
0.234147 -0.183730 0.494188
0.233759 -0.157585 0.486542
0.238664 -0.187484 0.487609
0.233403 -0.133129 0.463680
0.240432 -0.177274 0.477385
0.235346 -0.127216 0.454841
0.245516 -0.155339 0.472945
0.243915 -0.156585 0.469529
0.246736 -0.152153 0.469164
0.246736 -0.152153 0.469164
0.247869 -0.149293 0.466508
0.238435 -0.120874 0.448289
0.241690 -0.119565 0.451303
0.244891 -0.129315 0.454613
0.250870 -0.135356 0.457442
0.252343 -0.160487 0.458932
0.243782 -0.121396 0.442665
0.247390 -0.139006 0.448871
0.253033 -0.155773 0.456061
0.248600 -0.119350 0.445994
0.248361 -0.112710 0.444256
0.243821 -0.114589 0.436411
0.242423 -0.115107 0.433926
0.239228 -0.117207 0.428507
0.249871 -0.112496 0.442176
0.247376 -0.112008 0.435269
0.247076 -0.113215 0.432719
0.248680 -0.105726 0.427005
0.244217 -0.105670 0.419604
0.249837 -0.114073 0.428704
0.255176 -0.132948 0.435475
0.252341 -0.109128 0.426806
0.249732 -0.109032 0.421439
0.251766 -0.117522 0.420893
0.250127 -0.099952 0.416623
0.258206 -0.126103 0.428630
0.252662 -0.119300 0.418353
0.258487 -0.151086 0.427746
0.258920 -0.149032 0.422893
0.257593 -0.124148 0.420469
0.260598 -0.146033 0.425316
0.255366 -0.099073 0.416673
0.254125 -0.100507 0.410286
0.261131 -0.147917 0.419437
0.255394 -0.099080 0.409790
0.255571 -0.095198 0.409440
0.260714 -0.157275 0.415953
0.254739 -0.103078 0.406028
0.256664 -0.122595 0.408798
0.267727 -0.092869 0.424190
0.268435 -0.124091 0.424201
0.264011 -0.153515 0.417978
0.262667 -0.143266 0.415660
0.265284 -0.151325 0.417801
0.255876 -0.098425 0.403036
0.267726 -0.142866 0.416316
0.267415 -0.085896 0.413096
0.263500 -0.129182 0.407717
0.257287 -0.096234 0.397398
0.265105 -0.113888 0.404937
0.260799 -0.136424 0.399088
0.265225 -0.114515 0.404919
0.262742 -0.131566 0.400235
0.267478 -0.136826 0.406389
0.258733 -0.099822 0.392033
0.261562 -0.098734 0.389194
0.263763 -0.139691 0.392072
0.264404 -0.099920 0.391881
0.267861 -0.146376 0.397162
0.269673 -0.148757 0.396582
0.271444 -0.124836 0.397233
0.269385 -0.142361 0.391968
0.270499 -0.137754 0.390049
0.269766 -0.100659 0.388228
0.265070 -0.134015 0.379686
0.268574 -0.137528 0.384177
-0.072291 -0.049385 0.223203
-0.023742 -0.026834 0.101274
-0.023664 -0.027842 0.101312
-0.034705 -0.029964 0.131575
-0.022460 -0.027385 0.102432
-0.066251 -0.050074 0.222249
-0.021470 -0.027726 0.103612
-0.035468 -0.031381 0.142813
-0.030727 -0.027300 0.132672
-0.018466 -0.033308 0.104883
-0.018988 -0.022532 0.107580
-0.025968 -0.026989 0.129057
-0.017967 -0.035504 0.104504
-0.018356 -0.024982 0.107038
-0.017774 -0.024472 0.108122
-0.016655 -0.035644 0.105905
-0.016702 -0.032299 0.106916
-0.017130 -0.020943 0.109490
-0.016473 -0.036052 0.106180
-0.016473 -0.036052 0.106180
-0.016057 -0.032378 0.107343
-0.015894 -0.033614 0.107442
-0.015440 -0.036471 0.106861
-0.015197 -0.036898 0.106640
-0.014685 -0.036252 0.107189
-0.014339 -0.032849 0.107912
-0.014339 -0.032849 0.107912
-0.013523 -0.036384 0.108398
-0.013065 -0.035399 0.108418
-0.012988 -0.038257 0.108412
-0.012988 -0.038257 0.108412
-0.012656 -0.037418 0.108433
-0.012286 -0.038696 0.108090
-0.011806 -0.036976 0.109002
-0.012130 -0.021267 0.113618
-0.011527 -0.035257 0.109765
-0.011339 -0.032724 0.110427
-0.009798 -0.022531 0.105939
-0.011117 -0.021050 0.113075
-0.013172 -0.034413 0.120730
-0.010664 -0.037108 0.109667
-0.012117 -0.031922 0.118264
-0.012741 -0.034018 0.121550
-0.010105 -0.022774 0.113908
-0.008931 -0.024389 0.108636
-0.011184 -0.028930 0.119793
-0.011502 -0.033890 0.121219
-0.010109 -0.021660 0.116943
-0.011363 -0.038753 0.121374
-0.008668 -0.035264 0.111334
-0.008208 -0.031496 0.111478
-0.008179 -0.025648 0.113284
-0.008249 -0.037392 0.111684
-0.007998 -0.037901 0.111673
-0.007773 -0.035159 0.111774
-0.007486 -0.029068 0.112901
-0.007033 -0.031827 0.112748
-0.007088 -0.028370 0.113851
-0.006873 -0.026974 0.113430
-0.006708 -0.027899 0.113553
-0.006630 -0.025322 0.114088
-0.006557 -0.036366 0.112134
-0.006421 -0.024063 0.114631
-0.006176 -0.022705 0.114290
-0.004706 -0.020630 0.107598
-0.006056 -0.027660 0.113832
-0.006056 -0.027660 0.113832
-0.006001 -0.026745 0.113993
-0.005898 -0.026249 0.114466
-0.005772 -0.025668 0.114111
-0.005461 -0.030367 0.114138
-0.004978 -0.022800 0.114989
-0.005061 -0.028582 0.114061
-0.005006 -0.027482 0.114464
-0.004755 -0.026257 0.113797
-0.004924 -0.033864 0.113525
-0.004579 -0.020580 0.115914
-0.004595 -0.025519 0.114882
-0.004463 -0.027989 0.114424
-0.004449 -0.035679 0.113116
-0.004274 -0.030593 0.114425
-0.004091 -0.025554 0.115088
-0.004022 -0.023728 0.115491
-0.003910 -0.029305 0.114551
-0.002996 -0.019774 0.111471
-0.003337 -0.022873 0.115684
-0.003322 -0.024717 0.115761
-0.002815 -0.033141 0.114160
-0.002553 -0.023275 0.115728
-0.002512 -0.024183 0.116158
-0.002654 -0.034495 0.113984
-0.002607 -0.032685 0.114315
-0.002591 -0.035289 0.114002
-0.002060 -0.023560 0.115976
-0.001880 -0.027812 0.115176
-0.001966 -0.033237 0.114521
-0.001826 -0.035079 0.114073
-0.001524 -0.024349 0.115983
-0.000954 -0.032266 0.114257
-0.000696 -0.023658 0.116537
-0.000892 -0.033458 0.115204
-0.000279 -0.025166 0.117063
-0.000303 -0.031677 0.115271
0.000063 -0.027265 0.116016
0.000107 -0.028446 0.115745
0.000107 -0.028446 0.115745
0.000145 -0.028764 0.115782
0.000241 -0.024826 0.116832
0.000251 -0.024838 0.116814
0.000251 -0.024284 0.117087
0.000161 -0.027412 0.116722
0.000403 -0.023806 0.117370
0.000511 -0.028752 0.115834
0.000628 -0.029156 0.115967
0.000628 -0.029156 0.115967
0.000913 -0.024656 0.116875
0.000957 -0.028873 0.116368
0.001110 -0.031344 0.116427
0.001345 -0.031541 0.115696
0.001443 -0.028653 0.116306
0.001660 -0.026504 0.116780
0.001941 -0.022249 0.116227
0.001745 -0.026891 0.116514
0.001546 -0.032035 0.116033
0.001950 -0.024862 0.117155
0.001763 -0.032717 0.115724
0.001950 -0.030580 0.116099
0.001964 -0.029339 0.117289
0.002268 -0.031015 0.116093
0.002303 -0.034044 0.115719
0.002795 -0.024769 0.117510
0.002704 -0.032099 0.116284
0.003099 -0.021708 0.117948
0.003308 -0.030023 0.116776
0.003308 -0.030023 0.116776
0.003654 -0.021148 0.118347
0.003390 -0.031585 0.116427
0.003301 -0.034182 0.116104
0.003409 -0.032461 0.116571
0.003835 -0.024338 0.117752
0.003973 -0.022656 0.118204
0.004084 -0.022105 0.118294
0.003731 -0.032148 0.116599
0.003857 -0.031099 0.116883
0.004069 -0.025466 0.118138
0.003847 -0.032690 0.116512
0.003847 -0.032690 0.116512
0.004010 -0.031665 0.116744
0.004000 -0.032002 0.116708
0.004035 -0.035835 0.116297
0.004638 -0.022339 0.118237
0.004746 -0.022570 0.118332
0.004895 -0.022835 0.118268
0.004909 -0.023271 0.118256
0.004814 -0.028305 0.117153
0.004759 -0.029130 0.117681
0.004961 -0.024818 0.118287
0.005081 -0.024289 0.118444
0.005173 -0.025112 0.118125
0.005398 -0.024407 0.118319
0.004980 -0.035858 0.116342
0.005041 -0.036618 0.116454
0.005397 -0.033871 0.117132
0.005895 -0.024611 0.118634
0.005658 -0.031470 0.117386
0.005414 -0.038557 0.116380
0.005471 -0.039202 0.116062
0.005671 -0.035808 0.116963
0.005974 -0.030875 0.117557
0.006387 -0.022589 0.119789
0.006008 -0.033336 0.116947
0.006202 -0.038030 0.116608
0.007061 -0.022353 0.119619
0.007376 -0.021108 0.119935
0.007203 -0.038226 0.116613
0.007499 -0.033252 0.118096
0.007546 -0.033963 0.117827
0.007889 -0.034533 0.117819
0.007802 -0.037304 0.116856
0.008736 -0.018988 0.120516
0.008117 -0.032767 0.118273
0.008198 -0.038932 0.117167
0.009328 -0.019416 0.120722
0.009043 -0.030718 0.119043
0.009399 -0.028801 0.119697
0.009093 -0.038924 0.117510
0.009364 -0.035737 0.117707
0.009660 -0.031922 0.118867
0.009905 -0.030743 0.119247
0.009956 -0.030730 0.119672
0.010662 -0.029361 0.119238
0.010557 -0.031629 0.119149
0.010689 -0.038700 0.117272
0.010915 -0.035136 0.118654
0.011595 -0.031810 0.119148
0.011880 -0.030267 0.103388
0.011694 -0.038131 0.118025
0.012811 -0.030755 0.101946
0.013582 -0.029984 0.119982
0.013882 -0.033544 0.119333
0.014204 -0.034181 0.119392
0.015236 -0.023285 0.120837
0.015486 -0.021340 0.121395
0.015370 -0.024298 0.120495
0.015173 -0.033958 0.102706
0.016702 -0.025174 0.120677
0.017225 -0.020062 0.121594
0.016274 -0.035651 0.118947
0.017490 -0.022988 0.121928
0.017459 -0.039989 0.118210
0.017771 -0.035923 0.118912
0.018256 -0.036464 0.119227
0.018600 -0.037272 0.118641
0.018758 -0.038826 0.118144
0.019458 -0.040325 0.118196
0.019970 -0.036730 0.119445
0.019970 -0.036730 0.119445
0.020137 -0.038268 0.118236
0.020571 -0.033998 0.119779
0.021686 -0.033369 0.120713
0.022559 -0.029688 0.120758
0.022445 -0.031016 0.118792
0.022078 -0.036896 0.119068
0.022078 -0.036896 0.119068
0.022398 -0.034523 0.119500
0.023348 -0.026464 0.120012
0.023053 -0.029098 0.118468
0.023597 -0.029621 0.118612
0.024045 -0.035684 0.119613
0.024376 -0.029630 0.118495
0.024656 -0.027369 0.118902
0.024461 -0.031485 0.118043
0.024814 -0.034593 0.119502
0.025458 -0.027169 0.119016
0.025476 -0.027150 0.118924
0.025512 -0.028817 0.118384
0.026584 -0.026178 0.119166
0.025901 -0.033663 0.117746
0.026776 -0.031919 0.118469
0.027165 -0.027947 0.118405
0.027321 -0.026895 0.118680
0.026980 -0.031067 0.118005
0.027616 -0.030476 0.118085
0.028147 -0.027610 0.118176
0.028061 -0.029903 0.117611
0.028267 -0.028770 0.118077
0.028851 -0.025926 0.118754
0.028744 -0.029154 0.117442
0.029179 -0.026439 0.118228
0.029640 -0.024397 0.118237
0.029420 -0.028675 0.117973
0.029500 -0.029716 0.117845
0.029500 -0.029716 0.117845
0.029821 -0.027998 0.118335
0.029958 -0.028785 0.117748
0.031212 -0.022915 0.119197
0.030713 -0.029108 0.117391
0.031571 -0.026388 0.117852
0.031705 -0.026079 0.117853
0.031593 -0.026956 0.117574
0.031876 -0.025930 0.117893
0.031774 -0.027768 0.117470
0.031981 -0.029569 0.118272
0.032171 -0.028159 0.117396
0.032087 -0.029106 0.117331
0.032725 -0.027241 0.117342
0.033189 -0.023222 0.117471
0.033059 -0.025460 0.117551
0.032687 -0.030790 0.117301
0.033772 -0.022531 0.117611
0.033780 -0.022929 0.117677
0.033601 -0.026316 0.117169
0.033479 -0.029554 0.117085
0.033184 -0.033136 0.116570
0.033184 -0.033136 0.116570
0.033184 -0.033136 0.116570
0.033321 -0.032534 0.116747
0.034365 -0.023476 0.117505
0.034294 -0.023756 0.117230
0.034974 -0.021953 0.117405
0.035179 -0.023285 0.117250
0.034947 -0.026563 0.116758
0.034940 -0.028643 0.117001
0.035028 -0.027259 0.116227
0.035627 -0.023994 0.116882
0.035818 -0.022899 0.116739
0.035885 -0.023408 0.116827
0.036292 -0.025060 0.116305
0.036006 -0.028546 0.116178
0.036790 -0.022381 0.116240
0.036855 -0.024128 0.116916
0.037052 -0.025371 0.116802
0.036630 -0.036481 0.115572
0.037391 -0.036321 0.115500
0.038441 -0.025115 0.115772
0.038029 -0.038385 0.114812
0.038371 -0.037199 0.115082
0.038934 -0.035140 0.115048
0.039623 -0.033388 0.114822
0.040428 -0.034476 0.114512
0.039993 -0.038300 0.114068
0.040312 -0.036128 0.114434
0.040554 -0.037257 0.114102
0.041523 -0.034902 0.114069
0.041281 -0.039101 0.113696
0.041635 -0.036101 0.113787
0.041797 -0.035877 0.113483
0.043401 -0.035575 0.113036
0.043587 -0.038377 0.113379
0.043618 -0.040368 0.113600
0.043844 -0.037307 0.113197
0.044666 -0.036950 0.113531
0.045427 -0.037798 0.113091
0.046085 -0.037232 0.112981
0.045822 -0.038479 0.112283
0.049644 -0.031667 0.111882
0.049648 -0.032270 0.111615
-0.217036 -0.049092 0.137274
-0.219762 -0.051262 0.139607
-0.217676 -0.060442 0.141148
-0.220522 -0.052741 0.143595
-0.220069 -0.056671 0.144309
-0.222951 -0.039629 0.147959
-0.215551 -0.062316 0.146284
-0.218582 -0.057319 0.148946
-0.218514 -0.060451 0.152019
-0.218758 -0.049935 0.153150
-0.218758 -0.049935 0.153150
-0.216603 -0.064939 0.153732
-0.223581 -0.056062 0.158794
-0.225380 -0.041956 0.161083
-0.224260 -0.047585 0.162906
-0.216949 -0.056269 0.162221
-0.220443 -0.052122 0.164371
-0.220443 -0.052122 0.164371
-0.216314 -0.065082 0.165430
-0.217013 -0.050802 0.166409
-0.215767 -0.064087 0.167907
-0.219602 -0.048119 0.170326
-0.218487 -0.059386 0.170262
-0.220006 -0.054656 0.173500
-0.220672 -0.051325 0.173801
-0.220740 -0.053090 0.174446
-0.213559 -0.063923 0.170520
-0.224037 -0.047911 0.179417
-0.220472 -0.054670 0.181806
-0.217117 -0.048861 0.179404
-0.218804 -0.047633 0.180681
-0.221829 -0.044658 0.183424
-0.220769 -0.053316 0.183833
-0.219885 -0.044652 0.182939
-0.218802 -0.056268 0.183675
-0.217587 -0.060060 0.191149
-0.216256 -0.069486 0.193436
-0.218726 -0.065033 0.199578
-0.218726 -0.065033 0.199578
-0.215924 -0.068855 0.198725
-0.209083 -0.078298 0.194077
-0.217206 -0.057590 0.199695
-0.217206 -0.057590 0.199695
-0.210385 -0.081487 0.195893
-0.215647 -0.068455 0.202181
-0.218525 -0.064415 0.204550
-0.213791 -0.073399 0.201336
-0.213840 -0.067867 0.202122
-0.215026 -0.072223 0.203809
-0.215053 -0.059783 0.205164
-0.209453 -0.079376 0.201652
-0.209453 -0.079376 0.201652
-0.216195 -0.054876 0.206331
-0.209352 -0.078453 0.203274
-0.212652 -0.062187 0.205926
-0.214496 -0.068509 0.209608
-0.221806 -0.045669 0.215083
-0.213187 -0.072946 0.209062
-0.212660 -0.083159 0.209811
-0.208185 -0.089098 0.206235
-0.206015 -0.077438 0.210264
-0.205502 -0.079838 0.210316
-0.205502 -0.079838 0.210316
-0.220145 -0.048704 0.222596
-0.220677 -0.046894 0.223503
-0.221571 -0.045693 0.224287
-0.207477 -0.076671 0.213418
-0.205947 -0.085309 0.212720
-0.206091 -0.087612 0.214037
-0.208328 -0.081171 0.216125
-0.206578 -0.090033 0.217548
-0.206816 -0.088807 0.218060
-0.203408 -0.090641 0.216222
-0.205660 -0.088455 0.218248
-0.219047 -0.048496 0.228801
-0.204846 -0.092584 0.218211
-0.204022 -0.082088 0.216943
-0.218141 -0.044355 0.229441
-0.204639 -0.091182 0.220043
-0.212676 -0.088802 0.228322
-0.212676 -0.088802 0.228322
-0.204235 -0.090229 0.221641
-0.215338 -0.042660 0.230091
-0.205264 -0.092708 0.223139
-0.219577 -0.039586 0.236080
-0.206168 -0.089786 0.228345
-0.208531 -0.081208 0.231236
-0.214218 -0.043992 0.237039
-0.210556 -0.034395 0.236592
-0.212156 -0.059091 0.239143
-0.211746 -0.028055 0.240949
-0.207075 -0.076910 0.239294
-0.209107 -0.061800 0.241928
-0.211005 -0.057778 0.244582
-0.211131 -0.050838 0.246214
-0.208298 -0.073708 0.246133
-0.208260 -0.030266 0.244176
-0.207587 -0.062449 0.245113
-0.206654 -0.071196 0.245045
-0.211917 -0.059584 0.249993
-0.206947 -0.064778 0.247926
-0.204598 -0.073176 0.247047
-0.207030 -0.062265 0.250396
-0.207030 -0.062265 0.250396
-0.209694 -0.028165 0.254003
-0.207382 -0.041270 0.252363
-0.208070 -0.033330 0.255342
-0.206026 -0.056815 0.255090
-0.202750 -0.088068 0.253989
-0.203237 -0.092480 0.255355
-0.200530 -0.096146 0.254522
-0.204503 -0.043713 0.257247
-0.199127 -0.065027 0.252251
-0.204882 -0.032415 0.257770
-0.199351 -0.097857 0.256190
-0.204972 -0.035177 0.260347
-0.198358 -0.088042 0.256258
-0.198747 -0.081450 0.259231
-0.203226 -0.039771 0.264330
-0.202358 -0.034816 0.263585
-0.202358 -0.034816 0.263585
-0.200851 -0.061340 0.262991
-0.201490 -0.028835 0.262560
-0.193932 -0.080987 0.258472
-0.197468 -0.078236 0.263629
-0.197151 -0.105432 0.265770
-0.201079 -0.077747 0.269808
-0.197443 -0.060272 0.265080
-0.195643 -0.084565 0.264397
-0.195878 -0.064437 0.264016
-0.195878 -0.064437 0.264016
-0.194171 -0.106602 0.265544
-0.194084 -0.087166 0.265279
-0.199688 -0.034904 0.270115
-0.196757 -0.078742 0.268818
-0.192836 -0.102618 0.265410
-0.193738 -0.107587 0.267008
-0.195513 -0.104008 0.270661
-0.198558 -0.052588 0.272426
-0.194556 -0.085006 0.269203
-0.195217 -0.096960 0.271652
-0.193688 -0.089363 0.269811
-0.198212 -0.101103 0.276927
-0.194833 -0.061742 0.272752
-0.193695 -0.103010 0.273337
-0.194315 -0.100079 0.274917
-0.195103 -0.080028 0.275571
-0.194961 -0.055307 0.275803
-0.192366 -0.093492 0.274917
-0.191026 -0.066402 0.274105
-0.190561 -0.056577 0.275368
-0.192301 -0.064352 0.280078
-0.192168 -0.095957 0.282445
-0.192769 -0.101157 0.285141
-0.198647 -0.064080 0.292949
-0.198647 -0.064080 0.292949
-0.190471 -0.058297 0.285004
-0.190423 -0.098779 0.287359
-0.193791 -0.063040 0.291381
-0.190424 -0.097728 0.288795
-0.191259 -0.075835 0.289455
-0.190547 -0.073349 0.288763
-0.189274 -0.062629 0.288988
-0.185817 -0.101936 0.287015
-0.186992 -0.094135 0.289018
-0.190346 -0.053477 0.292737
-0.185246 -0.097098 0.287307
-0.189698 -0.061271 0.292691
-0.189345 -0.075272 0.293786
-0.188778 -0.090628 0.295442
-0.184590 -0.092275 0.290564
-0.184197 -0.084527 0.294141
-0.183515 -0.080256 0.294033
-0.182698 -0.076312 0.294058
-0.182803 -0.090644 0.295293
-0.185543 -0.069148 0.299761
-0.184516 -0.090804 0.300303
-0.182502 -0.092840 0.297531
-0.183351 -0.079365 0.300706
-0.180562 -0.077654 0.298281
-0.179460 -0.112053 0.298749
-0.182133 -0.086541 0.302496
-0.177660 -0.112492 0.299083
-0.180195 -0.080001 0.302673
-0.182721 -0.074385 0.307059
-0.181310 -0.059099 0.305637
-0.174353 -0.095126 0.300224
-0.177901 -0.115227 0.306449
-0.177901 -0.115227 0.306449
-0.179744 -0.059935 0.310042
-0.177790 -0.046342 0.309204
-0.174165 -0.109879 0.305194
-0.176881 -0.101041 0.309345
-0.176168 -0.103338 0.308596
-0.177571 -0.114193 0.311412
-0.175200 -0.055799 0.306784
-0.178292 -0.083158 0.312561
-0.176535 -0.085813 0.310090
-0.176675 -0.049023 0.310681
-0.175382 -0.074211 0.309942
-0.175382 -0.074211 0.309942
-0.177494 -0.076459 0.314448
-0.176637 -0.086405 0.313460
-0.176492 -0.054220 0.312662
-0.174080 -0.101636 0.310331
-0.174080 -0.101636 0.310331
-0.175681 -0.115590 0.314600
-0.174123 -0.102604 0.313494
-0.174466 -0.066206 0.313473
-0.173137 -0.106567 0.312670
-0.176221 -0.106321 0.317716
-0.175899 -0.055341 0.316323
-0.175899 -0.055341 0.316323
-0.174295 -0.084517 0.317245
-0.174709 -0.083190 0.318067
-0.173275 -0.077139 0.315847
-0.172907 -0.107142 0.316102
-0.172816 -0.081796 0.319381
-0.167907 -0.100038 0.311853
-0.173238 -0.084076 0.320505
-0.170187 -0.056325 0.314979
-0.171313 -0.073907 0.318079
-0.169962 -0.058021 0.315576
-0.171215 -0.076619 0.318115
-0.166166 -0.070970 0.310767
-0.171083 -0.047695 0.318433
-0.171621 -0.057732 0.319714
-0.166395 -0.059851 0.313354
-0.165698 -0.043207 0.313119
-0.169305 -0.058435 0.320519
-0.169208 -0.097514 0.321867
-0.165681 -0.053292 0.316044
-0.168938 -0.099025 0.323621
-0.167665 -0.087635 0.321647
-0.169569 -0.055247 0.324464
-0.166168 -0.071438 0.322060
-0.165962 -0.069686 0.322201
-0.161625 -0.096107 0.315531
-0.167568 -0.109272 0.326514
-0.165933 -0.061528 0.324816
-0.160046 -0.044758 0.314683
-0.165664 -0.099017 0.329721
-0.165664 -0.099017 0.329721
-0.163770 -0.037004 0.325964
-0.164738 -0.056820 0.328486
-0.164203 -0.105758 0.328405
-0.163408 -0.047615 0.326415
-0.161310 -0.058282 0.323492
-0.167523 -0.110537 0.335782
-0.163858 -0.116245 0.330524
-0.167333 -0.098701 0.336730
-0.164416 -0.105197 0.331656
-0.161999 -0.046484 0.328206
-0.162901 -0.109468 0.331471
-0.162582 -0.048831 0.330923
-0.163478 -0.106226 0.335111
-0.163478 -0.106226 0.335111
-0.161906 -0.056547 0.331661
-0.162126 -0.040928 0.332277
-0.160819 -0.088732 0.331205
-0.164045 -0.106628 0.339859
-0.161759 -0.096672 0.336764
-0.158873 -0.045126 0.331701
-0.158471 -0.076492 0.334706
-0.158202 -0.049725 0.333898
-0.157396 -0.099173 0.335888
-0.159734 -0.102479 0.340665
-0.156086 -0.046071 0.333457
-0.160180 -0.113857 0.342876
-0.159049 -0.089665 0.342418
-0.153138 -0.046090 0.331245
-0.154702 -0.050162 0.335549
-0.155252 -0.073446 0.337284
-0.149674 -0.075843 0.325601
-0.152509 -0.045197 0.332234
-0.156561 -0.107321 0.341367
-0.156328 -0.092538 0.342311
-0.154815 -0.075883 0.339627
-0.155447 -0.073207 0.342914
-0.152445 -0.049100 0.339968
-0.151066 -0.052814 0.338270
-0.153975 -0.111079 0.345515
-0.152922 -0.090196 0.344253
-0.153801 -0.093559 0.348120
-0.153086 -0.112872 0.347513
-0.151908 -0.096251 0.345623
-0.151900 -0.100396 0.347317
-0.150482 -0.087222 0.346240
-0.147851 -0.066784 0.340961
-0.147725 -0.042777 0.340689
-0.151475 -0.110991 0.349051
-0.152455 -0.118307 0.353826
-0.146178 -0.038019 0.341229
-0.144426 -0.035247 0.340307
-0.146818 -0.073515 0.345802
-0.146200 -0.069828 0.345929
-0.147893 -0.086073 0.352510
-0.145361 -0.040800 0.347542
-0.146317 -0.075865 0.349813
-0.146317 -0.075865 0.349813
-0.145311 -0.067171 0.348294
-0.145311 -0.067171 0.348294
-0.147571 -0.096438 0.353632
-0.145466 -0.106105 0.351975
-0.140436 -0.033507 0.341996
-0.146297 -0.089326 0.355261
-0.141373 -0.028774 0.345949
-0.145737 -0.114160 0.356526
-0.147355 -0.119588 0.361447
-0.146282 -0.111218 0.359578
-0.144490 -0.104893 0.355874
-0.142927 -0.115530 0.357413
-0.143225 -0.117109 0.361726
-0.140437 -0.076712 0.355860
-0.140014 -0.073356 0.358936
-0.136742 -0.067062 0.356820
-0.133571 -0.065222 0.358128
-0.125840 -0.016407 0.348272
-0.122597 -0.012936 0.347941
-0.124812 -0.017486 0.353821
-0.124695 -0.023050 0.358614
-0.121921 -0.018710 0.353326
-0.121097 -0.019936 0.359671
-0.116881 -0.010205 0.351336
-0.117298 -0.014584 0.359439
-0.111218 -0.071064 0.378807
-0.108227 -0.056557 0.373442
-0.110388 -0.071643 0.381189
-0.108691 -0.066530 0.379437
-0.112760 -0.107358 0.396682
-0.110893 -0.109555 0.393227
-0.107861 -0.099034 0.385512
-0.107021 -0.076857 0.383839
-0.109119 -0.103136 0.391633
-0.105406 -0.078395 0.384655
-0.108314 -0.111373 0.393801
-0.106802 -0.102408 0.391952
-0.104550 -0.081561 0.386627
-0.102811 -0.085645 0.381779
-0.105291 -0.101619 0.394439
-0.105291 -0.101619 0.394439
-0.103933 -0.102278 0.390994
-0.105165 -0.109279 0.395382
-0.102400 -0.088954 0.388211
-0.102400 -0.088954 0.388211
-0.101869 -0.094863 0.391134
-0.097914 -0.077613 0.381609
-0.097241 -0.075191 0.387118
-0.099753 -0.111125 0.396273
-0.097139 -0.099418 0.392861
-0.098598 -0.107070 0.398765
-0.100217 -0.121600 0.403671
-0.096593 -0.095289 0.393999
-0.097724 -0.113987 0.406471
-0.096617 -0.116578 0.404099
-0.095744 -0.112515 0.410404
-0.095328 -0.124251 0.411830
-0.095328 -0.124251 0.411830
-0.094019 -0.127274 0.411175
-0.091516 -0.112267 0.406055
-0.089364 -0.103161 0.401565
-0.089888 -0.125960 0.412117
-0.089310 -0.115381 0.410859
-0.088993 -0.123159 0.412885
-0.086229 -0.107626 0.410347
-0.085116 -0.112830 0.408301
-0.085116 -0.112830 0.408301
-0.080259 -0.076760 0.396195
-0.079746 -0.073140 0.396073
-0.079746 -0.073140 0.396073
-0.079484 -0.082416 0.401721
-0.077210 -0.083884 0.400545
-0.075067 -0.070348 0.395330
-0.079532 -0.113819 0.415977
-0.075437 -0.086514 0.402962
-0.074720 -0.089266 0.405482
-0.073525 -0.071529 0.402327
-0.076567 -0.109804 0.414370
-0.070900 -0.080058 0.401590
-0.074309 -0.110456 0.414586
-0.070072 -0.079432 0.401391
-0.072440 -0.112469 0.412379
-0.072945 -0.116868 0.417119
-0.069446 -0.083379 0.404717
-0.070686 -0.107142 0.416752
-0.069315 -0.120641 0.415008
-0.068444 -0.113905 0.416211
-0.066415 -0.075225 0.417418
-0.067269 -0.118701 0.418945
-0.066711 -0.076957 0.421697
-0.065596 -0.075675 0.420816
-0.065596 -0.075675 0.420816
-0.066714 -0.115223 0.421871
-0.063491 -0.079336 0.426433
-0.062593 -0.074708 0.422774
-0.062593 -0.074708 0.422774
-0.061556 -0.070258 0.421732
-0.061890 -0.072701 0.423302
-0.061890 -0.072701 0.423302
-0.060820 -0.080151 0.426304
-0.060820 -0.080151 0.426304
-0.059382 -0.074090 0.424624
-0.058368 -0.070064 0.422214
-0.059915 -0.086649 0.429303
-0.058658 -0.077878 0.424936
-0.058658 -0.077878 0.424936
-0.056565 -0.057648 0.416115
-0.058677 -0.089032 0.427345
-0.056632 -0.061635 0.419534
-0.057235 -0.074510 0.422922
-0.056595 -0.075160 0.423257
-0.056985 -0.079948 0.426300
-0.057049 -0.091223 0.429424
-0.056422 -0.086304 0.429309
-0.056422 -0.086304 0.429309
-0.052792 -0.056188 0.412819
-0.052687 -0.056041 0.412226
-0.053904 -0.068797 0.419947
-0.050646 -0.058025 0.415315
-0.050646 -0.058025 0.415315
-0.051469 -0.068684 0.421611
-0.048746 -0.064506 0.423753
-0.048746 -0.064506 0.423753
-0.046488 -0.063358 0.419619
-0.047002 -0.078905 0.430244
-0.044721 -0.067386 0.424645
-0.043761 -0.064450 0.422131
-0.043397 -0.061344 0.420920
-0.043943 -0.074896 0.423435
-0.044815 -0.098594 0.434006
-0.042391 -0.081562 0.424411
-0.042231 -0.075008 0.426400
-0.044118 -0.102482 0.436348
-0.041408 -0.071883 0.427155
-0.039996 -0.066343 0.423773
-0.040234 -0.070149 0.430084
-0.041554 -0.097138 0.437281
-0.037620 -0.063634 0.422703
-0.036811 -0.058215 0.418827
-0.037064 -0.059512 0.421362
-0.037064 -0.059512 0.421362
-0.036681 -0.065689 0.423458
-0.036197 -0.063541 0.421489
-0.035116 -0.056171 0.414386
-0.037304 -0.086806 0.433711
-0.037184 -0.084938 0.433903
-0.034345 -0.061113 0.423228
-0.034345 -0.061113 0.423228
-0.035545 -0.083410 0.432928
-0.035673 -0.089979 0.435641
-0.036653 -0.102215 0.443281
-0.035275 -0.092129 0.437939
-0.032317 -0.061457 0.420220
-0.033886 -0.082605 0.432412
-0.034788 -0.095921 0.440369
-0.034775 -0.094784 0.441131
-0.029796 -0.049967 0.411011
-0.031877 -0.067955 0.428209
-0.032409 -0.074817 0.431694
-0.034023 -0.098009 0.442623
-0.033305 -0.101458 0.444510
-0.031207 -0.081445 0.432454
-0.029826 -0.069896 0.428252
-0.028108 -0.054561 0.416692
-0.032261 -0.104543 0.444866
-0.027647 -0.052718 0.416073
-0.027588 -0.051688 0.416913
-0.027741 -0.055466 0.417499
-0.030906 -0.093550 0.440882
-0.028451 -0.068254 0.427948
-0.028772 -0.078399 0.428556
-0.031497 -0.107906 0.448665
-0.027614 -0.065386 0.424361
-0.026658 -0.054896 0.418828
-0.026658 -0.054896 0.418828
-0.026396 -0.058911 0.421562
-0.026689 -0.064905 0.424114
-0.024674 -0.052966 0.414686
-0.028442 -0.101937 0.445009
-0.023904 -0.053729 0.419719
-0.026554 -0.088736 0.439351
-0.026554 -0.088736 0.439351
-0.023864 -0.063827 0.423267
-0.022460 -0.049035 0.413169
-0.025775 -0.090267 0.438760
-0.026377 -0.110465 0.444776
-0.021861 -0.054065 0.415560
-0.024565 -0.092870 0.438336
-0.024775 -0.097698 0.443464
-0.022614 -0.079625 0.429600
-0.023933 -0.094242 0.440536
-0.024627 -0.111344 0.447407
-0.024309 -0.125036 0.451619
-0.021948 -0.093909 0.439929
-0.019736 -0.069201 0.424425
-0.022522 -0.101069 0.446949
-0.022522 -0.101069 0.446949
-0.021650 -0.096272 0.439697
-0.018981 -0.062715 0.420255
-0.021198 -0.090553 0.437913
-0.022208 -0.117895 0.448759
-0.018098 -0.064655 0.420392
-0.022077 -0.123573 0.451241
-0.020821 -0.108458 0.441933
-0.020288 -0.097982 0.442590
-0.020684 -0.102642 0.446122
-0.019758 -0.093400 0.440029
-0.017360 -0.066446 0.422281
-0.017360 -0.066446 0.422281
-0.020350 -0.124173 0.449614
-0.019254 -0.105127 0.445064
-0.019049 -0.113480 0.445436
-0.015220 -0.065529 0.422548
-0.016679 -0.089627 0.433951
-0.018178 -0.127199 0.453294
-0.017839 -0.124630 0.452012
-0.014848 -0.116566 0.446686
-0.013094 -0.128993 0.454045
-0.011533 -0.121674 0.445683
-0.011533 -0.121674 0.445683
0.002705 -0.094673 0.423923
0.002705 -0.094673 0.423923
0.004974 -0.100700 0.425019
0.006417 -0.095202 0.421621
0.006123 -0.113248 0.431911
0.006313 -0.110072 0.428877
0.008474 -0.074833 0.413838
0.008564 -0.074827 0.413355
0.008172 -0.099322 0.426555
0.008172 -0.099322 0.426555
0.009218 -0.104187 0.427430
0.009218 -0.104187 0.427430
0.009132 -0.109743 0.429484
0.011008 -0.074273 0.411830
0.011008 -0.074273 0.411830
0.011128 -0.114488 0.432943
0.011597 -0.108502 0.431937
0.012730 -0.081059 0.413525
0.013660 -0.066982 0.408292
0.013554 -0.077364 0.409653
0.015164 -0.062627 0.402646
0.014378 -0.111601 0.432499
0.017744 -0.064045 0.403272
0.017744 -0.064045 0.403272
0.017161 -0.080918 0.409494
0.019327 -0.110797 0.426165
0.021343 -0.111168 0.430364
0.022628 -0.107657 0.425948
0.025802 -0.101298 0.419622
0.029762 -0.103290 0.424121
0.031665 -0.102730 0.424701
0.032953 -0.104386 0.426026
0.042973 -0.086033 0.428823
0.042973 -0.086033 0.428823
0.045386 -0.083722 0.426645
0.045584 -0.082557 0.425703
0.047089 -0.088320 0.428724
0.050933 -0.083283 0.423599
0.051302 -0.093744 0.426074
0.052385 -0.073359 0.415015
0.052628 -0.076928 0.417328
0.053508 -0.082838 0.422838
0.053693 -0.073124 0.413392
0.054257 -0.085895 0.424114
0.054075 -0.079795 0.418122
0.054166 -0.078584 0.418354
0.054686 -0.090358 0.424985
0.054420 -0.070877 0.413072
0.054267 -0.075160 0.412732
0.056004 -0.068384 0.406346
0.056056 -0.067409 0.406075
0.057141 -0.079541 0.418890
0.057016 -0.067901 0.407556
0.057824 -0.066631 0.405657
0.059100 -0.084243 0.422269
0.058737 -0.069660 0.407989
0.058896 -0.070856 0.407749
0.059946 -0.076120 0.414723
0.061189 -0.084522 0.424015
0.061189 -0.084522 0.424015
0.060449 -0.069908 0.407904
0.061183 -0.087591 0.420215
0.060923 -0.071132 0.408890
0.060844 -0.064794 0.403919
0.061684 -0.068154 0.406723
0.063057 -0.076318 0.413312
0.063491 -0.082566 0.418627
0.062716 -0.066170 0.404479
0.063573 -0.077942 0.414658
0.063700 -0.062295 0.400288
0.064933 -0.076463 0.412550
0.067375 -0.083921 0.418961
0.067042 -0.069975 0.409377
0.066299 -0.063604 0.401404
0.067398 -0.078510 0.414374
0.066986 -0.067220 0.405249
0.067501 -0.074220 0.411233
0.067501 -0.074220 0.411233
0.068701 -0.082821 0.421154
0.068443 -0.072073 0.406246
0.068428 -0.067979 0.401717
0.068428 -0.067979 0.401717
0.071351 -0.077612 0.411280
0.072419 -0.082224 0.414026
0.072726 -0.074188 0.408361
0.072135 -0.063300 0.399663
0.074689 -0.082008 0.409983
0.075331 -0.075890 0.405770
-0.377700 -0.046747 0.145411
-0.376565 -0.037633 0.143992
-0.379064 -0.042297 0.147406
-0.378012 -0.050166 0.152402
-0.381370 -0.048923 0.159184
-0.374481 -0.040753 0.155729
-0.380793 -0.047927 0.163036
-0.380793 -0.047927 0.163036
-0.380536 -0.052526 0.164117
-0.374784 -0.040854 0.159563
-0.370854 -0.042403 0.163468
-0.377293 -0.059117 0.172896
-0.377293 -0.059117 0.172896
-0.367773 -0.047851 0.166498
-0.367773 -0.047851 0.166498
-0.379241 -0.063199 0.178129
-0.379241 -0.063199 0.178129
-0.373744 -0.070480 0.178239
-0.369242 -0.056056 0.174795
-0.375470 -0.051464 0.178435
-0.371403 -0.041074 0.175037
-0.367457 -0.048909 0.174263
-0.370792 -0.050320 0.177630
-0.378406 -0.075795 0.185735
-0.381921 -0.066479 0.187421
-0.370884 -0.047666 0.179788
-0.377809 -0.066241 0.186870
-0.364052 -0.038269 0.174830
-0.367350 -0.039632 0.178650
-0.369098 -0.050687 0.181414
-0.370239 -0.061281 0.183959
-0.375287 -0.062390 0.187720
-0.364875 -0.055846 0.181223
-0.374257 -0.069044 0.188814
-0.369383 -0.059024 0.184706
-0.360848 -0.035482 0.179595
-0.375860 -0.088100 0.195844
-0.374855 -0.071474 0.193917
-0.375141 -0.072742 0.195753
-0.365298 -0.042405 0.185963
-0.362624 -0.036888 0.184720
-0.367067 -0.056905 0.191065
-0.364877 -0.062668 0.190984
-0.373326 -0.092809 0.200658
-0.360661 -0.037713 0.187157
-0.375907 -0.093306 0.205090
-0.375723 -0.093261 0.205021
-0.372832 -0.079395 0.202191
-0.365768 -0.068581 0.197007
-0.368644 -0.077021 0.199970
-0.358336 -0.041261 0.193231
-0.370525 -0.079039 0.207094
-0.367528 -0.073872 0.205452
-0.367816 -0.071185 0.205540
-0.358961 -0.047118 0.197866
-0.369286 -0.086579 0.209730
-0.365677 -0.075949 0.208649
-0.356609 -0.043910 0.199134
-0.368920 -0.079943 0.211751
-0.356953 -0.045492 0.199974
-0.366837 -0.084693 0.211249
-0.359750 -0.041286 0.203084
-0.368338 -0.092133 0.217539
-0.354376 -0.049801 0.204848
-0.358755 -0.057245 0.210863
-0.352309 -0.049719 0.205879
-0.353849 -0.044033 0.206778
-0.350339 -0.039994 0.205326
-0.352857 -0.047378 0.208279
-0.353937 -0.053282 0.210131
-0.364471 -0.088124 0.222779
-0.361798 -0.083504 0.220477
-0.352327 -0.054797 0.211770
-0.354788 -0.049744 0.213216
-0.354788 -0.049744 0.213216
-0.347243 -0.033410 0.206303
-0.352600 -0.062725 0.213213
-0.357219 -0.079436 0.218145
-0.348482 -0.035652 0.207911
-0.363240 -0.094833 0.224511
-0.356321 -0.057772 0.217954
-0.361508 -0.088516 0.225723
-0.362347 -0.092664 0.227279
-0.353061 -0.064549 0.218446
-0.347942 -0.044496 0.212914
-0.352474 -0.056266 0.217475
-0.351451 -0.056624 0.218922
-0.359149 -0.090356 0.228487
-0.359149 -0.090356 0.228487
-0.352757 -0.054097 0.221685
-0.353787 -0.058577 0.223500
-0.354632 -0.084280 0.226443
-0.348288 -0.049624 0.220251
-0.352497 -0.064027 0.225770
-0.346808 -0.050741 0.222677
-0.347983 -0.054343 0.224391
-0.356113 -0.098874 0.234460
-0.345036 -0.042605 0.221848
-0.350700 -0.082419 0.231745
-0.343692 -0.043347 0.223696
-0.354814 -0.095047 0.236526
-0.355470 -0.097513 0.237711
-0.338057 -0.032857 0.219298
-0.338057 -0.032857 0.219298
-0.343806 -0.049699 0.225284
-0.343806 -0.049699 0.225284
-0.350363 -0.079142 0.232788
-0.354947 -0.097106 0.238324
-0.350509 -0.077546 0.234710
-0.341565 -0.042883 0.226333
-0.345426 -0.062092 0.231212
-0.352028 -0.093077 0.239541
-0.343934 -0.052614 0.230507
-0.342568 -0.056045 0.230546
-0.344278 -0.089702 0.234322
-0.347522 -0.030824 0.234016
-0.347563 -0.082831 0.237937
-0.351009 -0.079883 0.241477
-0.345770 -0.084548 0.237655
-0.349480 -0.091963 0.241866
-0.351011 -0.097761 0.243937
-0.341108 -0.062530 0.233695
-0.350160 -0.095800 0.243432
-0.341638 -0.060650 0.234516
-0.340670 -0.056723 0.234706
-0.335532 -0.020947 0.228408
-0.335532 -0.020947 0.228408
-0.340931 -0.070909 0.235885
-0.333775 -0.043471 0.228426
-0.333022 -0.019344 0.226517
-0.346889 -0.095636 0.243925
-0.343519 -0.080151 0.242065
-0.342507 -0.080040 0.241510
-0.345926 -0.084273 0.245604
-0.340864 -0.066783 0.240426
-0.334937 -0.059712 0.235323
-0.339836 -0.064955 0.239821
-0.346260 -0.022463 0.245720
-0.339100 -0.083710 0.242848
-0.338493 -0.072035 0.242271
-0.327331 -0.032558 0.230924
-0.327331 -0.032558 0.230924
-0.342000 -0.091717 0.247226
-0.337991 -0.072168 0.243336
-0.339504 -0.079559 0.245490
-0.327968 -0.042043 0.235874
-0.336279 -0.073833 0.245330
-0.336124 -0.076651 0.245714
-0.336159 -0.068898 0.245491
-0.333386 -0.069444 0.245247
-0.331915 -0.035925 0.242835
-0.338753 -0.070035 0.250902
-0.333397 -0.066689 0.246586
-0.323389 -0.041216 0.236806
-0.337310 -0.086490 0.251084
-0.333453 -0.046813 0.246640
-0.333453 -0.046813 0.246640
-0.333466 -0.062338 0.247520
-0.335202 -0.086690 0.250587
-0.331428 -0.068084 0.246685
-0.333828 -0.065682 0.249072
-0.329959 -0.051466 0.245565
-0.328363 -0.053854 0.244756
-0.335823 -0.080447 0.252646
-0.336560 -0.086144 0.253585
-0.320655 -0.045362 0.237722
-0.334868 -0.095284 0.252620
-0.333688 -0.093575 0.251553
-0.332436 -0.067834 0.249804
-0.332536 -0.068898 0.250858
-0.333006 -0.086756 0.251984
-0.329007 -0.070639 0.249413
-0.322655 -0.042587 0.242664
-0.329918 -0.066949 0.250510
-0.328268 -0.045789 0.248980
-0.328268 -0.045789 0.248980
-0.323962 -0.042723 0.246186
-0.325681 -0.050758 0.248628
-0.329024 -0.059926 0.252035
-0.331647 -0.084983 0.255495
-0.331876 -0.095487 0.257043
-0.332211 -0.088862 0.257612
-0.327814 -0.067989 0.253019
-0.320686 -0.042392 0.245345
-0.328706 -0.072587 0.254630
-0.330969 -0.076190 0.257627
-0.328521 -0.065340 0.255903
-0.332327 -0.086150 0.260798
-0.324647 -0.045712 0.252545
-0.324647 -0.045712 0.252545
-0.327677 -0.095778 0.258022
-0.329439 -0.089534 0.260036
-0.327296 -0.089804 0.258273
-0.320746 -0.057836 0.251808
-0.323582 -0.051014 0.255384
-0.340042 -0.021574 0.270634
-0.317698 -0.021717 0.256041
-0.321385 -0.062190 0.260310
-0.317913 -0.026671 0.257741
-0.323137 -0.074964 0.263727
-0.322360 -0.092666 0.263294
-0.322360 -0.092666 0.263294
-0.320588 -0.099828 0.263545
-0.320094 -0.065305 0.263102
-0.318211 -0.034270 0.260999
-0.322892 -0.082813 0.266314
-0.318749 -0.094999 0.263008
-0.322359 -0.101910 0.267910
-0.322359 -0.101910 0.267910
-0.319284 -0.093317 0.265281
-0.308747 -0.037950 0.256438
-0.318315 -0.086817 0.266341
-0.318315 -0.086817 0.266341
-0.313233 -0.033122 0.261093
-0.318522 -0.096894 0.267621
-0.316952 -0.088309 0.266013
-0.319425 -0.078433 0.268518
-0.313942 -0.022324 0.263230
-0.315292 -0.028614 0.264650
-0.313143 -0.023748 0.263503
-0.313143 -0.023748 0.263503
-0.315465 -0.084737 0.266488
-0.314702 -0.082421 0.266797
-0.315589 -0.095412 0.268274
-0.314181 -0.021795 0.266930
-0.309944 -0.016734 0.262801
-0.318377 -0.078062 0.271453
-0.315211 -0.076757 0.268849
-0.310658 -0.027984 0.264554
-0.317059 -0.097980 0.272958
-0.309643 -0.031086 0.266741
-0.312347 -0.091246 0.269985
-0.308871 -0.034628 0.267175
-0.313548 -0.080761 0.272892
-0.310866 -0.094883 0.270561
-0.309580 -0.037223 0.270255
-0.307191 -0.089705 0.267351
-0.310976 -0.041047 0.271919
-0.311531 -0.039575 0.272560
-0.303419 -0.026697 0.264207
-0.310740 -0.047635 0.271757
-0.309921 -0.039044 0.272268
-0.312611 -0.078488 0.275554
-0.311544 -0.095337 0.274835
-0.306993 -0.086276 0.272599
-0.306993 -0.086276 0.272599
-0.311911 -0.073360 0.278251
-0.308642 -0.088205 0.275269
-0.310507 -0.091308 0.277905
-0.310212 -0.088757 0.278787
-0.304237 -0.026711 0.274805
-0.303799 -0.054784 0.275361
-0.303544 -0.035076 0.277362
-0.305278 -0.093149 0.278654
-0.305688 -0.076084 0.279642
-0.301092 -0.030663 0.276316
-0.301762 -0.027209 0.277193
-0.302404 -0.024330 0.278579
-0.301207 -0.045049 0.276917
-0.301147 -0.031429 0.277419
-0.301147 -0.031429 0.277419
-0.300073 -0.033362 0.276691
-0.301597 -0.031035 0.278952
-0.302709 -0.019007 0.280782
-0.299536 -0.026111 0.277184
-0.300988 -0.031465 0.279303
-0.300988 -0.031465 0.279303
-0.303384 -0.048450 0.282421
-0.303781 -0.066267 0.282614
-0.303781 -0.066267 0.282614
-0.303082 -0.079993 0.281558
-0.300603 -0.024430 0.281071
-0.299223 -0.091404 0.278337
-0.300395 -0.031534 0.281769
-0.299089 -0.026388 0.281129
-0.300443 -0.053535 0.281912
-0.300005 -0.078631 0.281457
-0.300047 -0.028890 0.283226
-0.299897 -0.049851 0.282623
-0.302390 -0.080135 0.284461
-0.302390 -0.080135 0.284461
-0.299509 -0.050506 0.282660
-0.300502 -0.056902 0.285001
-0.298557 -0.043166 0.284089
-0.301175 -0.027460 0.288387
-0.299257 -0.077128 0.284605
-0.298970 -0.062418 0.284850
-0.299534 -0.048173 0.286298
-0.298231 -0.031266 0.285659
-0.297597 -0.065943 0.283927
-0.299220 -0.071404 0.286105
-0.295033 0.012401 0.284698
-0.293953 -0.001030 0.284093
-0.299879 -0.077121 0.287940
-0.297308 -0.090897 0.284467
-0.297347 -0.069910 0.285795
-0.299272 -0.064913 0.288356
-0.292353 0.016978 0.284312
-0.291401 0.011178 0.283380
-0.298040 -0.090963 0.288878
-0.297868 -0.063184 0.290412
-0.296796 -0.028072 0.291980
-0.290611 0.014413 0.286916
-0.290685 0.011930 0.286972
-0.293084 -0.066538 0.286169
-0.295104 -0.048536 0.289638
-0.293429 -0.057577 0.287269
-0.296482 -0.062169 0.290829
-0.294450 -0.030391 0.290508
-0.290314 -0.083884 0.284510
-0.291881 -0.000032 0.290669
-0.291881 -0.000032 0.290669
-0.292954 -0.092643 0.288280
-0.294239 -0.063151 0.291912
-0.290368 -0.072471 0.287309
-0.293368 -0.105969 0.290324
-0.289847 -0.080261 0.290157
-0.290730 -0.055696 0.293087
-0.289577 -0.060055 0.293604
-0.290706 -0.032778 0.297365
-0.288227 -0.080040 0.292437
-0.288422 -0.106017 0.291923
-0.286318 -0.102221 0.290362
-0.286224 -0.088965 0.292234
-0.287292 -0.007286 0.299333
-0.287939 -0.108655 0.294489
-0.283082 -0.022437 0.295129
-0.285509 -0.033760 0.297377
-0.285135 -0.063836 0.295311
-0.285161 -0.031238 0.298030
-0.284208 -0.085456 0.293899
-0.284343 -0.093142 0.294330
-0.283085 -0.034232 0.298080
-0.285065 -0.076513 0.297649
-0.285826 -0.078828 0.298579
-0.283320 -0.083767 0.295588
-0.282986 -0.008167 0.301071
-0.282345 -0.057454 0.297417
-0.282270 -0.099079 0.294200
-0.282270 -0.099079 0.294200
-0.283217 -0.104806 0.295015
-0.282975 -0.087378 0.297063
-0.280666 -0.060452 0.296424
-0.281122 -0.090330 0.296358
-0.283892 -0.080859 0.302882
-0.279124 -0.103207 0.295116
-0.282083 -0.056782 0.302850
-0.281214 -0.051731 0.303847
-0.277285 -0.094129 0.295451
-0.279266 -0.016795 0.305860
-0.277689 -0.105944 0.297573
-0.279556 -0.049697 0.305190
-0.276938 -0.025237 0.304524
-0.275471 -0.015263 0.304364
-0.276964 -0.007930 0.308106
-0.275535 -0.026742 0.304829
-0.275855 -0.018327 0.306579
-0.278329 -0.020828 0.309869
-0.278329 -0.020828 0.309869
-0.277997 -0.091659 0.302915
-0.275860 -0.070932 0.303386
-0.275860 -0.070932 0.303386
-0.276451 -0.100411 0.301501
-0.277388 -0.072597 0.306322
-0.276684 -0.054905 0.307327
-0.275580 -0.094514 0.303338
-0.273655 -0.107241 0.300617
-0.274689 -0.099444 0.303306
-0.272852 -0.026586 0.308259
-0.273074 -0.100591 0.301756
-0.275412 -0.055151 0.310035
-0.272511 -0.021343 0.310089
-0.273307 -0.106416 0.302621
-0.273307 -0.106416 0.302621
-0.274578 -0.099220 0.305087
-0.273304 -0.078397 0.307533
-0.271802 -0.076006 0.306248
-0.273408 -0.013098 0.315538
-0.268023 -0.028621 0.306964
-0.270664 -0.084270 0.305012
-0.270457 -0.090551 0.304871
-0.270457 -0.090551 0.304871
-0.275287 -0.021452 0.319112
-0.272983 -0.089579 0.308688
-0.271622 -0.101212 0.305758
-0.271298 -0.106008 0.306161
-0.271658 -0.070457 0.310695
-0.267782 -0.096509 0.302708
-0.267782 -0.096509 0.302708
-0.270665 -0.093574 0.308027
-0.270443 -0.085267 0.309837
-0.268493 -0.011863 0.315985
-0.267854 -0.103550 0.304865
-0.271041 -0.069120 0.314148
-0.267107 -0.029320 0.313948
-0.267285 -0.071682 0.309260
-0.268694 -0.089335 0.310108
-0.268655 -0.095479 0.309585
-0.265065 -0.027168 0.313325
-0.266670 -0.089864 0.310187
-0.263908 -0.102690 0.304989
-0.268853 -0.061889 0.317419
-0.265494 -0.091063 0.309750
-0.264893 -0.066661 0.313155
-0.267316 -0.102574 0.312800
-0.266427 -0.080271 0.314926
-0.264632 -0.025121 0.320262
-0.262974 -0.075771 0.312431
-0.261187 -0.030747 0.316256
-0.263072 -0.083706 0.312073
-0.263890 -0.051126 0.317740
-0.264017 -0.066680 0.316406
-0.262075 -0.026411 0.320016
-0.260867 -0.033799 0.317349
-0.261717 -0.079494 0.312595
-0.262604 -0.024478 0.321242
-0.260450 -0.061448 0.313346
-0.262664 -0.099461 0.313127
-0.259335 -0.036663 0.317176
-0.265343 -0.106335 0.316413
-0.260570 -0.055363 0.316755
-0.261450 -0.073435 0.315964
-0.260235 -0.051914 0.317240
-0.259990 -0.061551 0.317448
-0.260388 -0.072112 0.317114
-0.257026 -0.032302 0.318473
-0.261115 -0.102888 0.315926
-0.260641 -0.046225 0.323448
-0.257727 -0.074952 0.315269
-0.259538 -0.096546 0.317001
-0.259538 -0.096546 0.317001
-0.254618 -0.043601 0.318481
-0.257495 -0.071151 0.319027
-0.260279 -0.096967 0.319320
-0.255583 -0.077220 0.316031
-0.257724 -0.069328 0.320597
-0.258822 -0.098754 0.319078
-0.256030 -0.060332 0.320793
-0.255560 -0.058947 0.321166
-0.255907 -0.055371 0.322235
-0.255304 -0.063603 0.320839
-0.258366 -0.050960 0.327418
-0.258366 -0.050960 0.327418
-0.253850 -0.042550 0.322114
-0.257429 -0.085893 0.321031
-0.253978 -0.029443 0.324717
-0.254140 -0.058285 0.320830
-0.258012 -0.106920 0.319489
-0.259065 -0.093958 0.324031
-0.253015 -0.034502 0.324247
-0.254845 -0.030134 0.328130
-0.255584 -0.038961 0.329155
-0.252627 -0.044966 0.325546
-0.252627 -0.044966 0.325546
-0.253146 -0.072468 0.322415
-0.254599 -0.078063 0.323805
-0.252413 -0.055097 0.324266
-0.252669 -0.065779 0.323430
-0.252669 -0.065779 0.323430
-0.253740 -0.091322 0.320897
-0.254104 -0.101248 0.320066
-0.252214 -0.034423 0.330125
-0.248849 -0.071821 0.320145
-0.251150 -0.057539 0.326842
-0.248436 -0.078851 0.319298
-0.250256 -0.081890 0.322140
-0.247872 -0.094300 0.319494
-0.246664 -0.098295 0.317011
-0.247710 -0.024403 0.332795
-0.248719 -0.044738 0.331331
-0.248108 -0.026706 0.334465
-0.249725 -0.103647 0.324181
-0.248850 -0.035234 0.335155
-0.246629 -0.077956 0.324348
-0.247919 -0.093311 0.325218
-0.244736 -0.083847 0.322459
-0.247507 -0.097362 0.325276
-0.247507 -0.097362 0.325276
-0.244519 -0.050774 0.330442
-0.245417 -0.028983 0.336845
-0.244888 -0.072209 0.328122
-0.242402 -0.085895 0.322358
-0.245234 -0.102984 0.324187
-0.246876 -0.098626 0.327827
-0.244677 -0.073457 0.330312
-0.241501 -0.084448 0.323408
-0.241501 -0.084448 0.323408
-0.241843 -0.080554 0.324801
-0.241843 -0.080554 0.324801
-0.244569 -0.069328 0.332293
-0.242502 -0.056423 0.331982
-0.242617 -0.028537 0.338266
-0.241912 -0.101712 0.323455
-0.239876 -0.089272 0.322791
-0.244832 -0.065366 0.336916
-0.242688 -0.039661 0.338567
-0.239780 -0.098685 0.322287
-0.242997 -0.077551 0.331820
-0.239441 -0.084393 0.326962
-0.237973 -0.094555 0.323567
-0.242229 -0.048539 0.340173
-0.239321 -0.059728 0.333252
-0.239696 -0.026214 0.341721
-0.239264 -0.081142 0.330738
-0.238742 -0.104439 0.325682
-0.236282 -0.096684 0.325576
-0.239502 -0.079172 0.334880
-0.237642 -0.052249 0.338081
-0.236385 -0.101807 0.325559
-0.234685 -0.097917 0.324764
-0.236701 -0.043906 0.340902
-0.235700 -0.034659 0.342573
-0.236316 -0.091227 0.331222
-0.233041 -0.107176 0.322530
-0.233090 -0.098220 0.324957
-0.237001 -0.089250 0.334070
-0.235765 -0.041361 0.343080
-0.234818 -0.052513 0.339385
-0.232618 -0.102616 0.325094
-0.232395 -0.098137 0.326210
-0.234692 -0.058237 0.339668
-0.235879 -0.060547 0.341792
-0.235112 -0.086565 0.334974
-0.232299 -0.050498 0.339716
-0.232528 -0.068243 0.336428
-0.231107 -0.090886 0.329013
-0.232285 -0.074386 0.335251
-0.232285 -0.074386 0.335251
-0.230877 -0.101219 0.326893
-0.229320 -0.099519 0.324896
-0.231197 -0.084062 0.333752
-0.230238 -0.098669 0.330857
-0.227660 -0.108323 0.324149
-0.225328 -0.056396 0.334979
-0.225810 -0.108136 0.326838
-0.227026 -0.067436 0.339208
-0.223690 -0.092064 0.328665
-0.225057 -0.047877 0.342877
-0.224133 -0.094288 0.332141
-0.224550 -0.108479 0.329463
-0.224453 -0.102256 0.331081
-0.222993 -0.087548 0.332481
-0.224275 -0.109902 0.329190
-0.224017 -0.107081 0.330836
-0.223570 -0.054987 0.343958
-0.221160 -0.097255 0.328796
-0.223040 -0.079597 0.337795
-0.222797 -0.086850 0.335560
-0.219622 -0.058837 0.337183
-0.222628 -0.051538 0.346509
-0.221931 -0.086967 0.336007
-0.220676 -0.038696 0.347343
-0.220852 -0.070560 0.339731
-0.221389 -0.098979 0.333384
-0.219769 -0.097800 0.331124
-0.220516 -0.095912 0.335378
-0.220563 -0.085873 0.338506
-0.218168 -0.054791 0.342823
-0.219090 -0.077900 0.338730
-0.217553 -0.066662 0.343149
-0.216777 -0.094289 0.334778
-0.216608 -0.057762 0.344914
-0.216860 -0.091892 0.336674
-0.215673 -0.045891 0.348272
-0.216478 -0.042709 0.351459
-0.217863 -0.070011 0.346543
-0.216667 -0.105076 0.334735
-0.217534 -0.064360 0.348315
-0.213986 -0.054114 0.344832
-0.215369 -0.084070 0.339370
-0.214241 -0.052589 0.347283
-0.217409 -0.097189 0.340802
-0.214427 -0.057493 0.348338
-0.213983 -0.052347 0.349095
-0.213983 -0.052347 0.349095
-0.213978 -0.094846 0.336552
-0.214622 -0.053313 0.350635
-0.213740 -0.091393 0.339120
-0.210494 -0.093918 0.335933
-0.211722 -0.061115 0.352717
-0.211722 -0.061115 0.352717
-0.213428 -0.079335 0.350845
-0.210610 -0.089710 0.342103
-0.209636 -0.053531 0.353033
-0.209843 -0.087783 0.344750
-0.211594 -0.092473 0.346873
-0.209218 -0.100433 0.340476
-0.209293 -0.104215 0.339475
-0.207956 -0.098894 0.339307
-0.207556 -0.097437 0.339431
-0.209552 -0.071468 0.352363
-0.206532 -0.087916 0.341777
-0.211022 -0.071746 0.356829
-0.207301 -0.075385 0.348297
-0.207126 -0.081387 0.346188
-0.207767 -0.102379 0.340835
-0.205729 -0.086397 0.343112
-0.204276 -0.022328 0.361513
-0.206788 -0.075514 0.349345
-0.206085 -0.079138 0.347609
-0.206181 -0.088304 0.346014
-0.206482 -0.106545 0.340733
-0.203973 -0.069125 0.350115
-0.205023 -0.076408 0.349873
-0.202788 -0.055004 0.352610
-0.203869 -0.056399 0.355186
-0.204786 -0.106056 0.340775
-0.203843 -0.089787 0.344908
-0.203982 -0.027694 0.366683
-0.206979 -0.101330 0.347898
-0.200886 -0.054903 0.352367
-0.204041 -0.086232 0.348724
-0.201690 -0.079588 0.346103
-0.204315 -0.108745 0.341658
-0.199590 -0.025109 0.362681
-0.200586 -0.049835 0.356519
-0.205215 -0.103712 0.347462
-0.201844 -0.059119 0.356990
-0.198595 -0.046012 0.357106
-0.199183 -0.024207 0.367076
-0.201169 -0.097028 0.345938
-0.203057 -0.105926 0.346829
-0.198962 -0.060273 0.354781
-0.198638 -0.079862 0.348361
-0.199048 -0.073640 0.351988
-0.196966 -0.040015 0.360422
-0.200315 -0.050993 0.363731
-0.200524 -0.107982 0.344568
-0.197849 -0.086148 0.348343
-0.198317 -0.082608 0.351502
-0.198637 -0.090461 0.349526
-0.196907 -0.072938 0.353762
-0.197041 -0.041208 0.366532
-0.196536 -0.111099 0.342589
-0.194996 -0.088569 0.349784
-0.194532 -0.077316 0.354609
-0.190518 -0.059787 0.353290
-0.195320 -0.112200 0.344484
-0.192111 -0.080734 0.350159
-0.193519 -0.052819 0.364812
-0.192954 -0.051927 0.364436
-0.192535 -0.068745 0.357530
-0.192255 -0.047853 0.365205
-0.191512 -0.080320 0.351652
-0.191695 -0.065081 0.359162
-0.191343 -0.097329 0.345590
-0.191732 -0.096031 0.347070
-0.190992 -0.069476 0.356910
-0.190912 -0.053974 0.365175
-0.191114 -0.091461 0.350538
-0.189135 -0.049246 0.364009
-0.190240 -0.079253 0.355381
-0.190240 -0.079253 0.355381
-0.190877 -0.113946 0.342738
-0.186982 -0.073349 0.352069
-0.189732 -0.110180 0.344186
-0.188750 -0.098758 0.347790
-0.188844 -0.107604 0.346805
-0.185901 -0.071230 0.356814
-0.186692 -0.066973 0.360581
-0.187093 -0.079197 0.357047
-0.184638 -0.084241 0.349705
-0.185677 -0.070546 0.358317
-0.182347 -0.078482 0.347624
-0.185821 -0.101669 0.346918
-0.184618 -0.106700 0.343993
-0.184618 -0.106700 0.343993
-0.185221 -0.111681 0.343818
-0.184048 -0.064741 0.362073
-0.186366 -0.110278 0.347750
-0.181978 -0.048049 0.368574
-0.184167 -0.080161 0.361970
-0.181036 -0.046087 0.369850
-0.182662 -0.087901 0.355263
-0.182884 -0.097723 0.351574
-0.180817 -0.061263 0.363183
-0.180026 -0.071747 0.357284
-0.183827 -0.103460 0.352274
-0.181313 -0.075612 0.359697
-0.178509 -0.026358 0.375417
-0.180482 -0.095143 0.350741
-0.177933 -0.020806 0.379488
-0.175559 -0.017222 0.377772
-0.175559 -0.017222 0.377772
-0.178495 -0.077236 0.357258
-0.179002 -0.084530 0.355135
-0.177075 -0.024079 0.379433
-0.179208 -0.050250 0.372541
-0.179961 -0.065069 0.367860
-0.177399 -0.026118 0.380409
-0.179149 -0.081251 0.358816
-0.179267 -0.083722 0.359544
-0.179331 -0.094342 0.356341
-0.180111 -0.109161 0.352964
-0.173500 -0.049055 0.370458
-0.173978 -0.097331 0.350394
-0.174334 -0.083179 0.359566
-0.175549 -0.077060 0.366190
-0.170866 -0.027431 0.379776
-0.173493 -0.090738 0.355263
-0.174528 -0.088318 0.360057
-0.172551 -0.087718 0.356241
-0.171603 -0.084766 0.360458
-0.171685 -0.093002 0.356596
-0.171897 -0.099802 0.354096
-0.170007 -0.061415 0.369251
-0.171152 -0.073964 0.366503
-0.166304 -0.043155 0.371370
-0.170561 -0.106895 0.349549
-0.168443 -0.049049 0.375688
-0.169921 -0.084902 0.362120
-0.171620 -0.097198 0.360765
-0.168633 -0.055983 0.374943
-0.168831 -0.101002 0.351954
-0.168831 -0.101002 0.351954
-0.169853 -0.079530 0.366581
-0.168020 -0.107812 0.351669
-0.168400 -0.101496 0.357291
-0.164887 -0.046044 0.379576
-0.167233 -0.082827 0.367082
-0.164960 -0.091936 0.358109
-0.167697 -0.109844 0.356258
-0.164647 -0.071754 0.370738
-0.159216 -0.010393 0.390559
-0.163364 -0.063467 0.372416
-0.158043 -0.014313 0.388204
-0.164050 -0.088018 0.362940
-0.161158 -0.050068 0.376667
-0.161158 -0.050068 0.376667
-0.162428 -0.050711 0.380022
-0.155709 -0.013222 0.384117
-0.165407 -0.111383 0.354846
-0.158025 -0.028764 0.382423
-0.158025 -0.028764 0.382423
-0.161758 -0.064128 0.373547
-0.161481 -0.092863 0.362312
-0.159445 -0.064341 0.373619
-0.154114 -0.020007 0.385542
-0.155918 -0.023267 0.389155
-0.159909 -0.085661 0.364330
-0.160954 -0.093073 0.362918
-0.160817 -0.109671 0.354409
-0.158275 -0.087838 0.362041
-0.158082 -0.100998 0.354275
-0.160114 -0.102750 0.359466
-0.150169 0.004171 0.398901
-0.150585 0.002395 0.399339
-0.152785 -0.017800 0.394039
-0.148374 0.001213 0.393957
-0.151609 -0.023908 0.388090
-0.156668 -0.083674 0.368048
-0.157136 -0.111616 0.351973
-0.153594 -0.061287 0.374152
-0.145302 -0.001510 0.392205
-0.153500 -0.079426 0.367366
-0.155071 -0.091113 0.364614
-0.151830 -0.064816 0.372039
-0.154219 -0.092219 0.361968
-0.150958 -0.070268 0.372732
-0.152253 -0.105282 0.355259
-0.142624 0.002384 0.399966
-0.153293 -0.109458 0.358576
-0.151664 -0.086067 0.369965
-0.150788 -0.089724 0.365406
-0.150947 -0.089985 0.366780
-0.148567 -0.084636 0.369200
-0.148917 -0.092379 0.366562
-0.146399 -0.082011 0.369188
-0.146898 -0.088649 0.366336
-0.137191 -0.001538 0.399096
-0.143356 -0.080466 0.371905
-0.134495 -0.005573 0.400217
-0.144556 -0.106375 0.361339
-0.144150 -0.104544 0.361551
-0.142673 -0.100924 0.359800
-0.131175 -0.002887 0.399902
-0.136621 -0.097663 0.355833
-0.137215 -0.104863 0.353753
-0.140107 -0.114602 0.357897
-0.134956 -0.086755 0.362317
-0.131496 -0.063069 0.377619
-0.132651 -0.086300 0.363165
-0.136536 -0.107630 0.359702
-0.136536 -0.107630 0.359702
-0.131219 -0.062116 0.379544
-0.131624 -0.070237 0.374594
-0.131624 -0.070237 0.374594
-0.133699 -0.079801 0.374230
-0.124068 0.000332 0.408906
-0.132155 -0.085709 0.366022
-0.127973 -0.061071 0.372718
-0.134277 -0.107548 0.359604
-0.128440 -0.062319 0.380431
-0.133737 -0.110527 0.361322
-0.126336 -0.066099 0.376422
-0.125249 -0.079432 0.364204
-0.126050 -0.062482 0.383353
-0.125841 -0.073435 0.373601
-0.129547 -0.105325 0.359789
-0.129547 -0.105325 0.359789
-0.125612 -0.067185 0.384702
-0.123310 -0.078911 0.365195
-0.122536 -0.075965 0.368497
-0.122128 -0.062908 0.380307
-0.121302 -0.068760 0.376843
-0.119664 -0.068427 0.379110
-0.115804 -0.048543 0.385500
-0.116317 -0.051250 0.387877
-0.116883 -0.062952 0.379262
-0.118669 -0.066493 0.384098
-0.114268 -0.066209 0.378087
-0.112110 -0.055474 0.381454
-0.113099 -0.073193 0.368197
-0.109572 -0.055588 0.380943
-0.111278 -0.071941 0.372866
-0.109387 -0.049755 0.392174
-0.109870 -0.063367 0.385212
-0.108378 -0.057152 0.389191
-0.107113 -0.069296 0.378687
-0.106011 -0.071907 0.372395
-0.101984 -0.071269 0.378099
-0.100250 -0.074758 0.372960
-0.101974 -0.094947 0.360344
-0.104982 -0.110020 0.360106
-0.103106 -0.102636 0.361766
-0.098737 -0.092531 0.362496
-0.098737 -0.092531 0.362496
-0.096592 -0.087754 0.367845
-0.100495 -0.108325 0.362135
-0.098408 -0.107503 0.360274
-0.097015 -0.098341 0.366325
-0.093671 -0.088299 0.362837
-0.097900 -0.109396 0.359782
-0.095256 -0.103035 0.360413
-0.096976 -0.111011 0.360916
-0.094045 -0.096275 0.367031
-0.093087 -0.090719 0.372648
-0.091130 -0.096817 0.365820
-0.089982 -0.095415 0.369296
-0.090012 -0.110797 0.358711
-0.086174 -0.095317 0.367510
-0.087172 -0.112290 0.357625
-0.087172 -0.112290 0.357625
-0.086692 -0.114265 0.356028
-0.082636 -0.109073 0.357820
-0.082636 -0.109073 0.357820
-0.079768 -0.109794 0.357991
-0.449189 0.049448 0.315036
-0.466356 0.016117 0.334589
-0.456377 0.029258 0.326194
-0.453334 0.027437 0.327765
-0.433239 0.060670 0.309052
-0.452009 0.031418 0.328854
-0.435027 0.045089 0.316016
-0.429138 0.042594 0.312126
-0.466829 -0.021583 0.348325
-0.431082 0.050678 0.314450
-0.433050 0.055021 0.317196
-0.432736 0.050336 0.317205
-0.466668 -0.019161 0.352363
-0.447884 0.024608 0.334994
-0.423577 0.054590 0.313991
-0.426462 0.042975 0.318995
-0.462811 -0.032479 0.354772
-0.444824 0.016981 0.337211
-0.452353 -0.000068 0.344782
-0.424612 0.058677 0.318802
-0.451247 -0.004870 0.346505
-0.452744 -0.036907 0.352533
-0.452744 -0.036907 0.352533
-0.421130 0.045672 0.323161
-0.451685 -0.033092 0.354741
-0.414391 0.052089 0.318379
-0.450292 -0.031760 0.354378
-0.450292 -0.031760 0.354378
-0.449414 -0.030699 0.355223
-0.449414 -0.030699 0.355223
-0.448917 -0.029703 0.356804
-0.414327 0.048483 0.322495
-0.443584 -0.018632 0.351982
-0.448433 -0.054686 0.358235
-0.446476 -0.039545 0.357932
-0.442764 -0.043389 0.356810
-0.441523 -0.033041 0.355657
-0.436059 -0.030568 0.354506
-0.438613 -0.060913 0.358968
-0.434794 -0.064882 0.355852
-0.429501 -0.063441 0.352470
-0.435038 -0.024174 0.358054
-0.428769 -0.034536 0.352775
-0.411299 0.029289 0.334689
-0.411299 0.029289 0.334689
-0.431383 -0.030563 0.355876
-0.429354 -0.058172 0.355561
-0.425722 -0.014880 0.351666
-0.428725 -0.014993 0.357102
-0.423958 -0.048210 0.353357
-0.432009 -0.021489 0.361382
-0.411075 0.036089 0.340359
-0.424596 -0.013118 0.354968
-0.424616 -0.045935 0.355639
-0.421735 -0.057204 0.353302
-0.424744 -0.050154 0.356589
-0.420429 -0.011707 0.352871
-0.422869 -0.020378 0.357312
-0.402744 0.047595 0.336691
-0.414815 -0.054643 0.350341
-0.407490 0.038528 0.341839
-0.414291 -0.054660 0.349920
-0.395624 0.045831 0.331481
-0.419546 -0.000285 0.356535
-0.417600 -0.023719 0.356551
-0.413986 -0.017324 0.355303
-0.413534 -0.010433 0.355307
-0.410421 -0.039429 0.352728
-0.392311 0.047263 0.334000
-0.398845 0.030410 0.342129
-0.412561 -0.029264 0.357767
-0.407459 -0.055123 0.354174
-0.403031 0.018766 0.349804
-0.409805 -0.014494 0.357129
-0.396418 0.013053 0.345925
-0.403251 -0.002140 0.353359
-0.382332 0.047225 0.332414
-0.396455 0.034213 0.347592
-0.381967 0.047813 0.333487
-0.381967 0.047813 0.333487
-0.402098 0.008625 0.354488
-0.392184 0.019345 0.344368
-0.402264 0.000096 0.355008
-0.403276 -0.020348 0.356070
-0.403133 -0.017198 0.357920
-0.380874 0.050401 0.336751
-0.389220 0.041090 0.346073
-0.392976 0.012104 0.350705
-0.395164 -0.006908 0.353176
-0.400401 -0.024709 0.358691
-0.394387 -0.044965 0.354222
-0.394693 -0.013710 0.355454
-0.394693 -0.013710 0.355454
-0.394570 -0.035657 0.355316
-0.386977 -0.005712 0.351538
-0.391455 0.005607 0.357613
-0.375238 0.053014 0.341086
-0.396204 -0.030217 0.362510
-0.390574 0.001381 0.357027
-0.382031 0.025250 0.348524
-0.390809 -0.027631 0.357774
-0.387251 -0.016395 0.356963
-0.377482 0.026474 0.347414
-0.377482 0.026474 0.347414
-0.368959 0.031020 0.338792
-0.376948 0.009132 0.351034
-0.382964 -0.015098 0.357407
-0.359338 0.042301 0.340842
-0.359338 0.042301 0.340842
-0.363620 0.050560 0.347082
-0.360829 0.034882 0.348173
-0.355478 0.051580 0.346941
-0.341204 0.041055 0.349234
-0.338223 0.045651 0.350289
-0.335866 0.011951 0.347232
-0.335333 0.020137 0.350238
-0.340659 0.004652 0.356014
-0.340493 0.004052 0.357316
-0.335609 0.011631 0.354924
-0.338330 0.001007 0.360073
-0.329993 0.036966 0.352562
-0.333205 0.014522 0.355888
-0.328268 0.040167 0.355043
-0.331340 0.002315 0.355915
-0.329827 0.000024 0.355852
-0.329267 0.004593 0.356087
-0.329087 0.002082 0.356796
-0.326250 0.007969 0.354134
-0.329140 0.003783 0.357582
-0.326093 0.015510 0.355680
-0.323193 0.040986 0.355706
-0.322375 0.018606 0.357176
-0.307906 -0.053777 0.330774
-0.320539 0.035478 0.358590
-0.325393 -0.011744 0.360531
-0.319861 0.026020 0.358610
-0.319221 -0.002042 0.355774
-0.319837 0.014949 0.358645
-0.309964 0.032275 0.352127
-0.299975 -0.040166 0.331456
-0.299339 -0.034784 0.332750
-0.306288 0.035137 0.352283
-0.312684 0.006826 0.360184
-0.306730 0.027796 0.357566
-0.294579 -0.042604 0.331162
-0.311758 0.011204 0.364044
-0.298856 -0.024574 0.341813
-0.293583 -0.051035 0.330709
-0.309068 0.012738 0.361930
-0.300072 -0.020046 0.345035
-0.298599 -0.012019 0.344018
-0.296481 -0.016630 0.340835
-0.291469 -0.053205 0.329973
-0.306901 0.017518 0.362472
-0.305114 0.016607 0.360046
-0.295437 -0.056644 0.336257
-0.306087 -0.000499 0.362350
-0.301529 0.001850 0.356600
-0.300395 0.007378 0.357423
-0.300395 0.007378 0.357423
-0.299811 0.026706 0.361823
-0.288939 -0.018837 0.341958
-0.282092 -0.045147 0.328055
-0.286074 -0.023873 0.338091
-0.284869 -0.020445 0.338101
-0.284869 -0.020445 0.338101
-0.281079 -0.049687 0.328788
-0.285191 -0.028309 0.338693
-0.279017 -0.048494 0.326291
-0.276387 -0.034051 0.325514
-0.287512 0.036133 0.354108
-0.287512 0.036133 0.354108
-0.278633 -0.040285 0.330048
-0.276155 -0.039313 0.327101
-0.294015 0.011568 0.366490
-0.273160 -0.037892 0.326802
-0.287042 0.028836 0.362489
-0.285625 0.012223 0.361357
-0.284826 0.033379 0.364121
-0.285416 -0.007062 0.357883
-0.275485 -0.057401 0.332738
-0.267629 -0.050228 0.322903
-0.286663 0.003934 0.363775
-0.283032 -0.020780 0.353644
-0.284736 0.037449 0.368013
-0.283583 0.006885 0.361470
-0.284039 0.011792 0.363633
-0.264972 -0.055371 0.321663
-0.276469 -0.010916 0.350812
-0.263945 -0.050550 0.324396
-0.263945 -0.050550 0.324396
-0.261145 -0.056855 0.319282
-0.277351 -0.014581 0.356582
-0.260778 -0.053071 0.321631
-0.272529 0.035807 0.360451
-0.258545 -0.060902 0.317565
-0.275079 -0.005544 0.356879
-0.273409 0.011351 0.358883
-0.258798 -0.041274 0.326147
-0.257665 -0.043906 0.325671
-0.255484 -0.042225 0.324030
-0.249014 -0.064041 0.309830
-0.247979 -0.062009 0.309769
-0.251786 -0.054774 0.320985
-0.251838 -0.050283 0.325043
-0.251150 -0.035596 0.335999
-0.245585 -0.061448 0.319380
-0.245657 -0.052472 0.323950
-0.255874 0.001503 0.359269
-0.253039 0.016905 0.359265
-0.253039 0.016905 0.359265
-0.247067 -0.028275 0.337543
-0.242336 -0.058746 0.320594
-0.248891 -0.018181 0.345626
-0.248505 -0.015348 0.346362
-0.249211 -0.007248 0.350399
-0.245117 -0.026768 0.341569
-0.241237 0.035150 0.351983
-0.245263 -0.052440 0.335535
-0.247353 0.009743 0.358049
-0.244567 -0.011270 0.347022
-0.244649 -0.038787 0.343150
-0.244649 -0.038787 0.343150
-0.239461 0.029779 0.356744
-0.245810 -0.041545 0.347943
-0.245810 -0.041545 0.347943
-0.242140 0.024907 0.361548
-0.242260 0.005791 0.356435
-0.243581 -0.064227 0.337973
-0.240602 -0.067813 0.333295
-0.241672 -0.064192 0.336804
-0.238044 0.012106 0.355477
-0.241393 -0.049141 0.343645
-0.239021 -0.071258 0.332481
-0.241712 -0.042176 0.347633
-0.239704 -0.031748 0.347239
-0.241012 -0.051847 0.343994
-0.240358 -0.039673 0.347545
-0.240434 -0.046555 0.346932
-0.237313 -0.039080 0.344924
-0.231432 0.027128 0.355109
-0.237753 -0.055610 0.341136
-0.234858 -0.068395 0.331341
-0.231538 0.032813 0.359347
-0.233932 -0.033120 0.342568
-0.239465 -0.053926 0.347152
-0.236385 -0.052266 0.341889
-0.232149 0.023194 0.358385
-0.235957 0.008407 0.363645
-0.233225 -0.064160 0.333723
-0.235198 -0.049538 0.343643
-0.233009 -0.059367 0.337016
-0.232201 -0.065348 0.334227
-0.228080 0.023326 0.357450
-0.231654 -0.038512 0.343622
-0.231297 0.017512 0.363003
-0.231490 -0.057571 0.341253
-0.229037 -0.055669 0.339672
-0.229037 -0.055669 0.339672
-0.223911 -0.034045 0.342105
-0.222984 -0.052643 0.334992
-0.219793 0.025430 0.361843
-0.216998 0.019750 0.353397
-0.221882 0.014325 0.362244
-0.219756 -0.003446 0.352895
-0.219247 -0.058040 0.332179
-0.214352 0.017977 0.353719
-0.216365 0.004919 0.357497
-0.212956 0.006324 0.354589
-0.212294 -0.041365 0.333282
-0.208181 -0.036875 0.326324
-0.209284 -0.030603 0.337139
-0.212967 -0.007726 0.356875
-0.209048 0.015551 0.361896
-0.209256 0.019928 0.364385
-0.201411 -0.026228 0.325761
-0.203969 0.031709 0.358201
-0.204511 -0.038535 0.328217
-0.207873 0.011989 0.360916
-0.202120 -0.047900 0.319778
-0.203673 -0.038907 0.328205
-0.201113 -0.049323 0.318944
-0.200444 -0.050899 0.318653
-0.203644 0.018274 0.359708
-0.199397 -0.052138 0.316639
-0.199397 -0.052138 0.316639
-0.202859 -0.037201 0.334193
-0.200135 -0.044200 0.324280
-0.197946 -0.058169 0.312575
-0.195913 -0.065073 0.304978
-0.200525 0.016912 0.362084
-0.197117 -0.047032 0.322705
-0.193510 -0.060347 0.308978
-0.193510 -0.060347 0.308978
-0.191955 -0.060440 0.307622
-0.195263 0.024666 0.360259
-0.194535 0.017683 0.355776
-0.194101 0.019038 0.356340
-0.192887 0.027732 0.358162
-0.195933 -0.050420 0.326848
-0.194134 -0.055293 0.322267
-0.189412 0.029763 0.355444
-0.189362 0.029743 0.355327
-0.192173 -0.036546 0.330767
-0.189326 -0.016378 0.337529
-0.192158 -0.052768 0.327249
-0.191430 -0.066773 0.317758
-0.191682 -0.051605 0.328497
-0.191682 -0.051605 0.328497
-0.190658 -0.056271 0.324104
-0.188803 -0.035306 0.334482
-0.185671 -0.027094 0.332539
-0.184972 -0.025325 0.332922
-0.184592 -0.023136 0.334034
-0.184240 -0.042111 0.323416
-0.186232 -0.052214 0.323450
-0.180669 0.023013 0.353696
-0.184128 -0.047220 0.324024
-0.183029 -0.053026 0.321766
-0.183014 -0.031745 0.336208
-0.181450 -0.034752 0.333365
-0.182315 -0.073350 0.314599
-0.178109 -0.046976 0.323589
-0.178109 -0.046976 0.323589
-0.178109 -0.031667 0.334717
-0.178893 -0.056985 0.320899
-0.178167 -0.051484 0.323945
-0.177386 -0.048270 0.325458
-0.172590 -0.008280 0.338715
-0.174535 -0.015499 0.341180
-0.173215 -0.063484 0.307459
-0.173444 -0.054727 0.317630
-0.171018 -0.016849 0.337598
-0.173191 -0.068106 0.308158
-0.170563 -0.039746 0.326666
-0.166756 0.010835 0.354466
-0.169792 -0.067815 0.306502
-0.169892 -0.074971 0.302468
-0.166558 0.004708 0.351493
-0.167980 -0.038621 0.323748
-0.169148 -0.043432 0.325707
-0.169097 -0.073857 0.302787
-0.168318 -0.027439 0.336982
-0.169466 -0.061519 0.315323
-0.163747 -0.015227 0.336788
-0.166281 -0.073839 0.300338
-0.166227 -0.050248 0.319065
-0.166456 -0.055325 0.316959
-0.166456 -0.055325 0.316959
-0.162807 0.002557 0.350511
-0.160331 0.005247 0.345072
-0.166204 -0.063411 0.310863
-0.165846 -0.053280 0.318800
-0.158989 0.011872 0.355931
-0.158060 -0.010799 0.335343
-0.160960 -0.043117 0.322786
-0.161874 -0.040600 0.328658
-0.161406 -0.075763 0.296829
-0.155277 0.004830 0.348581
-0.161149 -0.039642 0.332570
-0.161223 -0.044013 0.330055
-0.160261 -0.040994 0.329529
-0.158645 -0.046150 0.327142
-0.152593 -0.002581 0.345531
-0.154526 -0.026805 0.331166
-0.156630 -0.047953 0.326496
-0.148915 0.002657 0.344131
-0.151230 -0.017140 0.340130
-0.155024 -0.055193 0.319823
-0.153002 -0.042079 0.326325
-0.148824 -0.027122 0.327963
-0.153768 -0.062836 0.315909
-0.147505 -0.021707 0.335404
-0.143087 -0.000421 0.339417
-0.143764 -0.008965 0.337027
-0.151983 -0.068050 0.310688
-0.149845 -0.065817 0.305937
-0.149246 -0.046795 0.324873
-0.146880 -0.038430 0.326455
-0.149213 -0.061719 0.313911
-0.145982 -0.035630 0.328713
-0.144112 -0.031569 0.326377
-0.149412 -0.070308 0.307044
-0.138214 -0.008750 0.330297
-0.145191 -0.047691 0.324384
-0.146761 -0.072068 0.304746
-0.145405 -0.059948 0.312810
-0.144855 -0.043100 0.332868
-0.135959 -0.014808 0.328465
-0.144548 -0.063453 0.311929
-0.144150 -0.061773 0.312229
-0.136337 -0.027343 0.317180
-0.143705 -0.068328 0.305747
-0.143705 -0.068328 0.305747
-0.142025 -0.063552 0.309106
-0.135887 -0.033735 0.318417
-0.140661 -0.060645 0.313608
-0.132678 -0.028475 0.317743
-0.139961 -0.064395 0.308704
-0.139286 -0.069861 0.305131
-0.137495 -0.074890 0.295331
-0.136864 -0.074164 0.294725
-0.137105 -0.076241 0.293404
-0.132673 -0.069695 0.295451
-0.133360 -0.076989 0.293615
-0.123439 -0.033128 0.304886
-0.130089 -0.066194 0.291750
-0.129757 -0.054937 0.309542
-0.120220 -0.027269 0.301953
-0.127778 -0.060194 0.299982
-0.127917 -0.069722 0.291337
-0.120527 -0.036066 0.303422
-0.123466 -0.049571 0.299208
-0.121787 -0.041450 0.303801
-0.122461 -0.048123 0.298810
-0.116237 -0.032909 0.299361
-0.115993 -0.032585 0.299815
-0.113988 -0.026688 0.298546
-0.116548 -0.035963 0.301128
-0.119013 -0.047389 0.298392
-0.119013 -0.047389 0.298392
-0.124257 -0.071479 0.288741
-0.118510 -0.047757 0.298288
-0.112131 -0.027733 0.299651
-0.113584 -0.035414 0.300207
-0.120493 -0.068274 0.287389
-0.110916 -0.030928 0.296802
-0.119588 -0.066045 0.290944
-0.118840 -0.059161 0.302831
-0.109555 -0.026133 0.302768
-0.117829 -0.068530 0.290365
-0.117825 -0.072081 0.282091
-0.115086 -0.056969 0.296222
-0.114952 -0.057177 0.295683
-0.104674 -0.018928 0.302666
-0.109328 -0.041771 0.294192
-0.107073 -0.036513 0.293408
-0.113975 -0.062438 0.291794
-0.113975 -0.062438 0.291794
-0.113630 -0.064819 0.288600
-0.100312 -0.034654 0.295811
-0.107273 -0.066637 0.286913
-0.078839 -0.022641 0.156716
-0.078301 -0.022530 0.157496
-0.076672 -0.035891 0.155498
-0.078512 -0.017946 0.159627
-0.076939 -0.034486 0.156923
-0.052454 -0.018763 0.101003
-0.075359 -0.034341 0.160042
-0.075359 -0.034341 0.160042
-0.074896 -0.032502 0.159902
-0.051589 -0.016692 0.102874
-0.075861 -0.018889 0.162639
-0.051245 -0.016365 0.102201
-0.074136 -0.031204 0.160963
-0.052428 -0.019282 0.107921
-0.051643 -0.017782 0.106245
-0.073974 -0.023969 0.163916
-0.074498 -0.018563 0.165072
-0.073310 -0.032913 0.162991
-0.073699 -0.023190 0.165704
-0.073662 -0.016659 0.165590
-0.071884 -0.036650 0.162747
-0.072779 -0.012126 0.168567
-0.072163 -0.015848 0.168019
-0.072261 -0.020340 0.169239
-0.048614 -0.013227 0.104677
-0.061220 -0.016048 0.140417
-0.068234 -0.051086 0.162133
-0.069895 -0.038137 0.167798
-0.067742 -0.050129 0.162917
-0.067666 -0.049235 0.164050
-0.067666 -0.049235 0.164050
-0.069651 -0.015454 0.170275
-0.070080 -0.013099 0.172343
-0.066797 -0.050791 0.166168
-0.067525 -0.035871 0.168794
-0.046876 -0.012421 0.106530
-0.051559 -0.028453 0.122553
-0.051559 -0.028453 0.122553
-0.068457 -0.024547 0.173464
-0.064957 -0.054415 0.165826
-0.066322 -0.035174 0.170836
-0.067297 -0.021685 0.173656
-0.066016 -0.036272 0.171043
-0.067009 -0.018529 0.174769
-0.066172 -0.023878 0.174880
-0.065426 -0.033552 0.173659
-0.066051 -0.021087 0.176561
-0.065372 -0.024941 0.175744
-0.063734 -0.039464 0.172907
-0.048892 -0.028279 0.124090
-0.064105 -0.035353 0.174883
-0.061940 -0.057165 0.170684
-0.064164 -0.023340 0.178808
-0.063560 -0.022150 0.178559
-0.061170 -0.054233 0.172983
-0.061845 -0.037693 0.174898
-0.049211 -0.028255 0.131115
-0.060261 -0.060064 0.171171
-0.060500 -0.056493 0.172169
-0.060451 -0.055432 0.172310
-0.043600 -0.013699 0.112309
-0.046090 -0.025442 0.122740
-0.061379 -0.043535 0.177986
-0.059084 -0.059541 0.171863
-0.059178 -0.058015 0.173119
-0.058799 -0.054735 0.172570
-0.061877 -0.019568 0.181722
-0.058357 -0.060769 0.174062
-0.042230 -0.011912 0.113008
-0.061190 -0.018260 0.182507
-0.061258 -0.020432 0.183843
-0.059466 -0.043265 0.180000
-0.059157 -0.044777 0.179680
-0.059157 -0.044777 0.179680
-0.057476 -0.059901 0.175017
-0.060191 -0.025187 0.183020
-0.058480 -0.046607 0.179561
-0.042851 -0.014194 0.119623
-0.058989 -0.027415 0.181989
-0.057791 -0.045556 0.179389
-0.056211 -0.058992 0.177358
-0.057496 -0.042388 0.181368
-0.056859 -0.046395 0.180327
-0.042250 -0.017697 0.121994
-0.057671 -0.020783 0.183745
-0.056671 -0.044367 0.181549
-0.042192 -0.016251 0.122791
-0.055068 -0.063089 0.177634
-0.057680 -0.021892 0.185516
-0.056115 -0.048429 0.181210
-0.055267 -0.056271 0.178347
-0.055596 -0.047362 0.180292
-0.043380 -0.017822 0.131448
-0.054355 -0.058888 0.179693
-0.054355 -0.058888 0.179693
-0.040539 -0.014469 0.120779
-0.053449 -0.064085 0.179069
-0.054151 -0.044890 0.182077
-0.053244 -0.060038 0.179314
-0.052868 -0.064168 0.180198
-0.052921 -0.058125 0.180349
-0.053266 -0.054485 0.182270
-0.052920 -0.049329 0.183500
-0.051839 -0.053267 0.183749
-0.051239 -0.063709 0.182562
-0.051980 -0.048648 0.185735
-0.050390 -0.063912 0.180867
-0.051129 -0.060062 0.184151
-0.051172 -0.048846 0.184689
-0.050921 -0.046764 0.185981
-0.049711 -0.057157 0.184866
-0.049988 -0.049670 0.187641
-0.039951 -0.025071 0.140805
-0.048661 -0.053708 0.187601
-0.047961 -0.062786 0.185594
-0.047966 -0.056625 0.186956
-0.047966 -0.056625 0.186956
-0.047416 -0.057321 0.187309
-0.047642 -0.052163 0.188295
-0.047751 -0.033997 0.190220
-0.046915 -0.029589 0.191025
-0.045590 -0.057693 0.188107
-0.045478 -0.059210 0.188938
-0.044598 -0.063393 0.186947
-0.044718 -0.056575 0.190035
-0.044531 -0.057645 0.189248
-0.044531 -0.057645 0.189248
-0.044272 -0.054021 0.190471
-0.043890 -0.062162 0.190244
-0.043772 -0.053561 0.191052
-0.044461 -0.033869 0.194317
-0.042516 -0.064779 0.189727
-0.036526 -0.024689 0.150358
-0.043413 -0.031744 0.194413
-0.043062 -0.037510 0.195778
-0.043174 -0.035554 0.197219
-0.042640 -0.033422 0.195152
-0.042506 -0.030786 0.195113
-0.042348 -0.028294 0.194052
-0.039563 -0.031939 0.196591
-0.039234 -0.029195 0.196418
-0.037769 -0.035658 0.197866
-0.037706 -0.036491 0.198375
-0.033251 -0.027263 0.161059
-0.036008 -0.064065 0.195997
-0.036350 -0.034667 0.199630
-0.033852 -0.064996 0.198547
-0.033225 -0.066538 0.198222
-0.032188 -0.063361 0.198078
-0.032096 -0.059350 0.199076
-0.032096 -0.059350 0.199076
-0.030998 -0.064848 0.198981
-0.029372 -0.070346 0.199769
-0.028922 -0.064938 0.200251
-0.029046 -0.049074 0.203815
-0.029046 -0.049074 0.203815
-0.028252 -0.069584 0.199756
-0.027422 -0.065207 0.201266
-0.026782 -0.066012 0.201944
-0.026671 -0.052751 0.202623
-0.026527 -0.061146 0.202862
-0.026357 -0.068259 0.202278
-0.026396 -0.062605 0.201908
-0.025742 -0.045464 0.203636
-0.025293 -0.051622 0.205561
-0.024474 -0.071088 0.203000
-0.024674 -0.046714 0.205445
-0.024144 -0.064340 0.203997
-0.024387 -0.049839 0.206107
-0.023995 -0.071053 0.204088
-0.024013 -0.055009 0.206104
-0.023427 -0.052067 0.205531
-0.023049 -0.063749 0.204842
-0.023034 -0.057376 0.207700
-0.022795 -0.050064 0.206402
-0.022780 -0.046933 0.206655
-0.022175 -0.068468 0.203366
-0.021597 -0.063856 0.204122
-0.021597 -0.063856 0.204122
-0.021837 -0.049715 0.207024
-0.021362 -0.047616 0.206623
-0.020872 -0.058682 0.206882
-0.020590 -0.066004 0.205590
-0.020168 -0.064739 0.205762
-0.020140 -0.057572 0.207928
-0.020053 -0.021973 0.208689
-0.019591 -0.053087 0.207301
-0.019628 -0.051366 0.208298
-0.019542 -0.056765 0.208516
-0.019462 -0.051099 0.208942
-0.019162 -0.063767 0.206724
-0.019162 -0.063767 0.206724
-0.019707 -0.019950 0.207953
-0.019483 -0.020564 0.207563
-0.018957 -0.052332 0.208473
-0.019070 -0.020663 0.208253
-0.017304 -0.021364 0.209271
-0.017030 -0.035592 0.209154
-0.016102 -0.056783 0.209423
-0.015807 -0.052748 0.212036
-0.016120 -0.022356 0.209752
-0.016120 -0.022356 0.209752
-0.015560 -0.052789 0.209791
-0.015855 -0.041191 0.228036
-0.015235 -0.049004 0.206138
-0.014616 -0.047814 0.208166
-0.014861 -0.023653 0.211931
-0.014441 -0.025841 0.211305
-0.012676 -0.045463 0.234207
-0.012436 -0.051490 0.210613
-0.012346 -0.049905 0.210172
-0.012236 -0.043135 0.211235
-0.012236 -0.043135 0.211235
-0.012036 -0.031312 0.211368
-0.011682 -0.047540 0.211045
-0.011670 -0.046297 0.212218
-0.011337 -0.051924 0.212335
-0.011543 -0.021111 0.211533
-0.010715 -0.043086 0.242038
-0.010887 -0.035205 0.210858
-0.010371 -0.043028 0.211715
-0.009924 -0.051210 0.210409
-0.009924 -0.051210 0.210409
-0.009641 -0.018599 0.211837
-0.009562 -0.026167 0.211579
-0.009386 -0.043305 0.210837
-0.007997 -0.050079 0.252890
-0.009084 -0.037422 0.212112
-0.009117 -0.022497 0.213515
-0.007764 -0.048294 0.255966
-0.008598 -0.058994 0.211398
-0.008632 -0.046608 0.214674
-0.008063 -0.039188 0.212498
-0.007804 -0.035020 0.212035
-0.007553 -0.044775 0.211640
-0.007526 -0.037926 0.212846
-0.007598 -0.023085 0.212504
-0.007049 -0.049980 0.212689
-0.007079 -0.045545 0.212560
-0.005533 -0.050814 0.260861
-0.007226 -0.020711 0.212261
-0.006812 -0.049316 0.214619
-0.006839 -0.046386 0.213268
-0.006727 -0.057240 0.213081
-0.006727 -0.057240 0.213081
-0.006544 -0.037817 0.213480
-0.006208 -0.037871 0.211833
-0.005978 -0.046657 0.214132
-0.005217 -0.076729 0.215523
-0.005354 -0.060558 0.214566
-0.005613 -0.031887 0.213147
-0.005418 -0.038961 0.212620
-0.004756 -0.078581 0.215364
-0.005413 -0.018847 0.212651
-0.004770 -0.042419 0.214158
-0.004770 -0.042419 0.214158
-0.004578 -0.056114 0.212727
-0.003948 -0.047702 0.215375
-0.004069 -0.035077 0.213971
-0.003602 -0.060533 0.214952
-0.003744 -0.036675 0.213509
-0.002970 -0.062037 0.213636
-0.002813 -0.035509 0.214508
-0.002813 -0.035509 0.214508
0.000445 -0.046690 0.263748
-0.002145 -0.071294 0.214856
-0.001674 -0.072900 0.215756
-0.001881 -0.048990 0.215281
-0.002132 -0.020171 0.212069
-0.001296 -0.076659 0.214977
-0.001728 -0.036778 0.213682
-0.001500 -0.046045 0.215238
-0.001538 -0.044062 0.214797
-0.001122 -0.078034 0.214870
-0.000938 -0.079635 0.214545
-0.001234 -0.041903 0.213965
-0.000750 -0.072663 0.214957
-0.000051 -0.079578 0.215687
-0.000197 -0.048660 0.216568
0.000772 -0.068809 0.216329
0.000750 -0.050864 0.217715
0.001053 -0.049598 0.215907
0.001621 -0.072215 0.215733
0.001927 -0.073885 0.215988
0.002363 -0.051795 0.216166
0.003177 -0.067265 0.215357
0.003313 -0.060224 0.215322
0.003883 -0.071717 0.216677
0.004090 -0.051488 0.216509
0.004272 -0.058541 0.214186
0.004829 -0.049272 0.216388
0.005387 -0.049926 0.216174
0.005923 -0.059257 0.216399
0.005923 -0.059257 0.216399
0.006118 -0.051773 0.216940
0.006118 -0.051773 0.216940
0.006619 -0.036246 0.216493
0.006969 -0.057516 0.216743
0.006969 -0.057516 0.216743
0.007439 -0.039753 0.217534
0.018788 -0.051639 0.319735
0.008396 -0.058992 0.217965
0.008575 -0.052432 0.216962
0.022478 -0.058310 0.334020
0.022382 -0.058185 0.333212
0.010195 -0.041800 0.215750
0.010662 -0.055981 0.217737
0.011271 -0.077846 0.219735
0.011265 -0.060154 0.218922
0.028591 -0.061391 0.357967
0.012098 -0.079797 0.219863
0.012460 -0.044459 0.217579
0.012653 -0.040199 0.216884
0.012876 -0.043199 0.217659
0.012898 -0.036415 0.215283
0.013872 -0.078470 0.219675
0.014293 -0.045239 0.217986
0.015549 -0.040991 0.216944
0.017586 -0.048111 0.219367
0.017650 -0.040566 0.216127
0.018598 -0.044306 0.217380
0.021269 -0.066963 0.219554
0.021751 -0.063064 0.219404
0.024476 -0.063781 0.219049
0.024632 -0.066855 0.218584
0.025721 -0.066313 0.219385
0.026347 -0.067496 0.220003
0.026604 -0.066580 0.219910
0.027676 -0.069255 0.220442
0.027651 -0.066689 0.220135
0.028198 -0.066394 0.220767
0.029643 -0.065310 0.219325
0.030230 -0.066376 0.220338
0.031420 -0.065738 0.221785
0.031663 -0.063774 0.221772
0.032632 -0.061843 0.221905
0.032896 -0.064292 0.222108
0.033585 -0.028880 0.218191
0.033585 -0.028880 0.218191
0.033727 -0.026695 0.218364
0.033744 -0.024527 0.217700
0.035225 -0.059315 0.221585
0.035358 -0.061188 0.221432
0.036132 -0.062374 0.222493
0.035399 -0.027538 0.217158
0.035399 -0.027538 0.217158
0.036970 -0.061396 0.222287
0.039662 -0.061935 0.221598
0.039679 -0.057827 0.220597
0.040346 -0.056352 0.221649
0.038683 -0.026831 0.215937
0.040923 -0.056837 0.221633
0.041218 -0.059460 0.222033
0.040212 -0.026536 0.217756
0.041627 -0.034313 0.219975
0.041256 -0.031493 0.218112
0.042098 -0.056641 0.220461
0.041730 -0.033019 0.218525
0.041505 -0.026029 0.217379
0.043387 -0.029665 0.219082
0.044948 -0.059580 0.220941
0.045034 -0.056138 0.220004
0.044197 -0.037570 0.216528
0.045809 -0.061124 0.221030
0.045809 -0.061124 0.221030
0.046034 -0.064780 0.220591
0.046529 -0.054277 0.221616
0.045601 -0.036158 0.218043
0.046734 -0.077366 0.221026
0.047379 -0.074981 0.222543
0.045523 -0.035198 0.216824
0.046019 -0.034373 0.218135
0.046127 -0.040516 0.217628
0.047704 -0.078875 0.221709
0.047727 -0.057825 0.221619
0.047362 -0.054893 0.220202
0.046334 -0.029579 0.217029
0.046775 -0.034512 0.217995
0.046696 -0.030551 0.217498
0.046703 -0.030575 0.217468
0.048753 -0.077406 0.222664
0.048877 -0.081982 0.222192
0.048661 -0.078283 0.221485
0.047362 -0.033801 0.217252
0.048586 -0.055000 0.220504
0.049063 -0.066875 0.221417
0.047889 -0.035083 0.218046
0.049059 -0.061148 0.220089
0.049715 -0.067009 0.220695
0.049563 -0.060134 0.220288
0.050346 -0.078294 0.222369
0.049968 -0.055704 0.221244
0.050012 -0.064741 0.220956
0.050839 -0.081649 0.221999
0.050600 -0.068112 0.221248
0.050156 -0.061448 0.219770
0.049810 -0.040208 0.217321
0.050048 -0.043954 0.217310
0.052181 -0.084492 0.221577
0.052015 -0.077989 0.220943
0.052331 -0.080393 0.221721
0.052331 -0.080393 0.221721
0.050435 -0.032860 0.216319
0.052739 -0.083407 0.221751
0.052674 -0.082380 0.221372
0.053277 -0.082148 0.221599
0.052722 -0.057286 0.220013
0.051573 -0.032551 0.216832
0.051645 -0.031100 0.216996
0.053218 -0.076303 0.220508
0.053537 -0.077142 0.220343
0.052255 -0.041643 0.216270
0.053791 -0.056533 0.219639
0.054381 -0.075148 0.220875
0.054425 -0.075933 0.220406
0.054603 -0.063572 0.220627
0.053947 -0.036825 0.218049
0.053528 -0.027853 0.215549
0.053552 -0.027903 0.215618
0.054913 -0.057584 0.219153
0.055149 -0.060017 0.219231
0.055421 -0.058932 0.218947
0.054341 -0.031073 0.215853
0.054356 -0.040920 0.215160
0.055960 -0.057582 0.219296
0.055887 -0.059830 0.218769
0.054714 -0.027269 0.213287
0.056669 -0.058912 0.218363
0.057482 -0.078769 0.220269
0.057482 -0.078769 0.220269
0.055109 -0.037619 0.213202
0.055109 -0.037619 0.213202
0.056336 -0.035746 0.215013
0.057004 -0.039987 0.215969
0.056941 -0.027431 0.214269
0.058848 -0.057632 0.218611
0.059658 -0.079841 0.219488
0.058184 -0.025840 0.213921
0.059817 -0.058279 0.217876
0.059817 -0.058279 0.217876
0.058600 -0.029038 0.214089
0.060674 -0.061325 0.217872
0.060674 -0.061325 0.217872
0.061126 -0.057079 0.217886
0.060131 -0.032181 0.215315
0.059914 -0.033596 0.213448
0.060408 -0.026710 0.214643
0.060447 -0.029175 0.212647
0.060447 -0.029175 0.212647
0.060821 -0.027674 0.213601
0.062794 -0.026435 0.212662
0.062592 -0.024217 0.211015
0.065798 -0.030607 0.210914
0.066237 -0.031730 0.211678
0.067099 -0.031680 0.211331
0.067099 -0.031680 0.211331
0.067012 -0.031024 0.210330
0.071049 -0.066355 0.215417
0.068898 -0.032176 0.209471
0.071329 -0.060789 0.214584
0.071329 -0.060789 0.214584
0.070888 -0.064104 0.213038
0.071316 -0.065743 0.213256
0.071780 -0.064865 0.212841
0.071926 -0.069037 0.213076
0.072691 -0.069998 0.213146
0.072357 -0.064171 0.211797
0.073502 -0.071578 0.213213
0.073362 -0.060010 0.212193
0.074466 -0.063483 0.211250
0.075085 -0.071769 0.212558
0.075199 -0.057737 0.209049
0.076226 -0.059390 0.210042
0.076357 -0.062928 0.210197
0.077778 -0.059935 0.210836
0.078197 -0.058709 0.208309
0.080598 -0.024458 0.205046
0.080833 -0.023487 0.204676
0.080746 -0.024735 0.203864
0.081804 -0.025052 0.202473
0.086496 -0.068784 0.206822
0.087698 -0.068429 0.207665
0.087698 -0.068429 0.207665
0.087760 -0.069434 0.206702
0.088981 -0.067556 0.205104
0.091159 -0.071289 0.205115
0.092047 -0.070881 0.204888
0.097570 -0.072244 0.199897
0.098750 -0.071211 0.199561
0.098560 -0.064785 0.198913
0.097947 -0.069113 0.197611
0.098071 -0.073726 0.197766
0.098961 -0.067544 0.197622
0.098105 -0.066188 0.195668
0.099398 -0.068884 0.197279
0.100464 -0.072626 0.196696
0.101616 -0.067179 0.194747
0.102476 -0.069716 0.195593
0.114486 -0.052577 0.178611
0.114486 -0.052577 0.178611
0.115854 -0.051215 0.177556
-0.167892 -0.022360 0.138490
-0.167892 -0.022360 0.138490
-0.172491 -0.035628 0.146438
-0.173856 -0.042276 0.151705
-0.176126 -0.045674 0.155108
-0.173934 -0.042163 0.153322
-0.176642 -0.049684 0.156562
-0.173868 -0.046063 0.156219
-0.174160 -0.047287 0.156882
-0.174114 -0.051303 0.159490
-0.171729 -0.045977 0.157067
-0.167666 -0.035751 0.153116
-0.171762 -0.045651 0.158026
-0.171426 -0.041595 0.157450
-0.167042 -0.037540 0.154000
-0.165449 -0.035099 0.153826
-0.170607 -0.046654 0.160856
-0.166330 -0.037146 0.156011
-0.166330 -0.037146 0.156011
-0.170707 -0.047539 0.161973
-0.170535 -0.049373 0.162025
-0.166324 -0.038672 0.157358
-0.168868 -0.043830 0.160365
-0.171081 -0.051506 0.165266
-0.165899 -0.039209 0.159595
-0.167391 -0.046723 0.162107
-0.166599 -0.041840 0.161148
-0.166599 -0.041840 0.161148
-0.163685 -0.036739 0.158473
-0.169128 -0.049874 0.166202
-0.167898 -0.049564 0.166984
-0.165132 -0.042148 0.163790
-0.165830 -0.046787 0.165709
-0.165142 -0.045144 0.165579
-0.167853 -0.052531 0.169094
-0.166092 -0.046697 0.166882
-0.165749 -0.046357 0.166810
-0.166069 -0.047055 0.167664
-0.165525 -0.050036 0.168831
-0.163465 -0.043403 0.166424
-0.162663 -0.040912 0.166168
-0.163680 -0.047127 0.169543
-0.160196 -0.039859 0.166793
-0.158591 -0.038560 0.166578
-0.158968 -0.041242 0.168577
-0.157534 -0.037863 0.168252
-0.157414 -0.038234 0.168718
-0.157969 -0.045537 0.172413
-0.155566 -0.037974 0.169527
-0.156528 -0.042025 0.171459
-0.155241 -0.039981 0.170865
-0.154608 -0.038893 0.171469
-0.157435 -0.047583 0.175974
-0.154359 -0.041467 0.172995
-0.154857 -0.046121 0.174353
-0.154491 -0.044473 0.174254
-0.155251 -0.048212 0.175835
-0.153418 -0.039725 0.173374
-0.151230 -0.036860 0.174050
-0.151230 -0.036860 0.174050
-0.152689 -0.046055 0.176594
-0.152089 -0.042654 0.176322
-0.144403 -0.018198 0.165942
-0.151741 -0.044443 0.176934
-0.153039 -0.048819 0.179078
-0.144051 -0.020818 0.166381
-0.149136 -0.038734 0.175588
-0.149136 -0.038734 0.175588
-0.142644 -0.016889 0.166495
-0.142315 -0.021052 0.167711
-0.148581 -0.041702 0.177418
-0.146493 -0.035730 0.174483
-0.147234 -0.039342 0.176924
-0.140794 -0.017095 0.168638
-0.144950 -0.034570 0.176065
-0.139265 -0.017648 0.168686
-0.146816 -0.046772 0.180589
-0.146401 -0.043790 0.180188
-0.136739 -0.009192 0.166729
-0.137891 -0.011220 0.169332
-0.143666 -0.038970 0.179483
-0.143666 -0.038970 0.179483
-0.137487 -0.014912 0.170515
-0.136872 -0.018064 0.170552
-0.136872 -0.018064 0.170552
-0.135520 -0.010068 0.168609
-0.136927 -0.020854 0.171781
-0.142609 -0.044276 0.181082
-0.142609 -0.044276 0.181082
-0.143586 -0.047427 0.183053
-0.136194 -0.015845 0.171340
-0.136626 -0.018736 0.172206
-0.134280 -0.014924 0.170714
-0.134736 -0.015978 0.172688
-0.140245 -0.039263 0.181784
-0.132304 -0.007522 0.169131
-0.140711 -0.044710 0.183256
-0.140711 -0.044710 0.183256
-0.133109 -0.012191 0.171135
-0.141296 -0.048070 0.184777
-0.140432 -0.041032 0.185811
-0.140432 -0.041032 0.185811
-0.132669 -0.018359 0.174384
-0.133017 -0.016896 0.175700
-0.130952 -0.012656 0.173143
-0.130952 -0.012656 0.173143
-0.130114 -0.007343 0.171677
-0.132135 -0.037712 0.183194
-0.128151 -0.015416 0.177069
-0.131700 -0.035422 0.183878
-0.129430 -0.029028 0.182386
-0.129920 -0.033536 0.183516
-0.128402 -0.026417 0.182358
-0.125264 -0.016227 0.177834
-0.128818 -0.035939 0.184620
-0.128070 -0.034493 0.184833
-0.126056 -0.026968 0.183148
-0.126056 -0.026968 0.183148
-0.123194 -0.014773 0.178277
-0.124014 -0.019599 0.180438
-0.124954 -0.024984 0.182190
-0.127824 -0.039259 0.187401
-0.122763 -0.014543 0.179109
-0.125646 -0.030353 0.184630
-0.126171 -0.054898 0.188063
-0.122304 -0.016653 0.180212
-0.121876 -0.015390 0.179691
-0.122427 -0.017717 0.181049
-0.125459 -0.054011 0.187750
-0.126457 -0.057233 0.189633
-0.123455 -0.022673 0.183641
-0.123699 -0.031217 0.184525
-0.124873 -0.035013 0.187098
-0.124772 -0.055178 0.187966
-0.123553 -0.032728 0.185401
-0.124708 -0.055433 0.189241
-0.123894 -0.051905 0.188565
-0.118846 -0.011613 0.180151
-0.118846 -0.011613 0.180151
-0.122651 -0.053201 0.189398
-0.118391 -0.015676 0.181235
-0.120468 -0.049217 0.188957
-0.117043 -0.018925 0.182146
-0.118444 -0.046427 0.188640
-0.115773 -0.015274 0.183381
-0.115273 -0.018181 0.182952
-0.118354 -0.047644 0.189621
-0.118117 -0.050105 0.190675
-0.118690 -0.052300 0.191810
-0.117715 -0.054179 0.192503
-0.114972 -0.047631 0.192843
-0.113659 -0.051630 0.191092
-0.113931 -0.052775 0.191797
-0.112422 -0.049873 0.191981
-0.108049 -0.028175 0.187491
-0.109707 -0.058993 0.191948
-0.108890 -0.054998 0.190733
-0.109190 -0.048351 0.191419
-0.108596 -0.055163 0.191013
-0.108596 -0.055163 0.191013
-0.109158 -0.052775 0.192185
-0.109158 -0.052775 0.192185
-0.108900 -0.054056 0.192068
-0.108802 -0.056170 0.192025
-0.106122 -0.025102 0.186728
-0.106412 -0.028145 0.187884
-0.107668 -0.045484 0.191256
-0.105824 -0.026691 0.187472
-0.106880 -0.046290 0.190967
-0.106372 -0.054798 0.190757
-0.105972 -0.050724 0.191236
-0.105653 -0.052836 0.191086
-0.103796 -0.024639 0.187419
-0.105045 -0.049298 0.191241
-0.104432 -0.050013 0.190916
-0.104251 -0.043248 0.193350
-0.101164 -0.020881 0.187076
-0.103509 -0.049317 0.192584
-0.101558 -0.047855 0.192012
-0.100231 -0.046327 0.191143
-0.100484 -0.042139 0.193985
-0.099023 -0.049258 0.190887
-0.099451 -0.039126 0.193213
-0.097041 -0.043253 0.193884
-0.096556 -0.042311 0.193401
-0.096060 -0.042772 0.192929
-0.094781 -0.052417 0.190814
-0.094602 -0.050626 0.191555
-0.095017 -0.030692 0.192989
-0.093067 -0.014232 0.191494
-0.092848 -0.018429 0.191464
-0.093421 -0.037402 0.193050
-0.093421 -0.037402 0.193050
-0.092773 -0.042511 0.191569
-0.092727 -0.053668 0.191528
-0.092140 -0.017332 0.192000
-0.091292 -0.016292 0.190220
-0.091758 -0.012620 0.191524
-0.092042 -0.051017 0.192060
-0.091852 -0.016589 0.192136
-0.091852 -0.016589 0.192136
-0.091750 -0.017829 0.191976
-0.091305 -0.050955 0.191138
-0.091580 -0.032024 0.192566
-0.091797 -0.056977 0.192972
-0.091261 -0.052208 0.191876
-0.091535 -0.034483 0.194049
-0.091113 -0.057172 0.192985
-0.090830 -0.035343 0.192875
-0.090085 -0.052889 0.192144
-0.090085 -0.052889 0.192144
-0.090052 -0.041445 0.192423
-0.089745 -0.018808 0.192032
-0.089444 -0.042384 0.192286
-0.089085 -0.044421 0.191485
-0.088875 -0.049074 0.191452
-0.089489 -0.033329 0.193601
-0.088337 -0.041962 0.192357
-0.088246 -0.042597 0.192396
-0.087994 -0.013956 0.192304
-0.087908 -0.035559 0.192265
-0.086890 -0.014932 0.192076
-0.087031 -0.036552 0.192813
-0.086644 -0.033803 0.192336
-0.087099 -0.041744 0.193738
-0.085693 -0.017533 0.192245
-0.085756 -0.035793 0.192288
-0.085781 -0.038205 0.192486
-0.085781 -0.038205 0.192486
-0.086158 -0.032593 0.193906
-0.085103 -0.015461 0.192964
-0.085113 -0.036806 0.192601
-0.084819 -0.042231 0.193380
-0.084603 -0.041128 0.193548
-0.083632 -0.036795 0.192412
-0.083164 -0.045598 0.191810
-0.082691 -0.032270 0.192729
-0.083203 -0.034272 0.194389
-0.082348 -0.036897 0.192118
-0.082139 -0.022011 0.192079
-0.082610 -0.039307 0.193137
-0.082771 -0.044571 0.193750
-0.082150 -0.014778 0.193783
-0.081824 -0.016097 0.193608
-0.080340 -0.018548 0.193770
-0.080155 -0.038343 0.192754
-0.080240 -0.013066 0.194293
-0.080240 -0.013066 0.194293
-0.079704 -0.008818 0.192963
-0.079967 -0.040342 0.193177
-0.079946 -0.041128 0.193277
-0.079959 -0.041646 0.193680
-0.077836 -0.034649 0.195035
-0.076562 -0.013175 0.194287
-0.076344 -0.009788 0.194907
-0.075838 -0.043208 0.192380
-0.075931 -0.047605 0.192833
-0.075128 -0.044622 0.192822
-0.074295 -0.036768 0.194108
-0.074092 -0.043992 0.194083
-0.073307 -0.041324 0.192416
-0.072738 -0.046120 0.191503
-0.072435 -0.036596 0.192180
-0.071622 -0.043324 0.192889
-0.070584 -0.047336 0.191001
-0.070616 -0.042358 0.191872
-0.070362 -0.036122 0.192596
-0.069578 -0.043350 0.191323
-0.069597 -0.045598 0.191940
-0.067347 -0.023318 0.191945
-0.067203 -0.018444 0.192212
-0.067203 -0.018444 0.192212
-0.067260 -0.038718 0.192807
-0.065530 -0.022240 0.191260
-0.064584 -0.042206 0.190559
-0.063799 -0.028937 0.192025
-0.063513 -0.022173 0.192045
-0.063680 -0.039304 0.191403
-0.063680 -0.039304 0.191403
-0.063599 -0.033346 0.192076
-0.063249 -0.019046 0.192559
-0.063079 -0.017932 0.193339
-0.062372 -0.025640 0.191866
-0.061011 -0.048338 0.186728
-0.061379 -0.019786 0.191815
-0.061224 -0.038988 0.189716
-0.061160 -0.037665 0.190847
-0.060501 -0.043958 0.187381
-0.060744 -0.031600 0.191384
-0.060085 -0.021500 0.191734
-0.059431 -0.038910 0.189148
-0.059418 -0.032329 0.190014
-0.058920 -0.043977 0.186276
-0.059240 -0.028441 0.190327
-0.058660 -0.047475 0.186387
-0.058859 -0.023852 0.192571
-0.057691 -0.047493 0.184123
-0.057943 -0.042580 0.186739
-0.058337 -0.022135 0.192063
-0.058258 -0.021351 0.191828
-0.057352 -0.045652 0.185441
-0.058292 -0.032245 0.191938
-0.057597 -0.023959 0.191841
-0.056058 -0.048201 0.183981
-0.056058 -0.048201 0.183981
-0.055242 -0.044864 0.184883
-0.053821 -0.045118 0.185022
-0.053173 -0.049958 0.182305
-0.053080 -0.048347 0.182750
-0.053011 -0.042302 0.185679
-0.053011 -0.042302 0.185679
-0.052803 -0.050972 0.183297
-0.052336 -0.050814 0.182906
-0.051865 -0.050996 0.182648
-0.051657 -0.043529 0.184586
-0.051521 -0.050634 0.182467
-0.051684 -0.030112 0.189681
-0.050660 -0.042460 0.186354
-0.049326 -0.045509 0.183474
-0.048936 -0.048388 0.181803
-0.048973 -0.043323 0.184118
-0.049133 -0.030583 0.189000
-0.048421 -0.027983 0.188606
-0.048498 -0.028641 0.189196
-0.047972 -0.029511 0.189444
-0.047948 -0.045402 0.185447
-0.047153 -0.048194 0.180896
-0.047645 -0.029848 0.188552
-0.047571 -0.032406 0.189170
-0.046734 -0.049458 0.180240
-0.046941 -0.026332 0.191938
-0.046137 -0.031630 0.191025
-0.046137 -0.031630 0.191025
-0.045066 -0.030317 0.189939
-0.043497 -0.046125 0.182787
-0.043646 -0.033194 0.188154
-0.042916 -0.047993 0.180786
-0.041595 -0.031733 0.185540
-0.041115 -0.028198 0.188155
-0.040998 -0.047969 0.181536
-0.040354 -0.031519 0.185957
-0.039956 -0.032766 0.185450
-0.039390 -0.047619 0.181257
-0.039092 -0.030822 0.188045
-0.038763 -0.048221 0.180509
-0.038664 -0.044312 0.181966
-0.038522 -0.046723 0.180328
-0.038185 -0.029576 0.188518
-0.036803 -0.045149 0.181254
-0.036333 -0.046289 0.180747
-0.036008 -0.046666 0.179615
-0.034732 -0.030178 0.185721
-0.034572 -0.038708 0.182993
-0.034322 -0.031553 0.186114
-0.034240 -0.032891 0.185264
-0.034022 -0.041862 0.182148
-0.032677 -0.033511 0.184127
-0.032195 -0.038253 0.183749
-0.031725 -0.031078 0.183970
-0.031730 -0.031424 0.183826
-0.031319 -0.025000 0.186225
-0.031168 -0.022797 0.187001
-0.031653 -0.044740 0.177967
-0.030967 -0.043706 0.177545
-0.030944 -0.038818 0.182401
-0.030999 -0.040005 0.182459
-0.030868 -0.041927 0.180938
-0.029912 -0.022781 0.186595
-0.029546 -0.023025 0.186192
-0.029479 -0.040203 0.180221
-0.027770 -0.040938 0.179515
-0.027734 -0.041272 0.179217
-0.026786 -0.020598 0.189015
-0.023979 -0.018486 0.188405
-0.024482 -0.039323 0.178985
-0.024292 -0.041113 0.177770
-0.022880 -0.018712 0.188735
-0.022572 -0.018650 0.188810
-0.022367 -0.020831 0.186268
-0.022802 -0.040474 0.176441
-0.021605 -0.022045 0.185651
-0.021232 -0.025795 0.183744
-0.018970 -0.017584 0.187701
-0.019157 -0.028236 0.181352
-0.019612 -0.035396 0.178698
-0.018173 -0.024041 0.184901
-0.018472 -0.033718 0.177467
-0.018463 -0.037758 0.175236
-0.017022 -0.019831 0.186014
-0.017115 -0.027407 0.182940
-0.016370 -0.019350 0.185642
-0.016113 -0.020672 0.185810
-0.017249 -0.035531 0.175371
-0.017186 -0.034829 0.176308
-0.016183 -0.024790 0.182534
-0.015602 -0.019290 0.185650
-0.015448 -0.022734 0.183729
-0.015958 -0.030402 0.181040
-0.015037 -0.023628 0.183449
-0.015525 -0.031832 0.179770
-0.015109 -0.027431 0.180922
-0.014720 -0.026442 0.181668
-0.014886 -0.031017 0.179356
-0.013385 -0.018626 0.185617
-0.013968 -0.035283 0.176383
-0.012708 -0.025790 0.180916
-0.012863 -0.028025 0.180423
-0.012489 -0.025504 0.180725
-0.013063 -0.031782 0.177759
-0.011459 -0.016562 0.185477
-0.012373 -0.029425 0.178614
-0.011781 -0.022868 0.181178
-0.011950 -0.025659 0.180654
-0.011755 -0.027257 0.183198
-0.010893 -0.027804 0.178981
-0.009715 -0.016621 0.184710
-0.011145 -0.032249 0.177975
-0.010679 -0.027352 0.179110
-0.009711 -0.018356 0.183787
-0.010634 -0.030302 0.179332
-0.010307 -0.035764 0.173205
-0.010125 -0.037858 0.172153
-0.008469 -0.035259 0.173425
-0.007776 -0.029326 0.176499
-0.008529 -0.036262 0.172096
-0.007310 -0.028575 0.177108
-0.007214 -0.029616 0.175626
-0.006673 -0.027794 0.176274
-0.007048 -0.033383 0.172749
-0.005854 -0.024429 0.177912
-0.006345 -0.030303 0.175396
-0.005636 -0.026786 0.177098
-0.005736 -0.028942 0.175036
-0.005630 -0.035208 0.172393
-0.004335 -0.031255 0.172567
-0.003161 -0.023362 0.176614
-0.003847 -0.028684 0.172500
-0.003847 -0.028684 0.172500
-0.003960 -0.031878 0.172844
-0.004131 -0.036569 0.170271
-0.001054 -0.021562 0.177468
-0.000779 -0.025725 0.174526
0.001794 -0.020300 0.177253
0.004219 -0.029668 0.167141
0.003909 -0.032570 0.166052
0.005587 -0.028815 0.167092
0.005993 -0.032041 0.166262
0.006424 -0.030101 0.166236
0.007125 -0.028631 0.165307
0.006419 -0.033609 0.162847
-1.764666 -1.283702 3.532191
-1.759977 -1.402284 3.651064
-1.139829 -0.932470 2.585451
-1.139829 -0.932470 2.585451
-1.671224 -1.376737 4.104407
-1.076054 -1.082298 2.807660
-1.346247 -1.270487 3.594673
-1.291443 -1.335941 3.619007
-1.978447 -1.986725 5.900410
-1.544599 -1.665552 4.717263
-0.752773 -0.915667 2.478608
-0.474110 -0.674469 1.843867
-1.397476 -1.829256 5.953441
-2.385117 -3.060796 10.510580
-2.385117 -3.060796 10.510580
-1.095252 -1.691989 5.143249
-1.898826 -2.985675 9.755395
-0.576248 -1.237381 3.002314
-1.042202 -3.392272 10.166410
-0.319786 -1.474862 3.811389
-0.447055 -2.023668 5.809152
-0.487659 -2.118546 6.857570
-0.376787 -1.796532 5.412045
-0.326077 -1.696303 4.995871
-0.238016 -1.403617 3.710356
-0.328170 -1.964609 5.727817
-0.199090 -1.410987 3.695564
-0.236494 -1.682221 4.660478
-0.259478 -1.804041 5.203581
-0.310835 -2.084579 6.870919
-0.226915 -1.874892 5.591045
-0.133522 -1.387330 3.449240
-0.227848 -2.138250 8.183296
-0.105115 -1.553472 4.355038
-0.120826 -2.093061 5.997892
-0.068058 -2.469999 7.033267
0.091128 -1.410644 4.099080
0.137411 -1.743597 4.458221
0.330841 -1.939216 5.036517
0.403665 -1.581212 4.668328
0.477126 -1.772711 5.385849
-0.759451 -0.229330 0.996914
-0.668664 -0.243552 0.882540
-0.679526 -0.243852 0.930633
-0.628755 -0.266199 0.867434
-0.714062 -0.285369 0.982724
-0.684400 -0.311126 0.955673
-0.744768 -0.343985 1.056760
-0.666645 -0.287012 0.948518
-0.760206 -0.243966 1.084439
-0.643048 -0.311849 0.931323
-0.678076 -0.304789 1.002370
-0.698792 -0.338260 1.072114
-0.619860 -0.336900 0.967340
-0.619860 -0.336900 0.967340
-0.437083 -0.459508 1.418183
-0.412604 -0.464676 1.333428
-0.391795 -0.432918 1.268878
-0.391795 -0.432918 1.268878
-0.409847 -0.579961 1.422536
-0.418229 -0.578816 1.500091
-0.358695 -0.492734 1.313697
-0.333366 -0.506796 1.362813
-0.326551 -0.373332 1.382444
-0.302319 -0.495780 1.372117
-0.292834 -0.430427 1.372884
-0.287895 -0.412260 1.380143
-0.291972 -0.438611 1.501218
-0.267146 -0.455162 1.442267
-0.267146 -0.455162 1.442267
-0.267141 -0.521004 1.460288
-0.267141 -0.521004 1.460288
-0.243588 -0.562711 1.409595
-0.242776 -0.489496 1.496196
-0.227669 -0.506698 1.560638
-0.231073 -0.581119 1.617460
-0.213955 -0.604815 1.518032
-0.178892 -0.467234 1.408586
-0.166374 -0.468563 1.361825
-0.176564 -0.580775 1.488733
-0.182731 -0.572681 1.552461
-0.167598 -0.457388 1.412514
-0.167973 -0.531569 1.563007
-0.149759 -0.438273 1.399490
-0.143311 -0.588653 1.442979
-0.149153 -0.630183 1.566769
-0.126885 -0.503326 1.505975
-0.115621 -0.600753 1.572931
-0.109826 -0.570347 1.632365
-0.078718 -0.522500 1.520437
-0.078718 -0.522500 1.520437
-0.076813 -0.639031 1.575063
-0.055433 -0.509888 1.540712
-0.053482 -0.616296 1.597858
-0.028658 -0.495328 1.447551
-0.025483 -0.615427 1.602285
-0.026281 -0.547567 1.473535
-0.000079 -0.570692 1.675943
-0.000079 -0.570692 1.675943
0.008380 -0.529285 1.384236
0.017357 -0.582915 1.552510
0.020690 -0.635350 1.599468
0.021523 -0.594985 1.608713
0.060742 -0.557699 1.636003
0.041290 -0.396855 1.335972
0.066353 -0.595422 1.646419
0.093063 -0.571863 1.694822
0.096584 -0.578449 1.653462
0.089110 -0.493390 1.555448
0.106121 -0.425163 1.743517
0.112582 -0.466749 1.757234
0.112582 -0.466749 1.757234
0.118441 -0.532711 1.628101
0.118441 -0.532711 1.628101
0.133859 -0.482061 1.749163
0.128969 -0.543297 1.684997
0.143435 -0.562031 1.666788
0.168527 -0.608325 1.693578
0.185118 -0.727103 1.786288
0.172382 -0.554149 1.642760
0.169785 -0.502408 1.648182
0.174674 -0.646726 1.639897
0.183428 -0.631335 1.645505
0.188478 -0.545639 1.644158
0.224250 -0.706479 1.772843
0.208169 -0.519090 1.661755
0.206100 -0.578962 1.624367
0.213531 -0.598205 1.679494
0.221718 -0.503689 1.705790
0.238328 -0.451728 1.776678
0.231198 -0.557243 1.740866
0.240314 -0.613080 1.753587
0.277691 -0.623158 1.752945
-3.312809 -2.459803 6.682830
-3.312809 -2.459803 6.682830
-3.860300 -4.668009 11.979807
-3.855576 -5.603102 12.982142
-3.798332 -5.520508 12.792341
-3.742300 -4.872788 12.681177
-3.742300 -4.872788 12.681177
-3.495830 -4.953917 12.283994
-2.217738 -3.102388 7.904904
-3.814837 -5.303844 13.679239
-2.503731 -4.158508 9.870153
-2.259830 -3.652137 9.276132
-1.819613 -2.683359 7.987447
-2.669033 -4.829821 12.445336
-2.969497 -5.281137 14.157882
-1.123050 -2.653186 6.139020
-1.297481 -2.563681 7.583987
-1.088864 -2.497509 7.259829
-1.843098 -3.907058 12.763029
-1.628876 -3.282126 13.261076
-0.925649 -3.721210 10.334070
-0.842482 -3.731325 10.416987
-0.355678 -2.375355 6.495537
-0.306199 -1.995222 5.648300
-0.359181 -5.280209 12.704152
0.050703 -3.089747 8.468442
0.050703 -3.089747 8.468442
0.087653 -1.353173 4.816151
-0.239462 -0.094475 0.347086
-0.245833 -0.071427 0.355782
-0.236705 -0.080735 0.348460
-0.243823 -0.099065 0.358569
-0.245985 -0.090970 0.369220
-0.248926 -0.094580 0.373735
-0.248926 -0.094580 0.373735
-0.241305 -0.085384 0.370007
-0.241439 -0.043489 0.373991
-0.242985 -0.090726 0.377489
-0.239470 -0.103104 0.374261
-0.236611 -0.089263 0.373213
-0.246886 -0.062005 0.388294
-0.237052 -0.048573 0.374140
-0.234173 -0.087037 0.371586
-0.244872 -0.079890 0.389680
-0.242240 -0.074311 0.387312
-0.242240 -0.074311 0.387312
-0.230127 -0.115278 0.372143
-0.240629 -0.089055 0.388387
-0.234569 -0.082222 0.380229
-0.235998 -0.110069 0.383080
-0.231261 -0.126940 0.377236
-0.238255 -0.044787 0.391790
-0.238605 -0.100195 0.399145
-0.231873 -0.066561 0.393598
-0.223649 -0.098336 0.394154
-0.225523 -0.118413 0.400875
-0.225226 -0.125622 0.401953
-0.222372 -0.098455 0.401903
-0.216501 -0.061691 0.394872
-0.211854 -0.057676 0.388646
-0.231654 -0.079062 0.423265
-0.220220 -0.080623 0.407014
-0.220220 -0.080623 0.407014
-0.218326 -0.069453 0.408096
-0.222586 -0.096208 0.416809
-0.215474 -0.062749 0.407355
-0.219399 -0.119155 0.422863
-0.219508 -0.105142 0.427275
-0.217967 -0.111729 0.425579
-0.211294 -0.119354 0.431065
-0.204702 -0.108762 0.429195
-0.209873 -0.128672 0.447606
-0.220188 -0.134357 0.468165
-0.214153 -0.120974 0.457572
-0.205789 -0.126909 0.451123
-0.205789 -0.126909 0.451123
-0.190988 -0.103744 0.428381
-0.190065 -0.136301 0.433960
-0.086163 -0.184380 0.556432
-0.077593 -0.154586 0.527055
-0.071239 -0.180595 0.548063
-0.067424 -0.156357 0.555686
-0.067603 -0.168789 0.556915
-0.067603 -0.168789 0.556915
-0.062643 -0.164693 0.558321
-0.054124 -0.201154 0.545812
-0.045963 -0.199735 0.553320
-0.043070 -0.145072 0.536902
-0.044629 -0.217040 0.575554
-0.035835 -0.208781 0.575966
-0.032925 -0.201854 0.566476
-0.025726 -0.154958 0.551378
-0.026464 -0.196820 0.575953
-0.025073 -0.166131 0.568754
-0.022960 -0.193180 0.581270
-0.017634 -0.211813 0.590689
-0.014863 -0.179605 0.571739
-0.009670 -0.166557 0.584976
-0.009670 -0.166557 0.584976
-0.003822 -0.216545 0.580583
-0.003058 -0.162409 0.580762
0.003421 -0.171746 0.567258
0.007631 -0.177240 0.565872
0.013532 -0.178259 0.582060
0.014358 -0.153766 0.531582
0.019229 -0.192865 0.601404
0.025618 -0.190414 0.590355
0.026162 -0.192824 0.591041
0.030172 -0.193169 0.597359
0.032162 -0.198840 0.589266
0.031549 -0.178551 0.568806
0.031549 -0.178551 0.568806
0.032298 -0.191573 0.589501
0.042024 -0.205613 0.610170
0.045085 -0.220429 0.627055
0.049725 -0.213482 0.607209
0.049993 -0.168757 0.594262
0.052598 -0.184336 0.602024
0.057645 -0.239274 0.657647
0.060316 -0.223760 0.612008
0.063345 -0.178007 0.584479
0.071098 -0.249534 0.653817
0.073091 -0.235187 0.615822
0.077862 -0.246122 0.628809
0.072703 -0.179774 0.582128
0.073238 -0.182353 0.570485
0.073238 -0.182353 0.570485
0.081576 -0.249062 0.628011
0.081048 -0.207276 0.578188
0.083864 -0.214980 0.599074
0.081048 -0.207276 0.578188
0.089574 -0.261106 0.636445
0.085138 -0.196127 0.599198
0.088932 -0.251721 0.628366
0.088932 -0.251721 0.628366
0.085874 -0.187549 0.596233
0.091839 -0.248972 0.616563
0.091083 -0.186647 0.593684
0.106089 -0.259385 0.627963
0.107953 -0.259218 0.627632
0.107598 -0.214652 0.602831
0.111311 -0.184478 0.588287
0.119051 -0.235942 0.619912
0.124985 -0.242103 0.630865
0.124705 -0.160272 0.572023
0.136526 -0.229775 0.627581
0.140875 -0.237850 0.622441
0.146408 -0.204181 0.604566
0.138340 -0.171901 0.566228
0.152608 -0.223798 0.621405
0.156194 -0.237322 0.622793
0.152652 -0.198776 0.605128
0.140599 -0.151417 0.554594
0.153402 -0.206310 0.596691
0.152850 -0.192794 0.592887
0.159639 -0.249695 0.618781
0.163527 -0.253509 0.628702
0.161972 -0.248653 0.621739
0.150129 -0.154179 0.572047
0.159862 -0.211771 0.608295
0.153784 -0.183663 0.579479
0.153784 -0.183663 0.579479
0.153211 -0.163105 0.574091
0.151964 -0.166699 0.568177
0.152945 -0.136392 0.565113
0.172031 -0.202046 0.608850
0.173694 -0.243466 0.611685
0.173694 -0.243466 0.611685
0.173444 -0.180781 0.593583
0.166568 -0.157836 0.568756
0.183648 -0.229426 0.604151
0.174464 -0.158545 0.567969
0.175552 -0.161566 0.569863
0.184408 -0.177190 0.597784
0.185229 -0.209321 0.599822
0.183392 -0.172837 0.588068
0.173919 -0.130296 0.553179
0.185003 -0.223368 0.588527
0.184170 -0.167423 0.579261
0.187173 -0.220029 0.577255
0.182661 -0.148555 0.555490
0.210040 -0.221526 0.622110
0.191620 -0.163969 0.566341
0.199421 -0.216059 0.583440
0.200657 -0.165850 0.568016
0.217670 -0.225812 0.604398
0.200035 -0.172331 0.552016
0.214407 -0.222368 0.590231
0.209390 -0.212591 0.576102
0.203946 -0.168353 0.558382
0.203534 -0.176954 0.555386
0.218504 -0.226972 0.584826
0.217373 -0.209882 0.572088
0.217373 -0.209882 0.572088
0.228966 -0.205213 0.582799
0.234162 -0.221509 0.561426
0.243151 -0.208386 0.579237
0.247831 -0.204424 0.567795
0.254728 -0.219019 0.556671
0.253498 -0.196247 0.552620
-0.378065 -0.218136 0.615764
-0.382843 -0.172945 0.626960
-0.369725 -0.198728 0.617381
-0.367131 -0.214877 0.621573
-0.370125 -0.180785 0.631274
-0.376291 -0.253128 0.655279
-0.360781 -0.219668 0.640109
-0.351637 -0.204813 0.627587
-0.345705 -0.227096 0.631361
-0.347289 -0.242044 0.653469
-0.342319 -0.233933 0.657181
-0.342319 -0.233933 0.657181
-0.329248 -0.188673 0.639482
-0.347401 -0.170540 0.680598
-0.348682 -0.180269 0.682906
-0.347063 -0.269973 0.693189
-0.344004 -0.175315 0.691595
-0.341325 -0.206130 0.728951
-0.317297 -0.182538 0.689661
-0.309016 -0.205050 0.671643
-0.318323 -0.253738 0.694578
-0.323895 -0.259460 0.737577
-0.318795 -0.213062 0.730310
-0.326830 -0.271233 0.752456
-0.304158 -0.261388 0.725200
-0.320548 -0.298864 0.769684
-0.320548 -0.298864 0.769684
-0.297793 -0.236666 0.727951
-0.298522 -0.205518 0.734334
-0.298522 -0.205518 0.734334
-0.281274 -0.199829 0.729569
-0.282113 -0.199100 0.745208
-0.289556 -0.212068 0.773042
-0.293694 -0.246593 0.782337
-0.281307 -0.253034 0.773462
-0.290609 -0.237802 0.802929
-0.279441 -0.264639 0.782952
-0.256766 -0.189501 0.766584
-0.271551 -0.272083 0.821431
-0.261900 -0.242881 0.795493
-0.244451 -0.217536 0.753530
-0.248737 -0.287216 0.836078
-0.233866 -0.192153 0.806369
-0.239027 -0.278794 0.852730
-0.239027 -0.278794 0.852730
-0.232005 -0.282454 0.831113
-0.226974 -0.250274 0.832190
-0.217325 -0.303595 0.806086
-0.219634 -0.251916 0.837275
-0.228572 -0.316789 0.896952
-0.206538 -0.279853 0.841072
-0.225993 -0.341215 0.932870
-0.204242 -0.263475 0.869426
-0.215699 -0.364160 0.943099
-0.197871 -0.279696 0.906209
-0.208053 -0.349979 0.948179
-0.179530 -0.261378 0.843637
-0.204928 -0.379359 0.958967
-0.193501 -0.363097 0.957732
-0.191054 -0.354686 0.955331
-0.177117 -0.284896 0.895299
-0.192680 -0.373445 0.986862
-0.179017 -0.322923 0.928537
-0.177215 -0.282909 0.941490
-0.185880 -0.395158 1.019800
-0.156804 -0.256281 0.878233
-0.173218 -0.302599 0.992180
-0.174084 -0.392005 0.988004
-0.160322 -0.287159 0.970551
-0.160322 -0.287159 0.970551
-0.148648 -0.296083 0.920771
-0.167078 -0.416949 1.028911
-0.145516 -0.271210 0.929276
-0.167393 -0.430034 1.072283
-0.151861 -0.305500 0.997412
-0.138682 -0.337663 0.900812
-0.156224 -0.411504 1.036565
-0.137686 -0.315944 0.926894
-0.137686 -0.315944 0.926894
-0.147995 -0.380993 1.016006
-0.138609 -0.352452 0.964532
-0.138609 -0.352452 0.964532
-0.142432 -0.378001 0.999946
-0.143751 -0.403796 1.025469
-0.121756 -0.282251 0.902555
-0.124734 -0.272994 0.948795
-0.114638 -0.263420 0.915494
-0.128641 -0.362593 1.016361
-0.131125 -0.420130 1.038811
-0.118281 -0.342544 0.964840
-0.132440 -0.434332 1.084580
-0.132440 -0.434332 1.084580
-0.119097 -0.373233 1.006799
-0.122154 -0.448670 1.095249
-0.096800 -0.200077 0.923699
-0.115086 -0.414019 1.061666
-0.082817 -0.194580 0.939503
-0.074356 0.096236 0.957610
-0.068895 -0.192719 0.949482
-0.068895 -0.192719 0.949482
-0.069885 -0.222694 0.950032
-0.072999 -0.246777 0.988127
-0.058733 0.056372 0.931594
-0.058996 0.092303 0.952951
-0.067847 -0.245261 0.977469
-0.064837 -0.185092 0.998380
-0.060031 -0.175613 0.982452
-0.048889 0.094522 0.964473
-0.069920 -0.378143 1.137223
-0.069920 -0.378143 1.137223
-0.073743 -0.422601 1.207105
-0.044044 0.073980 0.938062
-0.042108 0.085459 0.912807
-0.043602 0.095711 0.966511
-0.053075 -0.267678 0.992201
-0.037651 0.103327 0.964246
-0.049180 -0.255438 0.991779
-0.064532 -0.419803 1.226962
-0.049864 -0.288348 1.005085
-0.061757 -0.420393 1.204052
-0.046768 -0.237819 0.991377
-0.058026 -0.380596 1.168382
-0.034257 0.049031 0.953995
-0.044770 -0.261304 0.985341
-0.043834 -0.263542 1.007160
-0.044969 -0.296198 1.033041
-0.048095 -0.397247 1.225814
-0.045589 -0.389659 1.211108
-0.040357 -0.434539 1.234503
-0.037384 -0.377695 1.195308
-0.035369 -0.349258 1.178724
-0.035009 -0.375419 1.146869
-0.035434 -0.374872 1.199253
-0.033095 -0.381730 1.138215
-0.032848 -0.360701 1.209524
-0.032848 -0.360701 1.209524
-0.026467 -0.295662 1.027027
-0.012269 0.113054 0.967862
-0.029463 -0.361650 1.215157
-0.027289 -0.345659 1.136980
-0.025808 -0.368858 1.179253
-0.016596 -0.249890 0.953813
-0.019518 -0.442034 1.173614
-0.010019 -0.218101 0.964867
-0.014557 -0.326086 1.177712
-0.016727 -0.434701 1.180657
-0.009892 -0.348190 1.212773
-0.007622 -0.308124 1.180778
-0.008013 -0.350328 1.182261
-0.010369 -0.450225 1.209011
-0.004869 -0.363412 1.126693
0.001731 -0.289953 1.084387
0.008046 -0.231105 1.006695
0.008510 -0.314108 1.174755
0.007740 -0.318145 1.136915
0.013042 -0.488439 1.252591
0.019651 -0.322226 1.191083
0.016585 -0.449879 1.186326
0.028209 -0.346829 1.141696
0.032681 -0.273171 1.164902
0.032795 -0.418508 1.156174
0.035176 -0.372074 1.120620
0.039425 -0.272948 1.124628
0.043405 -0.338694 1.222209
0.040819 -0.381488 1.135364
0.044787 -0.367446 1.168008
0.044573 -0.394029 1.141916
0.050768 -0.276716 1.181717
0.050940 -0.490529 1.297273
0.054466 -0.270215 1.157387
0.050981 -0.361719 1.123139
0.058103 -0.471698 1.242943
0.061604 -0.511537 1.314878
0.060260 -0.490202 1.271677
0.061338 -0.514611 1.237970
0.060390 -0.481513 1.203127
0.070365 -0.494909 1.288130
0.077313 -0.499453 1.306598
0.082749 -0.336459 1.194643
0.082739 -0.482917 1.251906
0.085734 -0.416715 1.193466
0.088953 -0.370103 1.208733
0.088925 -0.330395 1.159511
0.088925 -0.330395 1.159511
0.095190 -0.373331 1.228550
0.093899 -0.344172 1.145622
0.098025 -0.357186 1.172445
0.102504 -0.452958 1.221261
0.105631 -0.391920 1.229696
0.110625 -0.375800 1.219685
0.113639 -0.401860 1.234952
0.113639 -0.401860 1.234952
0.112569 -0.383957 1.212502
0.121464 -0.481081 1.305764
0.119119 -0.413492 1.243348
0.120264 -0.389670 1.234822
0.125593 -0.412212 1.258595
0.133317 -0.513968 1.328601
0.123991 -0.379381 1.192244
0.131601 -0.488248 1.285410
0.132889 -0.416978 1.242733
0.132889 -0.416978 1.242733
0.148056 -0.529492 1.342345
0.143933 -0.436712 1.270073
0.142500 -0.411124 1.225653
0.151451 -0.454196 1.306967
0.151670 -0.505712 1.297362
0.151670 -0.505712 1.297362
0.158337 -0.509143 1.340891
0.164542 -0.460414 1.325236
0.162383 -0.482576 1.300406
0.172729 -0.534929 1.322353
0.161898 -0.350921 1.198287
0.167906 -0.436835 1.250648
0.169637 -0.447173 1.259445
0.178961 -0.498186 1.304042
0.189528 -0.540250 1.354287
0.175106 -0.355243 1.212087
0.182841 -0.507323 1.296993
0.182752 -0.475789 1.272476
0.181687 -0.429789 1.219278
0.197569 -0.515214 1.305261
0.197963 -0.472593 1.271039
0.197722 -0.459099 1.251562
0.213465 -0.554692 1.359104
0.272171 -0.380145 1.240978
0.297161 -0.398414 1.264693
0.294979 -0.379447 1.229524
0.319495 -0.397542 1.285854
0.315575 -0.376746 1.217082
0.324432 -0.386475 1.241800
0.348066 -0.404000 1.300494
0.337375 -0.383260 1.237580
0.375218 -0.413847 1.309160
0.400161 -0.429483 1.348756
0.411860 -0.420943 1.325288
0.437985 -0.404136 1.231719
0.442850 -0.412561 1.234613
0.445232 -0.424457 1.221593
0.445232 -0.424457 1.221593
0.446574 -0.422172 1.200004
0.464643 -0.410090 1.221812
0.463653 -0.273778 0.889614
0.460556 -0.243628 0.850603
0.471576 -0.246786 0.860646
0.616032 -0.392504 1.133414
0.613862 -0.400446 1.119600
0.633450 -0.407374 1.107665
0.633571 -0.410087 1.099886
0.505891 -0.197400 0.856864
0.643759 -0.389122 1.100754
0.498163 -0.196453 0.834994
0.514233 -0.211852 0.854853
0.514233 -0.211852 0.854853
0.572612 -0.211264 0.924651
0.650413 -0.405983 1.015169
0.669180 -0.419048 1.041963
0.581542 -0.225551 0.893052
0.531687 -0.228059 0.807809
0.593806 -0.252160 0.903537
0.686235 -0.396318 1.031132
0.556221 -0.225949 0.818594
0.555078 -0.225423 0.816852
0.683842 -0.383365 1.015456
0.557568 -0.239147 0.813218
0.554888 -0.220938 0.805736
0.677328 -0.383467 0.992518
0.555708 -0.244122 0.807045
0.684215 -0.372712 0.995957
0.578307 -0.220905 0.820098
-0.059109 -0.239860 0.964710
-0.053758 -0.232528 0.969434
-0.042092 -0.156362 0.920244
-0.048004 -0.242366 0.943623
-0.041508 -0.194261 0.963019
-0.046368 -0.255854 0.974961
-0.046368 -0.255854 0.974961
-0.022428 -0.180150 0.950617
-0.032743 -0.362832 1.265250
-0.008439 -0.236578 1.045511
-0.011995 -0.270265 1.072379
-0.010012 -0.363857 1.282360
0.002505 -0.310926 1.230513
0.018077 -0.243527 1.062796
0.005779 -0.333956 1.297105
0.009888 -0.339031 1.274914
0.025291 -0.284490 1.218308
0.032869 -0.303321 1.219475
0.048230 -0.293367 1.262677
0.062851 -0.106435 1.078259
0.066208 -0.265071 1.175043
0.085151 -0.154237 1.077579
0.083110 -0.195596 1.068680
0.100409 -0.114397 1.138429
0.102012 -0.117461 1.121108
0.096689 -0.201702 1.036746
0.105362 -0.117408 1.028363
0.118565 -0.000513 1.188042
0.119760 -0.007314 1.181743
0.108573 -0.204292 1.077686
0.101513 -0.461456 1.242287
0.111327 -0.383353 1.338089
0.111327 -0.383353 1.338089
0.130775 0.011607 1.190578
0.111566 -0.410541 1.281613
0.113949 -0.448212 1.350151
0.120299 -0.183476 1.144160
0.125830 -0.439164 1.337271
0.123630 -0.391372 1.229496
0.127631 -0.389447 1.271665
0.135576 -0.375361 1.165447
0.139139 -0.177970 1.000811
0.148101 -0.433688 1.292454
0.170127 0.012289 1.183488
0.167148 -0.216240 1.155940
0.190729 0.113876 1.190906
0.184617 -0.437880 1.435184
0.172586 -0.443776 1.274949
0.200169 0.018902 1.187683
0.211448 -0.398555 1.371584
0.219018 -0.558055 1.441751
0.235725 -0.426709 1.424796
0.235729 -0.439539 1.406242
0.241859 -0.548993 1.464014
0.242737 -0.006745 1.206672
0.272250 -0.661058 1.618993
0.230061 -0.224745 1.092640
0.278159 -0.635593 1.531480
0.288526 -0.446624 1.466819
0.283350 -0.430393 1.385799
0.331881 -0.638264 1.632106
0.317883 -0.473822 1.471406
0.353178 -0.655626 1.685218
0.320116 -0.438473 1.441361
0.349662 -0.664867 1.641254
0.349662 -0.664867 1.641254
0.347600 -0.631305 1.612760
0.343570 -0.459571 1.518122
0.331363 -0.456102 1.451698
0.340259 -0.453954 1.477984
0.286519 -0.192324 1.108495
0.349230 -0.686198 1.551195
0.290272 -0.186073 1.110637
0.365241 -0.457484 1.439985
0.401201 -0.653536 1.630604
0.382622 -0.587585 1.520203
0.392703 -0.487804 1.532223
0.398414 -0.647317 1.592936
0.407803 -0.645706 1.605191
0.395078 -0.593575 1.529996
0.421527 -0.676685 1.639723
0.421527 -0.676685 1.639723
0.406397 -0.467835 1.504921
0.388237 -0.466810 1.418398
0.455887 -0.745346 1.732983
0.464986 -0.706458 1.728974
0.327592 -0.158844 1.052931
0.327592 -0.158844 1.052931
0.464992 -0.734066 1.703542
0.355556 -0.219168 1.146855
0.351089 -0.201411 1.122068
0.476769 -0.709143 1.706719
0.462773 -0.669637 1.629358
0.433968 -0.461112 1.468944
0.353434 -0.199080 1.099987
0.353434 -0.199080 1.099987
0.442615 -0.454929 1.463392
0.512192 -0.747947 1.761617
0.511072 -0.733726 1.753344
0.463203 -0.510716 1.507666
0.558865 -0.803080 1.902160
0.518568 -0.772679 1.744779
0.508029 -0.695315 1.686221
0.379655 -0.450421 1.186230
0.376218 -0.141838 1.109843
0.470475 -0.472134 1.497106
0.553390 -0.796216 1.838205
0.480782 -0.471825 1.514019
0.556572 -0.784051 1.813031
0.371488 -0.415732 1.097482
0.499929 -0.491160 1.524689
0.589174 -0.830442 1.871924
0.560170 -0.748450 1.760855
0.396812 -0.443654 1.152100
0.393215 -0.139939 1.083948
0.574768 -0.777072 1.776583
0.610986 -0.802345 1.865264
0.505204 -0.533681 1.470307
0.579621 -0.716785 1.727610
0.597313 -0.734172 1.782696
0.600213 -0.763956 1.781185
0.533104 -0.506108 1.524312
0.524866 -0.479377 1.481627
0.618766 -0.774653 1.817387
0.572690 -0.535921 1.632189
0.557790 -0.519655 1.562624
0.423904 -0.205363 1.091669
0.452662 -0.238537 1.167624
0.556117 -0.504512 1.505559
0.591128 -0.564654 1.610375
0.645878 -0.792964 1.802016
0.589372 -0.540641 1.593556
0.521072 -0.520705 1.392673
0.521072 -0.520705 1.392673
0.565404 -0.491300 1.512172
0.436715 -0.427749 1.127310
0.619333 -0.561906 1.667040
0.443047 -0.460166 1.145527
0.451805 -0.215012 1.113232
0.683086 -0.801045 1.830606
0.683086 -0.801045 1.830606
0.619562 -0.545358 1.604533
0.450415 -0.207716 1.083457
0.455329 -0.455199 1.132994
0.462001 -0.464203 1.149021
0.473546 -0.355673 1.149634
0.656066 -0.589975 1.665682
0.633021 -0.539781 1.592647
0.639379 -0.515203 1.586296
0.477009 -0.472677 1.152097
0.478738 -0.459869 1.142532
0.633578 -0.496798 1.538947
0.633578 -0.496798 1.538947
0.731702 -0.807669 1.820118
0.640519 -0.506091 1.539343
0.640519 -0.506091 1.539343
0.498517 -0.473922 1.157047
0.520529 -0.372356 1.191480
0.493283 -0.441391 1.115423
0.504401 -0.460730 1.126857
0.521794 -0.480708 1.164474
0.505073 -0.137281 1.074693
0.521686 -0.447194 1.154628
0.517303 -0.481586 1.145732
0.516518 -0.468122 1.137255
0.518454 -0.466164 1.138529
0.545131 -0.449796 1.180048
0.550759 -0.465035 1.181756
0.760288 -0.583636 1.674017
0.746230 -0.575782 1.638812
0.544650 -0.493260 1.164820
0.537423 -0.428870 1.135223
0.533783 -0.314382 1.098627
0.786928 -0.600687 1.695828
0.589969 -0.502058 1.211130
0.539546 -0.170501 1.053254
0.750019 -0.554095 1.544404
0.555716 -0.329270 1.080142
0.826878 -0.601540 1.678856
0.577492 -0.452099 1.137132
0.551331 -0.412839 1.075878
0.565273 -0.188680 1.073543
0.614005 -0.388556 1.185609
0.834571 -0.606894 1.661257
0.804049 -0.549833 1.586005
0.553579 -0.289632 1.044422
0.573863 -0.183223 1.072583
0.545652 -0.278619 1.018564
0.580233 -0.426750 1.104457
0.853010 -0.580662 1.674377
0.528340 -0.370680 0.986132
0.568091 -0.292707 1.052917
0.611305 -0.450691 1.149509
0.603414 -0.350352 1.117694
0.573423 -0.299967 1.047450
0.577553 -0.308119 1.056832
0.862933 -0.597719 1.643769
0.597602 -0.449678 1.106074
0.620953 -0.462673 1.150015
0.819039 -0.546725 1.530669
0.882004 -0.618645 1.659800
0.628411 -0.460026 1.149796
0.863667 -0.548225 1.603000
0.658908 -0.511205 1.206189
0.610454 -0.433501 1.104958
0.860998 -0.553808 1.591816
0.637439 -0.460771 1.154960
0.638019 -0.456433 1.148161
0.648500 -0.467665 1.162561
0.648500 -0.467665 1.162561
0.638867 -0.452601 1.137148
0.703475 -0.544853 1.264982
0.655672 -0.267585 1.142367
0.691227 -0.515731 1.231408
0.665287 -0.475633 1.173578
0.704737 -0.548485 1.253252
0.711082 -0.543681 1.258436
0.682107 -0.511730 1.201270
0.941170 -0.617258 1.678625
0.650629 -0.460108 1.129130
0.755958 -0.587624 1.327702
0.904193 -0.591472 1.590902
0.940649 -0.600403 1.657760
0.722752 -0.536488 1.254462
0.728512 -0.545095 1.263435
0.643702 -0.317785 1.087206
0.737241 -0.672890 1.275923
0.880235 -0.526027 1.511367
0.735857 -0.553412 1.251605
0.744583 -0.549957 1.265723
0.876168 -0.618387 1.497305
0.741346 -0.535878 1.239873
0.867274 -0.573869 1.452011
0.749373 -0.541442 1.245064
0.885766 -0.604482 1.468645
1.117729 -0.905441 1.872846
0.649357 -0.337084 1.032651
0.644887 -0.239867 1.001807
0.798252 -0.692714 1.297745
0.974541 -0.595256 1.575404
0.744703 -0.497543 1.185370
0.675407 -0.254773 1.045576
0.658504 -0.283465 1.020441
0.658504 -0.283465 1.020441
0.931715 -0.620612 1.497608
1.120524 -0.882231 1.828799
0.933914 -0.616979 1.498970
0.726646 -0.313180 1.126231
0.946998 -0.637605 1.512506
0.949001 -0.550278 1.498617
1.133447 -0.848892 1.820000
1.109585 -0.816962 1.778199
0.706488 -0.287695 1.074346
1.143242 -0.933920 1.828097
1.165114 -0.872098 1.856298
0.801803 -0.664703 1.256383
0.804099 -0.660542 1.257368
1.187861 -0.877785 1.887288
0.684769 -0.265591 1.028446
1.180942 -0.972692 1.875514
0.681685 -0.280965 1.022048
1.162335 -0.855153 1.829744
0.990943 -0.565457 1.531159
0.709885 -0.278049 1.057848
1.246022 -0.954053 1.942745
0.708524 -0.280781 1.049034
1.031747 -0.575407 1.573759
0.964583 -0.566141 1.464628
0.697277 -0.277300 1.024388
1.197739 -0.884217 1.846988
1.230090 -0.922791 1.897288
0.986006 -0.534789 1.487990
0.710380 -0.344245 1.043259
0.979550 -0.554024 1.469058
0.960674 -0.526535 1.426039
1.014824 -0.553244 1.508731
0.762500 -0.452850 1.116514
0.734793 -0.318275 1.054672
1.238187 -0.892008 1.847568
0.999517 -0.566674 1.463041
1.071629 -0.594833 1.566490
1.030351 -0.555268 1.493130
0.732561 -0.312736 1.029956
0.763137 -0.343036 1.071020
1.274379 -0.929907 1.863142
1.236082 -0.923029 1.777301
1.236082 -0.923029 1.777301
1.236496 -0.875399 1.765951
1.045401 -0.532475 1.458404
1.007786 -0.500572 1.395557
1.211408 -0.884864 1.701099
0.753972 -0.271831 1.006955
0.750984 -0.341344 1.003184
1.299288 -0.871242 1.791747
0.800362 -0.338921 1.061057
1.075935 -0.551412 1.454358
1.070430 -0.557507 1.444424
1.020709 -0.521104 1.350140
0.768547 -0.284914 0.992526
1.235275 -0.811865 1.655225
0.784102 -0.279983 1.005827
1.243355 -0.820429 1.657958
1.053021 -0.520914 1.377625
1.053021 -0.520914 1.377625
0.818332 -0.319422 1.032513
1.084920 -0.516959 1.386812
0.778535 -0.258154 0.967077
0.846848 -0.346876 1.058801
1.094116 -0.518644 1.386700
1.346889 -0.872587 1.717571
0.746630 -0.256311 0.910692
1.357802 -0.868130 1.720594
1.355523 -0.850150 1.698586
0.889778 -0.490117 1.091293
1.342138 -0.830248 1.677805
0.883131 -0.377479 1.054214
0.835072 -0.312167 0.988100
0.928194 -0.460614 1.109670
1.139976 -0.536795 1.370481
0.941348 -0.473061 1.120654
0.809817 -0.257063 0.943076
0.809817 -0.257063 0.943076
0.862490 -0.297212 1.006646
1.346349 -0.821824 1.623119
1.390895 -0.837294 1.663221
0.856335 -0.294688 0.981034
0.885903 -0.352047 1.019395
1.417488 -0.898154 1.659423
1.383266 -0.846668 1.613128
1.332560 -0.819962 1.542966
0.861576 -0.315717 0.962813
1.361064 -0.809933 1.565563
1.418889 -0.866727 1.623455
0.786544 -0.245369 0.862439
0.786544 -0.245369 0.862439
1.370833 -0.824541 1.549939
1.423735 -0.873116 1.606214
1.018487 -0.491830 1.119607
0.872750 -0.325339 0.934845
1.213907 -0.540683 1.317565
1.134685 -0.512073 1.228868
1.450596 -0.870747 1.586309
1.085350 -0.528198 1.164232
1.189745 -0.502578 1.272870
1.040612 -0.520721 1.111636
1.012124 -0.469619 1.070688
1.030477 -0.483332 1.088529
1.211412 -0.520300 1.283297
1.185037 -0.491524 1.252412
1.173348 -0.505005 1.237353
1.010152 -0.518243 1.063107
1.044390 -0.531390 1.098409
1.235283 -0.511167 1.286031
1.201294 -0.502404 1.246001
1.111123 -0.579607 1.156445
1.207890 -0.505928 1.243450
1.468297 -0.820797 1.528700
1.447354 -0.790619 1.492303
1.039759 -0.459773 1.052508
1.548045 -0.832380 1.590586
1.446617 -0.792745 1.474967
1.495572 -0.783278 1.512732
1.349032 -0.685540 1.357699
1.396507 -0.695164 1.387620
1.396507 -0.695164 1.387620
0.930824 -0.265287 0.902360
1.059731 -0.465045 1.031458
1.181875 -0.542987 1.152517
1.454286 -0.761398 1.428743
1.389921 -0.702636 1.344665
1.020612 -0.385723 0.966262
1.108895 -0.463282 1.047513
1.426293 -0.732971 1.356323
1.154000 -0.463381 1.082286
0.940509 -0.334398 0.872596
1.465153 -0.711791 1.385135
0.933016 -0.329791 0.855907
1.200471 -0.486561 1.107399
1.424576 -0.713221 1.321959
1.121697 -0.448582 1.019762
0.967604 -0.324932 0.872306
1.111929 -0.509099 1.012339
1.169943 -0.457911 1.054432
1.055280 -0.441121 0.943030
1.055418 -0.431369 0.941241
1.436482 -0.757031 1.295943
1.406954 -0.679240 1.258625
1.012404 -0.430617 0.895676
1.107014 -0.490933 0.975838
1.073090 -0.462275 0.943723
1.065411 -0.449306 0.925740
1.015514 -0.423387 0.882174
1.132513 -0.449476 0.969019
1.247029 -0.467424 1.065082
1.101688 -0.425963 0.928101
1.037681 -0.398536 0.861305
1.099478 -0.369027 0.906165
1.102554 -0.457899 0.911837
1.049103 -0.413889 0.858018
1.037085 -0.391887 0.837224
1.062395 -0.425770 0.858909
1.024098 -0.391918 0.815981
1.184621 -0.398948 0.938190
1.075908 -0.419134 0.847959
1.075908 -0.419134 0.847959
1.078505 -0.436919 0.844398
1.045923 -0.403873 0.814624
1.300845 -0.459883 1.009418
1.226905 -0.403519 0.929759
1.230241 -0.427693 0.918881
1.084737 -0.434692 0.805108
1.084925 -0.388969 0.795115
1.349485 -0.437340 0.986382
1.266628 -0.425235 0.918437
1.238322 -0.416976 0.891246
1.268909 -0.435233 0.910619
1.143862 -0.371294 0.817359
1.095795 -0.402829 0.780405
1.095795 -0.402829 0.780405
1.288043 -0.445440 0.911254
1.279919 -0.442325 0.905304
1.161397 -0.385779 0.819954
1.147748 -0.418284 0.811177
0.943980 -0.268405 0.658799
1.075778 -0.379404 0.750621
1.265682 -0.398304 0.879588
1.083053 -0.380006 0.745612
1.297542 -0.423545 0.890028
1.112620 -0.407131 0.763278
1.070801 -0.279617 0.720992
1.097932 -0.399507 0.743579
1.065983 -0.363898 0.717756
1.230964 -0.372281 0.826020
1.128444 -0.408760 0.751906
1.216528 -0.364300 0.799290
1.183772 -0.352296 0.774839
1.192755 -0.345968 0.776587
1.079773 -0.344624 0.688341
0.049355 -0.226585 0.719479
0.050536 -0.238413 0.728595
0.049179 -0.244911 0.747624
0.070841 -0.171938 0.725574
0.070841 -0.171938 0.725574
0.055971 -0.204813 0.778420
0.059648 -0.243447 0.728382
0.059239 -0.232875 0.757218
0.043674 -0.233939 0.868277
0.082382 -0.155134 0.726885
0.062953 -0.231497 0.767926
0.069554 -0.226920 0.773956
0.072008 -0.224299 0.776610
0.070851 -0.243531 0.777217
0.077219 -0.238742 0.773345
0.077624 -0.218947 0.796693
0.082796 -0.218052 0.767742
0.093308 -0.177137 0.758115
0.081777 -0.257445 0.746045
0.082634 -0.233891 0.775562
0.083254 -0.210649 0.802791
0.080415 -0.274836 0.770070
0.093698 -0.252018 0.733974
0.091670 -0.266936 0.738639
0.088476 -0.186850 0.872560
0.091498 -0.203481 0.824624
0.094288 -0.197812 0.813603
0.089743 -0.196118 0.873683
0.107135 -0.158555 0.799217
0.125205 -0.101383 0.736441
0.122964 -0.127402 0.729238
0.122964 -0.127402 0.729238
0.097192 -0.264709 0.754718
0.131978 -0.077974 0.732560
0.129600 -0.060107 0.780293
0.101314 -0.190313 0.842012
0.106116 -0.173769 0.857255
0.098229 -0.303303 0.820475
0.142280 -0.057499 0.795316
0.161023 0.012919 0.802983
0.161023 0.012919 0.802983
0.145792 -0.125575 0.724252
0.165460 0.027492 0.824205
0.122003 -0.228737 0.841319
0.113653 -0.236115 0.897921
0.113653 -0.236115 0.897921
0.162791 0.029267 0.872069
0.170836 0.038653 0.813255
0.148026 -0.131637 0.772108
0.170195 0.011045 0.830203
0.151384 -0.118600 0.804621
0.121579 -0.296857 0.806782
0.150110 -0.137901 0.787241
0.123548 -0.304059 0.808850
0.121769 -0.312453 0.816895
0.157482 -0.155185 0.744801
0.135465 -0.243034 0.909287
0.130918 -0.305896 0.824563
0.130918 -0.305896 0.824563
0.135806 -0.290491 0.813350
0.141482 -0.259241 0.915492
0.144236 -0.292340 0.805505
0.144347 -0.283996 0.838192
0.144347 -0.283996 0.838192
0.146453 -0.269798 0.865856
0.142543 -0.265241 0.920138
0.139192 -0.317447 0.857666
0.139198 -0.319577 0.851167
0.153293 -0.260378 0.876624
0.154862 -0.261706 0.861116
0.158107 -0.253331 0.864925
0.159694 -0.264410 0.864163
0.156181 -0.290899 0.932068
0.154408 -0.319874 0.852412
0.153947 -0.298905 0.936624
0.188840 -0.131959 0.788211
0.165038 -0.287156 0.869109
0.155921 -0.354348 0.832859
0.165785 -0.296054 0.939354
0.172421 -0.255817 0.936152
0.199240 -0.129573 0.778354
0.179432 -0.318797 0.965350
0.176062 -0.361902 0.947287
0.183375 -0.330951 0.953957
0.186649 -0.316564 0.947794
0.182636 -0.351701 0.896687
0.189849 -0.334736 0.923971
0.189543 -0.357642 0.958451
0.191606 -0.366577 0.954543
0.190653 -0.360775 0.854097
0.190653 -0.360775 0.854097
0.198335 -0.347348 0.954386
0.195277 -0.392780 0.982573
0.212623 -0.291179 0.868312
0.216705 -0.278125 0.959316
0.220864 -0.266631 0.945581
0.220864 -0.266631 0.945581
0.215792 -0.293859 0.871452
0.204287 -0.382053 0.955535
0.210916 -0.357747 0.951420
0.215255 -0.347588 0.949157
0.213701 -0.362700 0.948796
0.214735 -0.384951 0.953956
0.223775 -0.323933 0.887526
0.218975 -0.399679 0.976461
0.238481 -0.276663 0.966039
0.218934 -0.415352 0.973965
0.230062 -0.362487 0.959159
0.233019 -0.327751 0.893263
0.245368 -0.294145 1.002732
0.245368 -0.294145 1.002732
0.231812 -0.358367 0.944030
0.228424 -0.393641 0.982814
0.244430 -0.287886 0.957210
0.252652 -0.198861 0.805381
0.238804 -0.373310 0.979131
0.238271 -0.400975 0.987708
0.236618 -0.415524 0.979755
0.239976 -0.402518 0.965623
0.255945 -0.281641 0.914679
0.276466 -0.121673 0.824886
0.254754 -0.392408 0.985363
0.255320 -0.406222 0.993793
0.271584 -0.304667 0.990791
0.259156 -0.389506 0.966340
0.293034 -0.118278 0.848821
0.282182 -0.311061 1.044054
0.258413 -0.408683 0.945271
0.269479 -0.384218 1.007989
0.285361 -0.299550 0.983008
0.290395 -0.302237 1.011032
0.290351 -0.301921 1.000352
0.277687 -0.414581 0.998614
0.281538 -0.423618 1.025163
0.284550 -0.384307 0.995568
0.301054 -0.298749 1.020340
0.277615 -0.468295 1.039104
0.291433 -0.419150 1.065810
0.285946 -0.424136 1.005275
0.301062 -0.173780 0.780769
0.308079 -0.306038 1.007457
0.298681 -0.388166 1.026174
0.316093 -0.113793 0.806322
0.316093 -0.113793 0.806322
0.301412 -0.412889 1.060129
0.296580 -0.417260 1.008551
0.295662 -0.440375 1.043096
0.317703 -0.139300 0.820641
0.330035 -0.073383 0.802691
0.322626 -0.302816 1.014343
0.322626 -0.302816 1.014343
0.321890 -0.144852 0.804424
0.336544 -0.081068 0.825774
0.328901 -0.322127 1.037977
0.319956 -0.458136 1.119401
0.331208 -0.290149 0.982881
0.324971 -0.174138 0.813558
0.335744 -0.158046 0.839807
0.335744 -0.158046 0.839807
0.337601 -0.092964 0.774043
0.337601 -0.092964 0.774043
0.344406 -0.309410 1.034641
0.344183 -0.318046 1.031183
0.347925 -0.309527 1.029720
0.347925 -0.309527 1.029720
0.350483 -0.322227 1.063059
0.336918 -0.404129 1.052024
0.345100 -0.444624 1.125928
0.357548 -0.317608 1.042857
0.349703 -0.172288 0.844583
0.349703 -0.172288 0.844583
0.356474 -0.404458 1.047257
0.358370 -0.409681 1.051862
0.362771 -0.418511 1.060798
0.376478 -0.044343 0.809434
0.374797 -0.465609 1.139377
0.376304 -0.477796 1.144384
0.384017 -0.328010 1.060372
0.376921 -0.167100 0.882315
0.380160 -0.478585 1.136231
0.370442 -0.434104 1.043385
0.383627 -0.453179 1.125315
0.376791 -0.147946 0.837168
0.374813 -0.401413 1.021709
0.399863 -0.328942 1.088653
0.391317 -0.463741 1.144339
0.397670 -0.468876 1.150554
0.380229 -0.148640 0.816715
0.402845 -0.470476 1.154019
0.390562 -0.435372 1.056126
0.395322 -0.116289 0.816414
0.425755 -0.509166 1.192025
0.413318 -0.466864 1.104913
0.426769 -0.334718 1.065915
0.434085 -0.528056 1.224960
0.416563 -0.494858 1.122310
0.432419 -0.342279 1.073274
0.391764 -0.214549 0.818801
0.410647 -0.469851 1.062889
0.415552 -0.454129 1.065503
0.437504 -0.503448 1.165003
0.439944 -0.489246 1.148706
0.410330 -0.222811 0.851773
0.423521 -0.108604 0.833707
0.443952 -0.404064 1.092677
0.464978 -0.523808 1.242126
0.454255 -0.507257 1.186451
0.459225 -0.354083 1.107066
0.418642 -0.146783 0.821292
0.454976 -0.491051 1.163889
0.465700 -0.361325 1.109062
0.469560 -0.367923 1.096022
0.475003 -0.358718 1.107069
0.489187 -0.511022 1.235794
0.490536 -0.505736 1.236227
0.490536 -0.505736 1.236227
0.427867 -0.156928 0.810267
0.432880 -0.100510 0.796089
0.477709 -0.360257 1.095169
0.478015 -0.370581 1.098158
0.495366 -0.520177 1.232084
0.491437 -0.505864 1.207255
0.491746 -0.527839 1.215135
0.498083 -0.519972 1.223067
0.487109 -0.372786 1.097918
0.495184 -0.373464 1.121431
0.426854 -0.307793 0.849598
0.432564 -0.105421 0.759230
0.441671 -0.132689 0.798466
0.506635 -0.527265 1.212201
0.521239 -0.541715 1.230287
0.455514 -0.127889 0.803685
0.456506 -0.141471 0.812659
0.451543 -0.242854 0.845918
0.441212 -0.323496 0.839598
0.531436 -0.547991 1.233110
0.527984 -0.366395 1.122503
0.542015 -0.556468 1.257144
0.530802 -0.367476 1.116685
0.530802 -0.367476 1.116685
0.467688 -0.129746 0.803576
0.455357 -0.330506 0.839804
0.559634 -0.563055 1.253430
0.552649 -0.542608 1.218607
0.468137 -0.176255 0.791156
0.576994 -0.585189 1.278897
0.476052 -0.319889 0.853820
0.583686 -0.558608 1.258594
0.579850 -0.564397 1.246025
0.485207 -0.256559 0.829884
0.617699 -0.574446 1.295568
0.607412 -0.573814 1.232740
0.614781 -0.565943 1.244384
0.625850 -0.589519 1.268396
0.623615 -0.572504 1.253001
0.507321 -0.349415 0.862064
0.632603 -0.562147 1.255291
0.636300 -0.578242 1.264755
0.638539 -0.583368 1.262868
0.621636 -0.569637 1.213460
0.513866 -0.213319 0.796623
0.521366 -0.351870 0.864695
0.516116 -0.323980 0.837747
0.516013 -0.267862 0.815330
0.665000 -0.568378 1.268262
0.521641 -0.345658 0.840833
0.543225 -0.179786 0.821305
0.532480 -0.347539 0.854753
0.664913 -0.564519 1.246367
0.545412 -0.246337 0.842324
0.550254 -0.347646 0.867961
0.535105 -0.320909 0.822781
0.564193 -0.372442 0.898800
0.562083 -0.187532 0.829657
0.570067 -0.395575 0.914454
0.559777 -0.356981 0.874804
0.570782 -0.209937 0.850420
0.568204 -0.376840 0.898969
0.571084 -0.350658 0.879343
0.571072 -0.362634 0.878380
0.669791 -0.394770 1.094019
0.585803 -0.366831 0.896617
0.592702 -0.375222 0.883743
0.590685 -0.231589 0.831388
0.691060 -0.380756 1.076344
0.595397 -0.225023 0.825721
0.700147 -0.371799 1.076021
0.709340 -0.382644 1.093891
0.691891 -0.438937 1.056677
0.714857 -0.448476 1.067706
0.714857 -0.448476 1.067706
0.610060 -0.207057 0.789587
0.742346 -0.382034 1.083821
0.726495 -0.396951 1.048306
0.628837 -0.266601 0.829919
0.632155 -0.282035 0.836836
0.631776 -0.265939 0.826159
0.629122 -0.269147 0.809341
0.630275 -0.226761 0.786472
0.769990 -0.392304 1.045280
0.667339 -0.259261 0.830559
0.643468 -0.222163 0.764132
0.793054 -0.387735 1.050348
0.792882 -0.382979 1.033560
0.667653 -0.265505 0.798655
0.782850 -0.379543 1.011426
0.689624 -0.347601 0.825141
0.811093 -0.381865 1.016905
0.822461 -0.390155 1.034466
0.906746 -0.590189 1.206659
0.682417 -0.236979 0.776138
0.891040 -0.568955 1.169815
0.902478 -0.598499 1.181216
0.906814 -0.575104 1.171686
0.838541 -0.378138 1.024772
0.920830 -0.593479 1.184219
0.715985 -0.374252 0.825011
0.721505 -0.373482 0.831153
0.722584 -0.268800 0.807572
0.694428 -0.211706 0.752823
0.738430 -0.383446 0.854035
0.720322 -0.254924 0.799079
0.697702 -0.227812 0.759490
0.986856 -0.806226 1.308266
0.703074 -0.221776 0.761225
0.718917 -0.368591 0.812773
0.974587 -0.743798 1.264951
0.725802 -0.250162 0.789923
0.917684 -0.614218 1.143031
0.955941 -0.588150 1.192508
0.726104 -0.268454 0.792518
0.719187 -0.226302 0.771139
1.007584 -0.817435 1.307901
0.986339 -0.814182 1.272125
0.735844 -0.263973 0.798402
0.932282 -0.575366 1.143459
0.737278 -0.242268 0.795127
0.999753 -0.812771 1.260206
0.778963 -0.358461 0.849973
0.974780 -0.577295 1.151798
0.752202 -0.331320 0.798274
0.972260 -0.568111 1.141765
0.746597 -0.224960 0.761857
0.976004 -0.570801 1.133027
0.767323 -0.354071 0.808099
0.763220 -0.367608 0.804466
0.960621 -0.551391 1.104530
0.977081 -0.569803 1.127910
0.986876 -0.566590 1.136378
0.745912 -0.252490 0.749882
0.976967 -0.553332 1.110326
0.800411 -0.379290 0.837881
1.015995 -0.585036 1.152726
0.981490 -0.554805 1.101268
0.770564 -0.250688 0.769251
0.805493 -0.361715 0.831914
0.804170 -0.371503 0.831904
0.988167 -0.556038 1.100847
0.816379 -0.379684 0.842612
0.731039 -0.176639 0.695696
0.990911 -0.549355 1.096391
0.988334 -0.542707 1.090910
0.733556 -0.241176 0.704457
0.733556 -0.241176 0.704457
0.863099 -0.343326 0.863602
0.999220 -0.549153 1.065864
0.839183 -0.386195 0.829880
0.747199 -0.193016 0.681925
0.782772 -0.218017 0.723683
0.813062 -0.372731 0.784058
0.754884 -0.184489 0.680964
0.839080 -0.372255 0.805858
1.038336 -0.573539 1.075807
0.844889 -0.371790 0.810209
1.025415 -0.565226 1.054332
0.842727 -0.376897 0.806921
0.840902 -0.381890 0.799807
1.003300 -0.549787 1.016903
1.021917 -0.570817 1.040701
1.036926 -0.552545 1.051172
0.761634 -0.229287 0.675518
1.009727 -0.515902 1.009808
1.011381 -0.545629 1.008209
0.934040 -0.438558 0.900241
0.844930 -0.339739 0.780622
0.932616 -0.416970 0.891193
0.842154 -0.339418 0.771671
0.750400 -0.190658 0.643426
0.750400 -0.190658 0.643426
0.951328 -0.475212 0.909717
0.970802 -0.453195 0.922893
1.048944 -0.561643 1.022946
1.046504 -0.522466 1.006275
0.988229 -0.468076 0.927793
0.973745 -0.449598 0.905410
0.974920 -0.424846 0.902827
1.047800 -0.510558 0.992220
1.047800 -0.510558 0.992220
1.045922 -0.540708 0.992576
0.793607 -0.210855 0.667428
0.764927 -0.189086 0.623868
0.993889 -0.464178 0.906607
0.917430 -0.343479 0.804405
0.998151 -0.450129 0.895817
0.998151 -0.450129 0.895817
1.055803 -0.498279 0.959616
0.878248 -0.331456 0.742404
0.797048 -0.230922 0.638827
1.013282 -0.452463 0.890230
0.810181 -0.196358 0.640369
1.063019 -0.500297 0.935007
1.038407 -0.480190 0.898577
0.981934 -0.457555 0.836083
0.818855 -0.214241 0.636808
1.027811 -0.493873 0.871846
0.813156 -0.207072 0.620329
0.833960 -0.219206 0.641415
1.057074 -0.477987 0.892007
0.934956 -0.327820 0.747798
0.934956 -0.327820 0.747798
0.982621 -0.469674 0.809610
0.854651 -0.310392 0.662790
1.086645 -0.497434 0.907118
0.862910 -0.328118 0.670251
1.046717 -0.482339 0.862662
1.047692 -0.467402 0.860308
0.847251 -0.306507 0.646335
1.069674 -0.499923 0.881217
1.100225 -0.508162 0.905622
0.985180 -0.487605 0.792172
0.874220 -0.308845 0.660169
1.032638 -0.529749 0.831864
1.031250 -0.481334 0.824330
0.849455 -0.248216 0.623580
1.087448 -0.472271 0.870103
1.106310 -0.618444 0.903589
0.912319 -0.343240 0.682060
1.082458 -0.485579 0.848410
1.014231 -0.469667 0.783843
1.067995 -0.567583 0.843559
1.064924 -0.465714 0.828044
1.059850 -0.557586 0.823418
1.051875 -0.493145 0.806535
1.067027 -0.456314 0.814655
1.114944 -0.493199 0.855094
0.896736 -0.340238 0.643036
0.896736 -0.340238 0.643036
0.875451 -0.297256 0.610280
0.891354 -0.320575 0.622764
0.992253 -0.439720 0.721446
1.069428 -0.496309 0.792200
1.012476 -0.442395 0.734752
1.069976 -0.491059 0.786827
0.899846 -0.315936 0.622108
1.061541 -0.430904 0.770510
0.915326 -0.310744 0.629367
0.952978 -0.296970 0.657528
1.056752 -0.420069 0.754558
0.985943 -0.320137 0.678598
0.912012 -0.308734 0.616218
0.895598 -0.230974 0.591583
0.895598 -0.230974 0.591583
0.884246 -0.289789 0.587092
1.010160 -0.413657 0.700813
0.889459 -0.307284 0.587882
0.878635 -0.206318 0.566471
0.905497 -0.297673 0.596475
1.091669 -0.445488 0.753002
0.988376 -0.305975 0.653372
0.971930 -0.276211 0.636481
0.937220 -0.301936 0.605136
0.951508 -0.274813 0.613169
1.013572 -0.433386 0.675135
1.013572 -0.433386 0.675135
0.989959 -0.401326 0.651532
1.055260 -0.427282 0.704387
0.935426 -0.259119 0.594117
1.074181 -0.421428 0.715823
0.900450 -0.226666 0.556432
1.049007 -0.387963 0.684948
0.971032 -0.329889 0.613045
1.015174 -0.416619 0.652665
0.904169 -0.215245 0.549301
0.900173 -0.214982 0.544613
0.967381 -0.287245 0.601264
0.841588 -0.221039 0.500437
0.940689 -0.325883 0.582228
0.940689 -0.325883 0.582228
1.045680 -0.399713 0.667019
0.843767 -0.180467 0.494969
0.987446 -0.405041 0.621717
1.014560 -0.431116 0.644032
0.996594 -0.389545 0.623350
0.972386 -0.277892 0.591768
1.003708 -0.408451 0.621079
0.988814 -0.392380 0.606193
0.909673 -0.270652 0.537711
1.046909 -0.441640 0.647289
1.050024 -0.407421 0.646646
0.854215 -0.216984 0.484394
0.854215 -0.216984 0.484394
0.893439 -0.197167 0.504622
0.914441 -0.295171 0.524347
0.991020 -0.390788 0.582232
1.015369 -0.331997 0.575147
1.014894 -0.342706 0.569537
1.059283 -0.381853 0.600388
1.002278 -0.392015 0.563129
1.009220 -0.423935 0.556949
1.006626 -0.360663 0.549776
1.018437 -0.380469 0.557557
1.025735 -0.354073 0.559478
1.044706 -0.352286 0.568002
-0.371425 -0.147349 2.451993
-6.891135 2.380963 9.155030
-5.533697 -1.498983 8.082346
-8.198517 1.450139 11.924707
-6.736498 2.761859 10.180256
-4.137439 0.617036 6.277038
-0.901081 0.386104 1.406116
-0.778492 0.337518 1.291849
-0.817620 0.354221 1.366335
-2.779654 1.848561 8.768434
-0.011316 0.333738 1.383551
0.209804 -0.113870 1.152235
0.024547 -0.069937 0.314239
0.266058 -0.145865 1.359394
-0.611458 -0.005192 0.856759
-0.385973 -0.042030 0.727201
-0.390690 -0.223169 0.808709
-0.412247 -0.229386 0.860477
-0.320108 -0.245895 0.721034
-0.273415 -0.272994 0.748920
-0.377805 -0.280449 1.010926
-0.261888 -0.269166 0.753535
-0.277590 -0.269333 0.797130
-0.354830 -0.326250 1.232692
-0.217072 -0.305779 0.793095
-0.332628 -0.333744 1.169905
-0.203774 -0.297354 0.761150
-0.201258 -0.327604 0.804651
-0.337244 -0.464643 1.386851
-0.321128 -0.351245 1.329349
-0.300693 -0.360528 1.260711
-0.342743 -0.464667 1.437225
-0.317759 -0.380087 1.371824
-0.317481 -0.457698 1.370091
-0.337900 -0.464523 1.453028
-0.306757 -0.381928 1.336766
-0.316947 -0.475238 1.379049
-0.315688 -0.466968 1.378890
-0.315688 -0.466968 1.378890
-0.296932 -0.354637 1.309058
-0.316423 -0.453143 1.389407
-0.301619 -0.486348 1.332235
-0.290171 -0.379476 1.290552
-0.327898 -0.449008 1.450815
-0.307771 -0.463506 1.385213
-0.307339 -0.404189 1.392796
-0.304912 -0.412280 1.390635
-0.312962 -0.481026 1.426777
-0.320449 -0.511380 1.468079
-0.335038 -0.477944 1.532381
-0.293645 -0.382883 1.358178
-0.315475 -0.472267 1.458194
-0.322104 -0.511906 1.500620
-0.330327 -0.509826 1.546254
-0.291957 -0.476129 1.412232
-0.299866 -0.489714 1.470131
-0.270522 -0.384754 1.338391
-0.326189 -0.554915 1.627616
-0.205768 -0.125285 1.093985
-0.248922 -0.430096 1.428612
-0.235609 -0.300250 1.390219
-0.263686 -0.479877 1.551716
-0.256900 -0.494097 1.540820
-0.158652 -0.089139 1.029181
-0.243362 -0.466245 1.518229
-0.166356 -0.443575 1.077148
-0.219255 -0.478147 1.426244
-0.208516 0.165553 1.386734
-0.191998 0.084377 1.287595
-0.186912 -0.280791 1.255742
-0.218812 0.208348 1.458900
-0.157870 -0.127876 1.088962
-0.151674 -0.096737 1.055550
-0.219988 0.294494 1.488813
-0.200755 0.115787 1.368385
-0.203652 0.150566 1.389981
-0.203652 0.150566 1.389981
-0.206453 0.222869 1.423164
-0.230016 -0.535345 1.561050
-0.191249 -0.275505 1.339435
-0.233463 -0.564530 1.601456
-0.238649 -0.547778 1.635725
-0.170098 0.056063 1.233139
-0.179038 0.093385 1.291797
-0.161559 0.077853 1.228461
-0.217177 -0.572145 1.620614
-0.153741 0.046612 1.223364
-0.217093 0.416226 1.695719
-0.136879 -0.134384 1.128372
-0.150829 0.052312 1.255430
-0.111896 -0.295030 0.964994
-0.121453 -0.388673 1.035376
-0.216284 -0.611591 1.722838
-0.115153 -0.260015 0.996924
-0.214498 -0.564960 1.729734
-0.210289 -0.616554 1.725838
-0.115923 -0.288234 1.027080
-0.165327 -0.304657 1.456715
-0.197747 0.440898 1.735164
-0.189084 -0.590426 1.634575
-0.193117 0.432101 1.707228
-0.158673 -0.312106 1.442413
-0.105616 -0.273081 1.018173
-0.192641 -0.606978 1.723849
-0.093004 -0.306109 1.017565
-0.093004 -0.306109 1.017565
-0.116036 0.013497 1.238015
-0.137753 -0.323441 1.423447
-0.142454 -0.322415 1.468495
-0.095612 -0.023946 1.080362
-0.131681 -0.291907 1.418431
-0.107600 -0.007724 1.217511
-0.098879 -0.076594 1.140902
-0.151490 -0.384584 1.641605
-0.099301 -0.192311 1.160225
-0.133798 -0.325691 1.511328
-0.098290 -0.085970 1.181192
-0.102958 -0.199631 1.265506
-0.162195 -0.692150 1.908865
-0.162475 -0.712434 1.926339
-0.098650 -0.409905 1.263922
-0.096635 -0.007883 1.271071
-0.161149 -0.743095 1.942528
-0.081856 -0.127804 1.133366
-0.186642 -0.877380 2.283013
-0.106719 -0.328110 1.461138
-0.156195 -0.733460 2.022684
-0.139523 0.576713 1.900900
-0.151277 -0.735099 1.980815
-0.076608 -0.170686 1.137159
-0.089241 -0.477664 1.299354
-0.177768 -0.885459 2.361070
-0.128436 -0.703960 1.817576
-0.109154 -0.384091 1.621424
-0.104093 -0.357622 1.564579
-0.004683 0.090514 0.329865
-0.159092 -0.876809 2.338942
-0.060645 -0.107634 1.106057
-0.067255 -0.159402 1.200877
-0.064947 -0.236118 1.177182
-0.096603 -0.387907 1.638085
-0.188007 -1.143511 2.950699
-0.079460 -0.463491 1.416002
-0.064895 -0.238431 1.219185
-0.060396 -0.080262 1.213653
-0.069160 -0.214167 1.415714
-0.050229 -0.274092 1.114598
-0.050519 -0.149639 1.152414
-0.169801 -1.155036 3.071573
-0.061414 -0.188760 1.338940
-0.079000 -0.365607 1.638064
-0.073097 -0.373871 1.637424
-0.069011 -0.382787 1.605986
-0.117980 -0.997978 2.628845
-0.044220 -0.234422 1.280186
-0.046685 -0.449300 1.333964
-0.042446 -0.427258 1.299475
-0.037567 -0.131209 1.229402
-0.041562 -0.390579 1.304864
-0.038100 -0.341214 1.277292
-0.034505 -0.163730 1.267583
-0.033299 -0.154852 1.262061
-0.047225 0.692292 2.096441
-0.123137 -1.656846 4.339836
-0.019588 -0.155435 1.226727
-0.021843 -0.223647 1.345019
-0.042331 -0.724521 1.962266
-0.026975 -0.487461 1.496643
-0.023460 -0.281777 1.435459
-0.106064 -1.604463 4.221443
-0.015972 -0.397457 1.202401
-0.030545 0.673162 2.044106
-0.020233 -0.319572 1.466838
-0.020233 -0.319572 1.466838
-0.020154 -0.305928 1.470237
-0.020154 -0.305928 1.470237
-0.016330 -0.448063 1.297901
-0.013773 -0.196428 1.264176
-0.025966 -0.478785 1.706969
-0.018175 -0.324723 1.501789
-0.018143 -0.396261 1.528835
-0.012645 -0.251162 1.378229
-0.007514 -0.153267 1.168802
-0.021303 0.685046 2.088799
-0.016347 -0.418850 1.630670
-0.005591 -0.093359 1.196331
-0.016446 -0.453906 1.864096
-0.008635 -0.317262 1.489138
-0.011457 -0.432934 1.752588
-0.007288 -0.439605 1.600890
-0.007911 -0.441147 1.765001
0.002552 -0.213989 1.302169
-0.004627 -0.675580 1.868821
-0.000718 -0.585105 2.008293
-0.000641 -0.830357 2.273304
-0.003600 -1.062790 2.760928
0.005276 -0.537688 1.754057
0.006583 -0.531972 1.715429
0.006583 -0.531972 1.715429
0.012222 0.391172 2.022659
0.008639 -0.579117 1.741150
0.012233 -0.283559 1.282850
0.011521 -0.480947 1.772286
0.021293 0.267089 1.474435
0.027359 0.732899 2.132919
0.027359 0.732899 2.132919
0.019099 -0.741451 1.927987
0.022430 -0.468661 1.907198
0.024888 -1.132237 3.114433
0.023408 -0.471900 1.794565
0.024116 -0.470408 1.849932
0.032172 -0.508342 1.856051
0.037141 -0.615141 1.837359
0.039023 -0.461548 1.796111
0.037838 0.214099 1.246294
0.045743 0.286013 1.725948
0.046039 -0.532944 1.705669
0.058207 -0.483939 1.902262
0.062751 0.349612 1.851136
0.048119 -0.286899 1.325796
0.055299 -0.555812 1.671195
0.064390 -0.524338 2.029643
0.064390 -0.524338 2.029643
0.046628 -0.242027 1.236447
0.066741 0.330302 1.834290
0.050943 -0.193318 1.256368
0.072226 -0.523139 2.023440
0.066322 0.287451 1.654022
0.076732 -0.551289 2.014959
0.081189 0.369588 1.959318
0.096059 -0.599079 2.254803
0.062945 -0.164210 1.225495
0.105659 0.740671 2.163820
0.089140 -0.528294 1.903820
0.066172 -0.178813 1.265077
0.093364 0.339799 1.836290
0.074177 -0.455533 1.460433
0.068423 -0.172223 1.258295
0.070773 -0.211309 1.237460
0.074975 -0.189668 1.235386
0.124653 0.700174 2.086708
0.124653 0.700174 2.086708
0.110089 -0.558201 1.942292
0.076417 -0.165047 1.211880
0.115151 -0.517633 2.002042
0.113596 -0.556902 1.965308
0.093048 -0.490424 1.480605
0.138835 -0.632732 2.336612
0.128981 -0.588356 2.037908
0.089324 -0.434023 1.280090
0.077864 -0.233558 1.045053
0.099021 -0.452593 1.394751
0.155430 0.745161 2.175476
0.128378 -0.540609 1.798707
0.180067 0.873535 2.462997
0.106642 -0.492694 1.429206
0.094009 -0.152878 1.200726
0.177994 -0.689177 2.523239
0.106892 -0.419746 1.362139
0.106892 -0.419746 1.362139
0.170627 -0.629955 2.271783
0.112149 -0.442394 1.396629
0.168964 -0.608790 2.189164
0.166884 0.667956 2.003566
0.184288 -0.662907 2.303527
0.107075 -0.147453 1.227591
0.192620 -0.643588 2.388523
0.226352 -0.716784 2.719552
0.202845 -0.657267 2.382052
0.215917 -0.707100 2.412716
0.190921 0.673560 1.999780
0.275675 -0.849139 3.094467
0.243796 -0.711476 2.671073
0.274738 -0.833362 2.990831
0.253734 -0.740004 2.738816
0.245150 -0.711301 2.634376
0.233646 -0.657804 2.499848
0.187653 -0.520389 1.971549
0.187653 -0.520389 1.971549
0.193275 -0.604643 2.012669
0.211085 0.690044 2.060014
0.293193 -0.814453 2.970704
0.297530 -0.771724 2.872571
0.296579 -0.772175 2.811526
0.119667 -0.342660 1.044846
0.143593 -0.152963 1.213380
0.446663 -1.139412 4.077592
0.398059 -1.056499 3.578890
0.250902 0.693547 2.103497
0.271918 0.765133 2.241442
0.357119 -0.899122 3.045200
0.348414 -0.884407 2.960722
0.362909 -0.927659 3.013181
0.445823 -1.081135 3.675747
0.463759 -1.070115 3.743284
0.414606 -0.883045 3.289759
0.479557 -1.070163 3.801265
0.144428 -0.395315 1.065605
0.441102 -1.026379 3.462927
0.434285 -0.938200 3.333529
0.169108 -0.160721 1.202302
0.177358 -0.051278 1.256897
0.171639 -0.152099 1.203383
0.675046 -1.474440 5.027112
0.466010 -0.921733 3.406322
0.591494 -1.195961 4.246857
0.298997 0.630079 2.030534
0.558777 -1.094592 3.989500
0.645979 -1.375916 4.573786
0.174527 -0.139554 1.153394
0.282179 0.588546 1.884868
0.282179 0.588546 1.884868
0.689996 -1.414618 4.886982
0.865487 -1.701691 6.088824
0.866951 -1.762441 5.878377
0.833314 -1.645215 5.568363
0.194602 -0.019209 1.206793
0.227076 -0.536079 1.440445
0.912553 -1.724607 6.016629
0.837359 -1.625972 5.484971
0.291445 0.545784 1.784233
0.788947 -1.431715 5.101174
0.284440 0.239045 1.710086
1.114514 -2.083836 7.055298
0.202756 -0.133181 1.184899
0.352515 0.572764 2.083933
0.294866 0.510053 1.728302
0.294866 0.510053 1.728302
0.917317 -1.663652 5.667799
1.013386 -1.772952 6.250898
0.204934 -0.136251 1.180080
0.878440 -1.426327 5.108090
0.302533 0.487387 1.666613
0.352385 0.538994 1.856405
0.329632 0.482990 1.724798
0.314291 0.466725 1.638442
0.228415 -0.136724 1.184798
0.235448 -0.131020 1.195670
0.315339 0.462942 1.568701
0.303446 -0.534348 1.497475
0.334870 -0.602338 1.641543
0.355046 -0.619371 1.720042
0.308063 -0.553383 1.483461
0.280283 -0.498503 1.311481
0.268152 -0.072830 1.186549
0.354408 -0.606607 1.600322
0.345703 -0.581074 1.559331
0.288847 -0.112699 1.253578
0.317004 -0.092987 1.360062
0.345163 -0.537374 1.496404
0.326764 0.246991 1.372512
0.660696 -1.108856 2.867512
0.413244 -0.674764 1.772650
0.363049 0.299285 1.497841
0.363049 0.299285 1.497841
0.669570 -1.063928 2.829878
1.314407 -1.507444 5.573121
0.367570 0.303801 1.493802
0.454565 0.604258 1.848603
0.445742 0.489796 1.787568
0.312540 -0.477302 1.263265
0.358057 0.324695 1.404012
0.477664 0.620754 1.868647
0.301974 -0.458122 1.186450
0.864463 -0.906994 3.424481
1.803119 -1.678013 7.106138
1.757448 -1.968024 6.903461
2.168050 -1.995824 8.431391
2.357735 -2.280291 9.055252
1.856232 -1.726072 7.113592
1.572610 -1.483037 6.011363
0.348001 -0.121900 1.279972
1.833763 -1.645294 6.932639
0.418654 0.425829 1.505740
0.459499 0.479618 1.652235
2.494464 -2.149006 9.180355
2.500598 -2.454948 9.208135
0.520205 0.612139 1.825983
0.889455 -0.896403 3.191493
0.445175 0.393276 1.537499
0.445175 0.393276 1.537499
0.460000 0.450383 1.587815
0.358464 -0.118024 1.243325
0.505440 0.507835 1.732626
0.505440 0.507835 1.732626
1.564367 -1.481773 5.474746
0.460025 0.457125 1.554863
0.478759 0.464350 1.591042
0.400959 -0.119223 1.264386
0.398548 -0.132291 1.256568
2.548726 -1.794968 8.154833
0.410356 -0.113600 1.270900
0.392015 -0.103888 1.207851
0.423309 -0.053734 1.293900
0.383287 -0.104006 1.165621
0.390859 -0.121672 1.187649
0.458463 0.328112 1.370948
0.426837 -0.138625 1.280741
0.402950 -0.117560 1.206407
0.444699 -0.148542 1.328613
0.428512 -0.133564 1.275386
0.420688 -0.123447 1.248814
0.414356 -0.086950 1.212865
0.429322 -0.134363 1.257185
0.429322 -0.134363 1.257185
0.427851 -0.128483 1.251745
0.377290 -0.014591 1.086138
0.402475 -0.108539 1.162404
0.427617 -0.127738 1.233574
0.509607 -0.430975 1.469116
0.542534 0.452678 1.535425
0.573980 -0.371782 1.640116
0.660696 -0.329895 1.887306
0.641106 -0.410749 1.831251
0.440173 0.263810 1.233572
0.387401 -0.022873 1.088705
0.380057 -0.052916 1.067522
0.608357 -0.398820 1.728099
0.598331 -0.415563 1.698519
0.472918 0.271966 1.316614
0.472918 0.271966 1.316614
0.558762 -0.389188 1.570349
0.568282 -0.381622 1.579875
0.539450 -0.347224 1.496148
0.561592 -0.366684 1.552986
0.521791 -0.312156 1.438249
0.590864 -0.358190 1.626166
0.430173 -0.142274 1.171075
0.616281 -0.380531 1.683336
0.436700 0.297392 1.165023
0.460195 -0.108581 1.216649
0.592841 -0.346450 1.574674
0.482937 -0.367835 1.276400
0.493676 -0.164584 1.297401
0.533219 0.426145 1.377424
0.602935 -0.425641 1.560410
0.577240 -0.449484 1.493458
0.502770 -0.306826 1.294421
0.487016 -0.296618 1.252638
0.568639 -0.406691 1.462958
0.531127 -0.360591 1.363010
0.553341 -0.352059 1.416971
0.631978 -0.362112 1.616080
0.473108 -0.073211 1.198464
0.500203 -0.149700 1.267157
0.454057 -0.349208 1.153144
0.611103 -0.458496 1.550651
0.611103 -0.458496 1.550651
0.579075 -0.417777 1.467202
0.530482 -0.094570 1.330489
0.742747 0.484544 1.853993
0.703932 0.303139 1.759765
0.532996 -0.158094 1.337385
0.591439 -0.348215 1.489142
0.650245 0.397448 1.619590
0.509436 0.381457 1.263472
0.616361 -0.363665 1.551149
0.665423 0.422920 1.655338
0.665423 0.422920 1.655338
0.517172 -0.147541 1.288010
0.650318 -0.494498 1.629875
1.380412 -0.736235 3.468909
0.493597 -0.136910 1.223119
0.778487 0.521946 1.919202
0.467824 -0.125566 1.157508
0.740300 0.437586 1.820620
0.643229 -0.504505 1.598199
0.627261 -0.341895 1.552706
0.508953 -0.144154 1.248928
0.492997 -0.088672 1.204654
0.495889 -0.134975 1.212095
0.513293 -0.080651 1.249483
0.665874 -0.520331 1.629045
0.480635 -0.133166 1.159648
0.642015 -0.487185 1.556395
0.541624 -0.165252 1.304443
0.537025 -0.381029 1.291957
0.469647 -0.115389 1.118347
0.506395 -0.086942 1.198741
0.514328 -0.198229 1.219337
0.593636 -0.319342 1.410008
0.578256 -0.123116 1.366198
0.578256 -0.123116 1.366198
0.930560 0.667941 2.170434
1.016342 0.616407 2.353376
0.573147 -0.417602 1.325019
0.516237 -0.139664 1.183676
0.940883 0.649259 2.139373
0.632382 -0.229934 1.444090
0.541165 -0.181061 1.224865
0.813021 -0.573513 1.851772
0.821595 0.543055 1.829115
0.602559 -0.121021 1.349618
0.612951 -0.422068 1.374296
0.567130 -0.121846 1.256859
1.170225 0.798406 2.545290
0.668680 0.435033 1.450743
0.600792 -0.122038 1.312748
0.600792 -0.122038 1.312748
0.538630 -0.174692 1.174445
0.559346 -0.202182 1.210773
0.883053 -0.586384 1.919341
0.618796 -0.145476 1.332724
0.700741 -0.230714 1.510284
0.603121 -0.114285 1.282805
0.568680 -0.176850 1.209809
1.159564 0.879294 2.431554
0.347486 -0.223433 0.732882
0.663579 -0.214590 1.393001
0.565410 -0.171423 1.177873
0.576805 -0.208411 1.192642
0.591020 -0.188176 1.216093
0.564234 -0.185073 1.148332
0.611296 -0.221067 1.226377
0.713969 -0.151425 1.422555
0.593122 -0.180825 1.173911
0.548082 -0.144288 1.078432
0.634209 -0.194856 1.242503
0.620810 -0.205376 1.216291
0.694467 -0.228798 1.359531
0.590011 -0.122638 1.149465
0.637525 -0.121880 1.233466
0.661066 -0.135601 1.270385
0.594476 -0.193437 1.135938
0.594476 -0.193437 1.135938
0.635944 -0.213765 1.212363
0.631583 -0.179907 1.203226
0.636478 -0.122617 1.209474
0.651409 -0.132980 1.231935
0.604929 -0.134019 1.143867
0.509929 -0.158188 0.963477
0.462314 0.100019 0.867002
0.640430 -0.136053 1.198052
0.578356 -0.145276 1.077829
0.600138 -0.117861 1.112423
0.531785 -0.193982 0.978197
0.531463 -0.188374 0.965434
0.538425 -0.166774 0.973229
0.575583 -0.181560 1.036259
0.474536 0.037128 0.846442
0.454017 -0.177203 0.805538
0.609435 -0.167450 1.054288
0.490750 -0.057656 0.846244
0.590814 -0.000966 1.016308
0.524399 -0.189081 0.903412
0.433691 -0.224709 0.740445
0.177257 -0.061602 0.301561
0.502643 -0.038599 0.845287
0.460502 -0.048376 0.774147
1.047667 -0.245925 1.756618
0.560346 -0.003783 0.921042
0.467050 -0.101071 0.768421
0.501357 -0.072471 0.823267
0.519178 -0.013300 0.849963
0.488152 -0.020322 0.799095
0.474084 -0.039074 0.774998
0.620366 -0.124042 1.012054
0.441548 -0.092991 0.714855
0.466574 -0.142241 0.751205
0.448908 -0.134314 0.721411
0.459274 -0.015802 0.734285
0.529451 0.150997 0.821263
0.471928 -0.043751 0.725748
0.561708 0.059530 0.860509
0.455079 -0.032026 0.693738
0.473491 -0.036120 0.688815
-0.033449 -0.032924 0.139021
-0.032983 -0.029139 0.140269
-0.031671 -0.041189 0.149259
-0.031528 -0.042159 0.150235
-0.030545 -0.028056 0.144878
-0.029714 -0.041092 0.152559
-0.028612 -0.039558 0.156853
-0.026296 -0.043753 0.157687
-0.025314 -0.045059 0.159969
-0.024414 -0.037101 0.158358
-0.023246 -0.044981 0.164330
-0.022339 -0.033739 0.158602
-0.019945 -0.027318 0.157848
-0.020486 -0.047067 0.169836
-0.016746 -0.027951 0.161135
-0.016334 -0.033405 0.165401
-0.014793 -0.036243 0.169171
-0.013732 0.023123 0.144098
-0.013306 -0.032133 0.165343
-0.011119 0.017376 0.153921
-0.008471 0.014655 0.154683
-0.003777 -0.074970 0.215828
-0.003203 -0.072930 0.215255
-0.003025 -0.074297 0.216000
-0.003669 0.011788 0.166010
-0.003669 0.011788 0.166010
0.000747 0.009088 0.171665
0.001814 0.011302 0.171382
0.023539 0.034782 0.148865
0.024861 0.033115 0.150370
0.044311 -0.053286 0.230228
0.046500 -0.052937 0.233176
0.039281 -0.026198 0.199534
0.027191 0.035607 0.149447
0.050703 -0.058616 0.239366
0.050914 -0.060908 0.237170
0.045606 -0.030131 0.208994
0.030573 0.034865 0.148557
0.046735 -0.024461 0.204787
0.049433 -0.029063 0.209125
0.058673 -0.059899 0.241522
0.056092 -0.051049 0.230456
0.057415 -0.052782 0.229357
0.036099 0.030628 0.155131
0.062040 -0.063765 0.241263
0.060447 -0.055733 0.234272
0.051337 -0.022529 0.200244
0.034608 0.041067 0.144673
0.053225 -0.018832 0.201144
0.033479 0.047076 0.138575
0.037840 0.029847 0.150883
0.040106 0.027571 0.155995
0.067765 -0.060272 0.239625
0.035370 0.047139 0.138764
0.053010 -0.007155 0.187445
0.048848 0.005834 0.174943
0.066568 -0.048791 0.227184
0.039809 0.037064 0.147817
0.057487 -0.013669 0.194316
0.061761 -0.026025 0.205285
0.046051 0.021514 0.159691
0.077064 -0.071003 0.246882
0.059576 -0.018043 0.197179
0.044203 0.027320 0.153709
0.075719 -0.065786 0.239700
0.072115 -0.053084 0.229234
0.042241 0.041561 0.146235
0.042241 0.041561 0.146235
0.071698 -0.048726 0.227268
0.071698 -0.048726 0.227268
0.073776 -0.058850 0.232519
0.070324 -0.043864 0.221949
0.045251 0.029450 0.153012
0.070850 -0.046014 0.222819
0.053024 0.006402 0.174056
0.072420 -0.050780 0.226726
0.051344 0.013366 0.169152
0.067228 -0.034242 0.211300
0.058442 -0.003904 0.185569
0.067358 -0.031816 0.209253
0.071006 -0.038234 0.218084
0.062520 -0.015993 0.195405
0.079921 -0.065681 0.240549
0.079921 -0.065681 0.240549
0.074341 -0.054235 0.225550
0.062474 -0.014184 0.193407
0.062474 -0.014184 0.193407
0.081107 -0.070983 0.242085
0.049037 0.023600 0.157012
0.069891 -0.032189 0.209381
0.044002 0.041128 0.141151
0.063062 -0.010498 0.190230
0.054239 0.012876 0.166982
0.045590 0.037841 0.144538
0.051365 0.022351 0.158360
0.053553 0.015691 0.163899
0.073260 -0.040126 0.213672
0.082731 -0.068439 0.236859
0.071522 -0.029961 0.206027
0.080393 -0.060694 0.227874
0.064542 -0.008329 0.188205
0.071254 -0.029805 0.204718
0.067853 -0.019456 0.195521
0.066442 -0.011065 0.190157
0.068838 -0.015398 0.194435
0.067804 -0.013131 0.191799
0.060786 0.006933 0.174537
0.085157 -0.066943 0.232934
0.063157 0.001123 0.179382
0.070844 -0.023459 0.197411
0.066164 -0.006819 0.185380
0.051518 0.030422 0.149523
0.056561 0.020411 0.160003
0.079731 -0.048035 0.214138
0.061017 0.011473 0.167953
0.061017 0.011473 0.167953
0.065765 0.002599 0.178941
0.063113 0.007243 0.171706
0.063390 0.008924 0.172283
0.052274 0.036341 0.146058
0.053095 0.033249 0.147845
0.083307 -0.054070 0.217231
0.057752 0.022840 0.158417
0.057752 0.022840 0.158417
0.064173 0.005746 0.172952
0.072373 -0.019695 0.191550
0.079961 -0.041073 0.208816
0.064238 0.008585 0.170814
0.063234 0.009447 0.168267
0.093361 -0.075426 0.236297
0.070325 -0.011533 0.184213
0.081967 -0.045870 0.205453
0.075582 -0.022784 0.189117
0.058708 0.027447 0.152306
0.076564 -0.020296 0.191045
0.064561 0.015163 0.163946
0.060897 0.023838 0.154574
0.075717 -0.017192 0.185662
0.087129 -0.049862 0.209053
0.057049 0.039452 0.143967
0.073081 -0.005538 0.175608
0.069298 0.008187 0.166923
0.061261 0.028999 0.150168
0.079415 -0.022467 0.184367
0.067358 0.014421 0.158055
0.064256 0.027171 0.150148
0.083395 -0.030869 0.184395
0.081011 -0.024683 0.177944
0.081011 -0.024683 0.177944
0.074973 -0.001567 0.165956
0.063211 0.036640 0.139031
0.067462 0.027781 0.145079
0.070942 0.018087 0.151262
0.067105 0.034101 0.142194
0.088895 -0.030102 0.179880
-0.021811 -0.065601 0.183794
-0.020131 -0.065734 0.183932
-0.020315 -0.064026 0.184652
-0.018825 -0.069347 0.184655
-0.018713 -0.070486 0.184905
-0.018360 -0.070734 0.183274
-0.018967 -0.068437 0.185187
-0.016036 -0.071111 0.186097
-0.014851 -0.073800 0.187023
-0.012778 -0.073746 0.188428
-0.012841 -0.068524 0.189657
-0.011410 -0.068929 0.189549
-0.011410 -0.068929 0.189549
-0.010361 -0.073291 0.189380
-0.010340 -0.071679 0.191359
-0.017309 -0.018213 0.201831
-0.008718 -0.073155 0.189986
-0.008054 -0.074052 0.190336
-0.007946 -0.070538 0.190683
-0.007377 -0.075150 0.190565
-0.007389 -0.074220 0.190191
-0.013558 -0.019795 0.200851
-0.014378 -0.014780 0.203060
-0.006639 -0.066304 0.192345
-0.005145 -0.078133 0.191670
-0.004810 -0.076832 0.191135
-0.020614 0.045000 0.211142
-0.020268 0.042364 0.213632
-0.018708 0.032184 0.211462
-0.011289 -0.019935 0.203275
-0.012097 -0.012807 0.203670
-0.017929 0.034613 0.211638
-0.011046 -0.016952 0.203422
-0.018074 0.036810 0.212861
-0.003495 -0.072675 0.194543
-0.017087 0.031407 0.213305
-0.004348 -0.062828 0.192558
-0.018853 0.047083 0.215100
-0.017083 0.033352 0.212987
-0.002643 -0.074743 0.192278
-0.017649 0.041190 0.212892
-0.016858 0.034958 0.212449
-0.017012 0.038322 0.213452
-0.003609 -0.064054 0.193879
-0.017611 0.044452 0.214314
-0.002276 -0.073516 0.194005
-0.009950 -0.013115 0.204149
-0.017018 0.043067 0.213737
-0.002401 -0.071021 0.195314
-0.001810 -0.067987 0.195464
-0.016122 0.044720 0.215182
-0.016384 0.048163 0.214035
-0.008360 -0.014967 0.205124
-0.002037 -0.063665 0.196938
-0.014825 0.038327 0.213216
-0.002136 -0.060941 0.195070
-0.014504 0.035087 0.215014
-0.001468 -0.064305 0.194016
-0.015149 0.045507 0.213630
-0.015425 0.050656 0.214093
-0.014137 0.044841 0.213991
-0.000035 -0.070244 0.197768
-0.013425 0.041557 0.215057
0.001057 -0.073728 0.193942
0.001196 -0.075400 0.194803
-0.013841 0.049003 0.214757
-0.012213 0.045965 0.211870
0.002481 -0.069371 0.196333
-0.011541 0.047779 0.214949
0.002060 -0.061706 0.195706
-0.010367 0.048371 0.214846
0.003686 -0.066996 0.196432
0.004057 -0.070405 0.197344
-0.007742 0.039261 0.215744
0.005428 -0.071018 0.196897
0.004680 -0.063362 0.196380
-0.006593 0.035054 0.213622
0.005966 -0.072735 0.196157
0.005530 -0.066956 0.199151
0.006442 -0.072294 0.197436
-0.006710 0.043318 0.215603
0.005797 -0.064963 0.197654
0.007237 -0.072428 0.197453
-0.000573 0.000485 0.210932
0.000537 -0.000296 0.209799
0.008619 -0.072037 0.197849
0.000021 0.006778 0.209613
0.009295 -0.075270 0.197787
0.008956 -0.070364 0.196730
0.009516 -0.072931 0.197618
0.001541 0.001636 0.211779
0.000315 0.013342 0.213062
0.000315 0.013342 0.213062
0.002965 -0.000626 0.211346
0.002086 0.008340 0.212110
0.011180 -0.075108 0.197729
0.010587 -0.069239 0.198740
0.011112 -0.072216 0.199482
0.011537 -0.075678 0.197196
0.004173 0.004011 0.210885
0.004173 0.004011 0.210885
0.004173 0.004011 0.210885
0.005736 -0.004194 0.209295
0.004827 0.007490 0.212780
0.005900 -0.001925 0.211099
0.012328 -0.061741 0.198628
0.006880 -0.007580 0.210689
0.013747 -0.070673 0.199285
0.006624 0.001111 0.211926
0.007437 -0.004620 0.212449
0.014599 -0.072198 0.199145
0.007616 0.003001 0.212567
0.007548 0.005031 0.209316
0.008652 -0.003370 0.212628
0.015039 -0.065737 0.199222
0.009375 -0.008245 0.211001
0.014561 -0.060102 0.199033
0.015348 -0.059054 0.200333
0.016580 -0.070951 0.199684
0.010285 -0.006206 0.210808
0.017348 -0.077094 0.200672
0.017452 -0.075483 0.199296
0.016276 -0.062777 0.200912
0.016476 -0.060570 0.199742
0.011378 -0.003622 0.212925
0.011378 -0.003622 0.212925
0.016867 -0.059850 0.202499
0.017063 -0.061342 0.199507
0.018542 -0.071062 0.200114
0.018110 -0.066358 0.200238
0.017471 -0.056580 0.200613
0.017953 -0.060499 0.200607
0.017807 -0.053923 0.201782
0.020712 -0.072031 0.200514
0.020712 -0.072031 0.200514
0.020238 -0.067566 0.199827
0.021944 -0.071463 0.200855
0.022499 -0.070506 0.200646
0.022759 -0.073183 0.200174
0.024064 -0.065055 0.200093
0.027399 -0.068553 0.201491
0.032258 -0.072828 0.204538
0.032886 -0.077090 0.202234
0.032886 -0.077090 0.202234
0.033149 -0.071190 0.205305
0.035273 -0.075476 0.201509
0.036682 -0.075123 0.202193
0.037056 -0.071309 0.203544
0.038014 -0.076431 0.203883
0.038270 -0.068903 0.204637
0.038270 -0.068903 0.204637
0.038463 -0.073010 0.201672
0.038755 -0.072605 0.202545
0.039533 -0.075860 0.202178
0.040594 -0.075597 0.202476
0.040858 -0.069013 0.204426
0.040940 -0.065729 0.204949
0.040940 -0.065729 0.204949
0.041415 -0.069316 0.203345
0.041859 -0.062128 0.205350
0.042680 -0.061820 0.202609
0.042903 -0.061730 0.202716
0.044646 -0.072083 0.203435
0.044548 -0.067433 0.204703
0.044548 -0.067433 0.204703
0.045507 -0.063438 0.205368
0.045286 -0.056711 0.202793
0.046325 -0.063413 0.203654
0.047013 -0.055013 0.203458
0.048457 -0.066209 0.204317
0.048457 -0.066209 0.204317
0.050272 -0.061746 0.202500
0.051068 -0.056766 0.204917
0.052062 -0.062225 0.204038
0.052526 -0.066625 0.204491
0.052304 -0.063863 0.203791
0.053432 -0.067687 0.204859
0.053311 -0.065559 0.204143
0.052592 -0.057206 0.203577
0.054358 -0.062111 0.203621
0.052890 -0.047934 0.202029
0.054150 -0.055126 0.204209
0.052855 -0.031332 0.201424
0.055247 -0.052887 0.203968
0.053933 -0.035420 0.204260
0.053552 -0.034367 0.202547
0.055904 -0.054254 0.204677
0.055434 -0.049984 0.201637
0.057804 -0.062318 0.202546
0.058064 -0.063402 0.202903
0.057045 -0.040895 0.205031
0.057820 -0.057475 0.202541
0.057338 -0.046855 0.202145
0.055642 -0.038678 0.197670
0.057992 -0.048738 0.202182
0.056667 -0.032170 0.201836
0.058317 -0.046503 0.202412
0.057690 -0.041232 0.201492
0.059179 -0.055248 0.201956
0.059457 -0.056575 0.202325
0.057981 -0.039538 0.201507
0.059449 -0.053870 0.202332
0.057534 -0.034665 0.200469
0.058147 -0.041351 0.200663
0.059206 -0.044565 0.202486
0.059206 -0.044565 0.202486
0.059950 -0.051168 0.202736
0.058557 -0.037575 0.201245
0.059506 -0.045743 0.202460
0.059506 -0.045743 0.202460
0.059917 -0.050565 0.202250
0.059653 -0.046661 0.202186
0.060088 -0.049438 0.203037
0.060088 -0.049438 0.203037
0.060330 -0.051481 0.202395
0.059141 -0.042360 0.200502
0.060194 -0.049975 0.202098
0.059132 -0.036547 0.201690
0.059539 -0.038620 0.200969
0.061319 -0.055704 0.202434
0.061958 -0.057945 0.202487
0.062627 -0.064248 0.203029
0.052019 0.048718 0.192857
0.061124 -0.036971 0.201620
0.061280 -0.038038 0.201400
0.062722 -0.051015 0.201884
0.063330 -0.057942 0.201717
0.061168 -0.032377 0.200707
0.061168 -0.032377 0.200707
0.062782 -0.047197 0.200704
0.062325 -0.035269 0.199923
0.063315 -0.046836 0.200372
0.063314 -0.043157 0.200705
0.065471 -0.062343 0.202260
0.063396 -0.041006 0.200468
0.063234 -0.042115 0.199234
0.063234 -0.042115 0.199234
0.064341 -0.049620 0.200446
0.063043 -0.031210 0.199800
0.063524 -0.037392 0.199601
0.064983 -0.047327 0.200347
0.062935 -0.025057 0.198590
0.064689 -0.039432 0.200846
0.063890 -0.029209 0.200182
0.063890 -0.029209 0.200182
0.065057 -0.045197 0.199720
0.064894 -0.043135 0.198864
0.066717 -0.047372 0.201339
0.065196 -0.032632 0.199611
0.065196 -0.032632 0.199611
0.066495 -0.049849 0.198657
0.065310 -0.027619 0.199513
0.067148 -0.047838 0.199988
0.067268 -0.047266 0.199393
0.065834 -0.029670 0.198698
0.065834 -0.029670 0.198698
0.067669 -0.051854 0.198571
0.068174 -0.050170 0.199268
0.067578 -0.045060 0.197786
0.067615 -0.045117 0.197860
0.069000 -0.050652 0.199605
0.069246 -0.049711 0.199676
0.069247 -0.043183 0.198631
0.068737 -0.036640 0.197788
0.069543 -0.044951 0.196997
0.070618 -0.043762 0.199371
0.071966 -0.053412 0.201123
0.070460 -0.041621 0.197958
0.067570 -0.006775 0.195877
0.066779 -0.004280 0.193975
0.069218 -0.026613 0.196268
0.067311 0.000243 0.193643
0.067548 -0.004353 0.193267
0.069613 -0.021214 0.195416
0.071407 -0.036669 0.197620
0.070573 -0.027750 0.196417
0.072078 -0.044628 0.197123
0.072984 -0.054363 0.197554
0.073215 -0.050782 0.198685
0.072622 -0.046978 0.197439
0.070635 -0.023793 0.195999
0.072779 -0.045737 0.197865
0.070782 -0.021862 0.195726
0.070327 -0.019230 0.194700
0.070783 -0.024689 0.194792
0.068540 0.000604 0.192504
0.071502 -0.019252 0.196797
0.072802 -0.038892 0.196607
0.073703 -0.047129 0.197041
0.072203 -0.028539 0.195803
0.071899 -0.024220 0.195353
0.069428 -0.004492 0.191990
0.070017 -0.002631 0.193366
0.070979 -0.012015 0.194234
0.073277 -0.035744 0.196201
0.072757 -0.032809 0.195259
0.072336 -0.025463 0.194717
0.075126 -0.049529 0.197665
0.071206 -0.013151 0.193327
0.069965 -0.000392 0.192081
0.070402 -0.005585 0.192086
0.072551 -0.023759 0.194545
0.075602 -0.054233 0.197374
0.074635 -0.046401 0.195981
0.072879 -0.025512 0.193505
0.069783 0.006572 0.190673
0.075946 -0.047572 0.197070
0.077815 -0.068655 0.198323
0.072578 -0.012291 0.193409
0.075872 -0.048993 0.195823
0.078002 -0.069261 0.197450
0.073900 -0.022724 0.194318
0.075721 -0.040774 0.195823
0.070273 0.009528 0.189348
0.077912 -0.062751 0.197130
0.075194 -0.028600 0.195616
0.076397 -0.044284 0.195771
0.070397 0.010953 0.188858
0.075640 -0.034138 0.194901
0.070800 0.007802 0.188217
0.073724 -0.016740 0.191783
0.077009 -0.044640 0.195742
0.079096 -0.067338 0.197316
0.074536 -0.021850 0.192718
0.071046 0.012563 0.188410
0.076987 -0.042411 0.194623
0.079256 -0.061802 0.196919
0.074926 -0.020390 0.192425
0.079237 -0.065908 0.196123
0.076748 -0.035514 0.194256
0.072562 0.001257 0.189076
0.076612 -0.035107 0.193581
0.074427 -0.005805 0.191555
0.074803 -0.010972 0.191647
0.072197 0.009930 0.188131
0.072197 0.009930 0.188131
0.077234 -0.029425 0.194289
0.074480 -0.009872 0.189808
0.081231 -0.069374 0.197577
0.073383 0.008288 0.189252
0.071850 0.007551 0.185040
0.078213 -0.038801 0.193906
0.075347 -0.011684 0.190619
0.071630 0.015432 0.185240
0.081596 -0.068510 0.197495
0.073747 0.002018 0.188485
0.078601 -0.038249 0.194498
0.073583 0.005676 0.187306
0.077274 -0.022373 0.192119
0.075383 -0.004049 0.189997
0.078161 -0.030618 0.192779
0.077747 -0.026836 0.191746
0.081886 -0.064760 0.195827
0.077307 -0.019815 0.191134
0.071780 0.013394 0.181942
0.078026 -0.025533 0.191598
0.076075 -0.008702 0.188859
0.072762 0.011082 0.183135
0.076718 -0.011453 0.189486
0.082613 -0.066139 0.195749
0.072726 -0.013718 0.177975
0.074511 0.007039 0.185907
0.077235 -0.017590 0.188959
0.078042 -0.018204 0.190545
0.076274 -0.005111 0.187796
0.077884 -0.017610 0.189748
0.073309 0.020831 0.183921
0.074021 0.012353 0.184188
0.073188 -0.020411 0.176236
0.079708 -0.028355 0.191470
0.072634 0.028243 0.182273
0.075587 0.009461 0.186055
0.073939 0.022553 0.183808
0.083896 -0.066866 0.194920
0.073927 0.021637 0.183290
0.078841 -0.017197 0.189418
0.079228 -0.016513 0.190341
0.073157 -0.016970 0.174859
0.078533 -0.012599 0.189146
0.073917 0.017878 0.181801
0.083826 -0.061021 0.194001
0.074103 -0.007715 0.177675
0.074615 0.012466 0.182055
0.076598 0.003533 0.185658
0.078126 -0.005491 0.187993
0.077574 -0.004769 0.186666
0.080191 -0.025098 0.189864
0.071702 0.037703 0.178076
0.074618 0.021937 0.182910
0.079457 -0.013299 0.189045
0.080937 -0.028305 0.190210
0.077857 0.001383 0.187040
0.073933 0.027067 0.181130
0.081204 -0.028978 0.190671
0.074744 -0.019394 0.175920
0.076449 0.009347 0.184496
0.075221 0.017831 0.182525
0.075329 0.015443 0.182283
0.077944 -0.001134 0.186198
0.078454 -0.001545 0.186654
0.079047 -0.001763 0.187907
0.080359 -0.015903 0.189021
0.074673 0.002579 0.177739
0.077750 0.006030 0.185275
0.081988 -0.030812 0.190103
0.075839 0.019252 0.181678
0.077716 0.004872 0.183865
0.079261 -0.003389 0.185924
0.077777 0.010217 0.184242
0.078799 0.000131 0.185051
0.078240 0.005697 0.184474
0.080670 -0.014594 0.187259
0.074519 -0.015500 0.172173
0.076606 0.016750 0.181809
0.075765 0.022142 0.180485
0.079568 -0.005741 0.185621
0.078369 0.004973 0.184079
0.080261 -0.008521 0.186665
0.079660 -0.004562 0.185507
0.081882 -0.024618 0.187697
0.078899 0.001899 0.184098
0.081355 -0.016715 0.187237
0.077126 0.016010 0.181652
0.076158 -0.016828 0.174399
0.081854 -0.018431 0.187577
0.076443 0.018657 0.179836
0.079676 0.001730 0.184922
0.079676 0.001730 0.184922
0.080814 -0.005845 0.186333
0.080752 -0.006431 0.185846
0.077410 0.017128 0.181162
0.079897 0.000659 0.183873
0.078930 0.007849 0.182287
0.081081 -0.007400 0.185140
0.076822 0.021756 0.178732
0.075679 0.033930 0.177680
0.074564 0.031861 0.174665
0.076300 -0.002761 0.173932
0.080168 0.003723 0.183867
0.078159 0.023756 0.181441
0.080395 -0.002973 0.182981
0.075107 0.035554 0.175765
0.087625 -0.061037 0.191735
0.082404 -0.015193 0.185641
0.077742 0.019831 0.179292
0.077447 0.031199 0.180070
0.078778 0.015656 0.180786
0.079790 0.008854 0.181869
0.082328 -0.010337 0.185004
0.077825 -0.014766 0.173631
0.077825 -0.014766 0.173631
0.078432 -0.012620 0.174923
0.078932 0.018522 0.180145
0.079239 0.023740 0.180921
0.077548 0.004159 0.174292
0.080180 0.005778 0.180625
0.076528 0.033506 0.175658
0.077851 -0.003541 0.172621
0.077985 0.001983 0.173592
0.078170 0.027426 0.177323
0.077969 -0.001921 0.172836
0.077968 -0.000117 0.171953
0.090036 -0.062949 0.191301
0.079836 0.018333 0.178428
0.078494 -0.003347 0.172460
0.078510 0.004881 0.173253
0.082557 0.003935 0.181879
0.083779 -0.009226 0.182902
0.083779 -0.009226 0.182902
0.083779 -0.009226 0.182902
0.081680 0.004778 0.179845
0.078811 0.028856 0.176262
0.079531 0.023489 0.176828
0.080837 0.011994 0.177793
0.078979 0.005247 0.172420
0.079985 0.021050 0.176443
0.079498 -0.000305 0.172438
0.091400 -0.063388 0.190989
0.079209 0.005830 0.172380
0.079060 0.031094 0.175076
0.080140 0.022279 0.176347
0.080302 0.039144 0.178599
0.080329 -0.003498 0.173267
0.079632 0.007447 0.172525
0.079632 0.007447 0.172525
0.081779 0.014593 0.178123
0.084815 -0.005275 0.182187
0.079758 0.043788 0.176900
0.079850 0.006521 0.172228
0.076314 0.046332 0.169250
0.080729 -0.002414 0.172979
0.082453 0.011633 0.178473
0.081849 0.016234 0.177627
0.079322 0.009380 0.170879
0.079628 0.011958 0.171868
0.080441 0.045778 0.177809
0.081846 0.015589 0.177155
0.080323 0.025197 0.174911
0.092965 -0.062832 0.191519
0.082175 0.016069 0.176999
0.080899 0.024394 0.175145
0.092929 -0.057674 0.191148
0.081546 -0.004633 0.172547
0.081546 -0.004633 0.172547
0.081518 -0.003859 0.172450
0.077902 0.040607 0.169828
0.093233 -0.066293 0.190295
0.081757 -0.005065 0.172494
0.080311 0.009057 0.170989
0.084516 0.003845 0.179412
0.087075 -0.015231 0.182562
0.081532 0.021833 0.174739
0.081598 0.023411 0.175053
0.081262 0.022226 0.174162
0.080886 0.026095 0.173794
0.083840 0.009408 0.177955
0.082655 -0.002093 0.173784
0.084796 0.004858 0.179111
0.077204 0.045439 0.167253
0.081994 0.021182 0.174748
0.077620 0.043525 0.167833
0.080784 0.015698 0.171262
0.081252 0.017155 0.172112
0.081074 0.014889 0.171253
0.081555 0.023932 0.173343
0.082264 0.038792 0.176558
0.086590 -0.012294 0.179855
0.086023 -0.005314 0.179088
0.081628 0.051036 0.176100
0.084463 0.005888 0.176863
0.082203 0.022880 0.173492
0.086280 -0.003930 0.179029
0.082745 0.009913 0.172722
0.082745 0.009913 0.172722
0.080346 0.030563 0.169975
0.086037 0.003688 0.178966
0.083803 0.002865 0.174102
0.086037 0.003688 0.178966
0.076457 0.053217 0.163807
0.082509 0.027662 0.173527
0.094527 -0.062190 0.188736
0.083934 0.016553 0.175155
0.079147 0.041228 0.167757
0.079147 0.041228 0.167757
0.094739 -0.064517 0.188830
0.081129 0.031824 0.170557
0.078379 0.045062 0.166160
0.077021 0.050744 0.163689
0.084857 0.007951 0.175046
0.084496 0.001131 0.173402
0.084702 -0.004086 0.172693
0.081297 0.030384 0.169233
0.084897 -0.000073 0.173379
0.085359 -0.007522 0.173352
0.087566 -0.002709 0.178345
0.083746 0.014423 0.171570
0.084600 0.006453 0.172404
0.083940 0.011640 0.171387
0.083248 0.048950 0.174009
0.082834 0.019571 0.169816
0.083395 0.026128 0.171516
0.088740 -0.005369 0.178322
0.085388 0.013203 0.173174
0.095860 -0.057759 0.187150
0.078537 0.048205 0.162360
0.096482 -0.063040 0.187384
0.082265 0.033176 0.168314
0.080939 0.041377 0.166176
0.085557 0.016439 0.172542
0.096410 -0.057883 0.186357
0.085373 0.017306 0.171546
0.081816 0.037862 0.166352
0.084087 0.026749 0.169640
0.085068 0.020704 0.170722
0.087186 0.002125 0.173033
0.083122 0.032666 0.167729
0.085634 0.021815 0.171506
0.082886 0.038579 0.167648
0.080574 0.045186 0.163327
0.078244 0.053937 0.159396
0.086200 0.015993 0.171529
0.085744 0.048012 0.173869
0.095653 -0.048030 0.183857
0.083147 0.052647 0.168831
0.096641 -0.057079 0.184793
0.081567 0.040242 0.164289
0.089654 -0.006035 0.175844
0.097266 -0.061243 0.185544
0.084934 0.026937 0.169657
0.079518 0.050401 0.161081
0.087156 0.015507 0.172684
0.097914 -0.063193 0.186086
0.078112 0.053200 0.157883
0.096031 -0.050028 0.183154
0.086867 0.016350 0.171379
0.089618 0.001843 0.174679
0.096719 -0.052293 0.183131
0.096828 -0.050741 0.183451
0.089855 0.001415 0.174726
0.081464 0.044665 0.161677
0.080453 0.048078 0.158549
0.084806 0.049661 0.167143
0.079726 0.053151 0.157063
0.081891 0.045421 0.160164
0.084705 0.032670 0.163713
0.099473 -0.058797 0.183672
0.090454 0.002324 0.171779
0.090454 0.002324 0.171779
0.084853 0.033611 0.163764
0.087132 0.021940 0.167000
0.098329 -0.051099 0.181496
0.098329 -0.051099 0.181496
0.088102 0.026955 0.168479
0.090971 0.002007 0.171341
0.099361 -0.052759 0.182135
0.085627 0.037595 0.163641
0.086601 0.057567 0.167103
0.099916 -0.055265 0.182120
0.086716 0.028251 0.164486
0.081023 0.050452 0.154677
0.082118 0.049248 0.156639
0.087304 0.050096 0.166572
0.081011 0.055000 0.154830
0.088853 0.033564 0.167637
0.100561 -0.051886 0.181775
0.086851 0.029263 0.162984
0.088792 0.047335 0.168125
0.089611 0.032425 0.168047
0.082104 0.048619 0.154341
0.087360 0.029977 0.162343
0.081511 0.054835 0.152952
0.089410 0.049770 0.167179
0.083098 0.046956 0.154939
0.090069 0.036940 0.167028
0.084427 0.040305 0.156610
0.101570 -0.054827 0.180186
0.088762 0.051271 0.164999
0.086156 0.036928 0.158784
0.090533 0.040517 0.167185
0.083151 0.049964 0.153546
0.102273 -0.050156 0.179859
0.085633 0.041723 0.156896
0.082118 0.052832 0.151159
0.090177 0.049548 0.165180
0.103386 -0.056107 0.180491
0.089016 0.057937 0.163494
0.089580 0.057214 0.164205
0.084969 0.043501 0.154434
0.084027 0.050065 0.153219
0.085380 0.043042 0.154723
0.083787 0.050510 0.152304
0.088431 0.033723 0.158949
0.082461 0.053439 0.149646
0.084673 0.047786 0.152505
0.087016 0.038382 0.154835
0.084287 0.050327 0.150855
0.086168 0.042897 0.153489
0.082966 0.052350 0.147294
0.085972 0.044846 0.150509
0.087924 0.043648 0.149796
0.086629 0.046725 0.147605
0.085660 0.050085 0.144281
0.089523 0.041917 0.147263
0.087768 0.048398 0.144137
0.087283 0.049533 0.142705
0.088258 0.047483 0.142211
0.110509 -0.052464 0.172011
0.092836 0.034794 0.146664
0.090006 0.043235 0.142425
0.090006 0.043235 0.142425
0.110173 -0.044331 0.168141
0.091841 0.040739 0.144069
0.110775 -0.046789 0.166900
0.110660 -0.045088 0.166055
0.090773 0.045621 0.140139
0.095187 0.033645 0.146102
0.093746 0.037170 0.144031
0.095266 0.032582 0.145699
0.090161 0.045398 0.138442
0.111805 -0.048348 0.166564
0.093487 0.036617 0.142822
0.093889 0.036039 0.142508
0.089609 0.048508 0.136597
0.112987 -0.048434 0.166765
0.093145 0.039049 0.140453
0.095200 0.034694 0.142981
0.113219 -0.047438 0.165750
0.094643 0.037137 0.141832
0.090481 0.046217 0.135670
0.114140 -0.047187 0.165454
0.091787 0.044167 0.136224
0.113589 -0.044746 0.163819
0.113887 -0.046317 0.163298
0.094585 0.038283 0.138120
0.092755 0.040713 0.135535
0.092447 0.045065 0.135275
0.094438 0.039813 0.137217
0.092938 0.042533 0.135121
0.114895 -0.046788 0.162815
0.094590 0.039793 0.135973
0.056877 -0.064284 0.254111
0.058020 -0.061558 0.255316
0.058135 -0.059344 0.254607
0.059053 -0.064937 0.255093
0.058767 -0.054405 0.253111
0.060826 -0.068164 0.256725
0.059659 -0.056089 0.256666
0.060632 -0.064131 0.255584
0.058978 -0.047416 0.252909
0.060865 -0.062125 0.257166
0.061752 -0.071177 0.256740
0.060282 -0.051781 0.256519
0.061652 -0.054018 0.256917
0.060291 -0.039451 0.254831
0.063228 -0.067156 0.258122
0.061668 -0.051631 0.256976
0.063918 -0.069490 0.259708
0.061670 -0.047326 0.256390
0.063633 -0.063849 0.259494
0.062584 -0.050677 0.257109
0.061563 -0.041032 0.255664
0.061871 -0.044948 0.254658
0.064752 -0.070547 0.258922
0.063329 -0.051501 0.256804
0.063329 -0.051501 0.256804
0.062207 -0.039372 0.255293
0.063339 -0.041279 0.256762
0.066536 -0.072274 0.259594
0.068040 -0.069329 0.260585
0.065802 -0.047432 0.255368
0.067836 -0.058834 0.260489
0.067836 -0.058834 0.260489
0.065387 -0.035078 0.257921
0.065387 -0.035078 0.257921
0.068237 -0.053854 0.259613
0.068237 -0.053854 0.259613
0.069192 -0.062168 0.259827
0.070041 -0.065830 0.263850
0.067796 -0.039929 0.259491
0.067796 -0.039929 0.259491
0.069138 -0.050230 0.259908
0.069440 -0.047446 0.260390
0.070748 -0.060043 0.260646
0.071120 -0.053374 0.260568
0.070974 -0.050509 0.258147
0.072358 -0.063606 0.257678
0.072976 -0.059817 0.262115
0.072979 -0.054199 0.263522
0.073480 -0.055593 0.261961
0.073891 -0.056954 0.262695
0.074817 -0.062632 0.263288
0.074181 -0.045506 0.263512
0.075818 -0.057514 0.264051
0.076026 -0.060692 0.263017
0.076000 -0.055481 0.264752
0.075519 -0.050431 0.264195
0.074657 -0.041594 0.261800
0.077916 -0.071329 0.264446
0.074897 -0.039010 0.261313
0.077403 -0.061101 0.264626
0.077329 -0.054059 0.264561
0.078522 -0.064238 0.264819
0.080287 -0.076189 0.267669
0.076792 -0.039891 0.263218
0.076535 -0.035266 0.262416
0.077239 -0.035095 0.262844
0.078318 -0.042652 0.264727
0.079101 -0.047171 0.265859
0.080982 -0.066793 0.266631
0.082155 -0.076716 0.267590
0.080696 -0.061410 0.265882
0.076909 -0.024133 0.262055
0.078987 -0.044253 0.263418
0.079351 -0.041126 0.264231
0.079635 -0.042637 0.265015
0.081755 -0.065796 0.264896
0.082362 -0.066847 0.266717
0.084243 -0.082147 0.269304
0.081255 -0.046528 0.267145
0.079324 -0.022203 0.263433
0.084976 -0.073555 0.269594
0.085148 -0.074942 0.267874
0.085148 -0.074942 0.267874
0.078760 -0.010789 0.260354
0.083885 -0.056150 0.267693
0.084688 -0.062034 0.268156
0.087033 -0.086186 0.269481
0.085979 -0.068819 0.270411
0.083051 -0.041320 0.266692
0.081509 -0.024546 0.264242
0.087862 -0.087791 0.269859
0.083729 -0.043348 0.266890
0.084116 -0.046501 0.267607
0.087443 -0.078351 0.271152
0.085022 -0.057484 0.267087
0.085644 -0.060006 0.268752
0.082549 -0.027387 0.265527
0.082116 -0.024279 0.264153
0.080842 -0.008814 0.262523
0.080871 -0.010414 0.261313
0.085325 -0.052126 0.266212
0.082507 -0.017783 0.264904
0.083265 -0.024691 0.264330
0.086589 -0.058602 0.266699
0.087686 -0.063275 0.269108
0.081370 -0.003955 0.261122
0.085240 -0.039353 0.265692
0.090177 -0.086824 0.271240
0.086468 -0.045046 0.268224
0.086346 -0.040544 0.269351
0.086346 -0.040544 0.269351
0.083138 -0.009736 0.263715
0.083361 -0.013452 0.262961
0.090802 -0.083990 0.271645
0.087494 -0.051086 0.267616
0.091423 -0.085612 0.271259
0.083309 -0.005386 0.261733
0.084782 -0.019661 0.263071
0.085698 -0.024692 0.263731
0.084834 -0.010648 0.264859
0.081001 0.021102 0.257744
0.085959 -0.020770 0.265595
0.086110 -0.018743 0.265575
0.081325 0.023090 0.257867
0.090893 -0.064545 0.270565
0.086421 -0.022209 0.264682
0.084241 -0.001047 0.262221
0.089383 -0.046133 0.269043
0.082210 0.018934 0.258720
0.085247 -0.011371 0.261539
0.093535 -0.087418 0.272315
0.085260 -0.006935 0.263177
0.089446 -0.039949 0.269875
0.086527 -0.013801 0.265008
0.082778 0.019760 0.258804
0.093805 -0.078694 0.273259
0.088573 -0.023127 0.266555
0.090852 -0.043513 0.269717
0.095203 -0.089726 0.272306
0.095203 -0.089726 0.272306
0.083881 0.021912 0.257967
0.083881 0.021912 0.257967
0.095458 -0.085572 0.272560
0.088194 -0.008857 0.265339
0.090363 -0.023766 0.268318
0.096119 -0.086602 0.270061
0.088410 -0.003660 0.264702
0.089145 -0.007635 0.266227
0.089597 -0.009494 0.265751
0.091153 -0.018633 0.267393
0.090485 -0.013340 0.264954
0.089871 -0.003393 0.265629
0.091264 -0.017350 0.266884
0.097190 -0.076455 0.272773
0.097190 -0.076455 0.272773
0.097886 -0.080115 0.274359
0.089910 -0.002430 0.265340
0.091436 -0.014212 0.267060
0.092021 -0.003902 0.266662
0.091655 0.000220 0.264719
0.092179 -0.000931 0.266184
0.093221 -0.009065 0.267146
0.094797 -0.020759 0.268760
0.091700 0.007609 0.263973
0.099818 -0.071852 0.272246
0.094074 -0.007555 0.268396
0.095616 -0.023494 0.269183
0.089162 0.035327 0.259638
0.095958 -0.027720 0.268148
0.090748 0.021993 0.261216
0.091322 0.020380 0.261968
0.092108 0.014754 0.263331
0.092849 0.006528 0.263756
0.089763 0.036806 0.258726
0.089372 0.042544 0.258333
0.094442 0.000894 0.266520
0.101716 -0.077145 0.271928
0.101716 -0.077145 0.271928
0.095077 -0.002853 0.267060
0.097241 -0.026009 0.268277
0.092072 0.024226 0.261776
0.090195 0.045122 0.257853
0.095217 0.001480 0.265179
0.096709 -0.007985 0.267484
0.093155 0.023970 0.262022
0.092430 0.027896 0.259384
0.092430 0.027896 0.259384
0.090804 0.046518 0.258282
0.092995 0.027272 0.260967
0.095907 0.002146 0.265259
0.094527 0.014870 0.263427
0.096793 -0.001032 0.266998
0.092397 0.035545 0.259778
0.094757 0.013881 0.262759
0.089834 0.059985 0.255065
0.105907 -0.082747 0.276763
0.104916 -0.072239 0.272870
0.094019 0.034711 0.260626
0.094019 0.034711 0.260626
0.098605 -0.007387 0.266557
0.097666 0.006927 0.266243
0.094656 0.034239 0.261437
0.089742 0.072503 0.252563
0.095794 0.026245 0.263355
0.088969 0.080928 0.251177
0.094051 0.044285 0.259399
0.099829 -0.000934 0.267921
0.107527 -0.081516 0.275166
0.093016 0.058290 0.257203
0.106939 -0.072817 0.274437
0.109262 -0.091945 0.277188
0.097627 0.024112 0.264610
0.096827 0.031854 0.263457
0.095878 0.037895 0.261182
0.095878 0.037895 0.261182
0.094877 0.045868 0.259453
0.091352 0.074917 0.253501
0.107546 -0.075681 0.274058
0.090553 0.083474 0.252032
0.093862 0.057439 0.257652
0.109825 -0.090032 0.278043
0.091049 0.080086 0.252690
0.097882 0.021550 0.262519
0.093714 0.060063 0.256344
0.098598 0.019860 0.263479
0.092790 0.072761 0.254849
0.100105 0.013183 0.265819
0.098691 0.025588 0.262915
0.092134 0.085421 0.254040
0.095222 0.056634 0.257605
0.092932 0.079290 0.254528
0.100447 0.017321 0.265081
0.094866 0.067644 0.257025
0.097528 0.039678 0.258971
0.110721 -0.076796 0.277116
0.101205 0.016354 0.266091
0.101205 0.016354 0.266091
0.099871 0.029948 0.264653
0.098883 0.036949 0.262315
0.095500 0.065665 0.257151
0.111413 -0.081938 0.277431
0.110432 -0.076244 0.274925
0.097215 0.051152 0.259417
0.096116 0.061379 0.257980
0.111575 -0.082600 0.277092
0.099076 0.041770 0.262379
0.099076 0.041770 0.262379
0.099076 0.041770 0.262379
0.094620 0.077083 0.254843
0.094941 0.070664 0.254040
0.098399 0.048502 0.261018
0.098569 0.049935 0.260694
0.097553 0.058577 0.259099
0.095324 0.076630 0.255445
0.100064 0.038253 0.262878
0.095749 0.075811 0.255472
0.096268 0.073928 0.255936
0.101102 0.035838 0.263888
0.103013 0.019442 0.266537
0.097904 0.061940 0.258515
0.100856 0.036545 0.262447
0.099472 0.049845 0.260500
0.106566 -0.009350 0.271045
0.103371 0.018665 0.266443
0.114384 -0.088094 0.279025
0.099989 0.047513 0.260738
0.112432 -0.072110 0.275429
0.104120 0.013921 0.267135
0.114203 -0.083607 0.278484
0.103035 0.024239 0.265313
0.103915 0.011871 0.264755
0.100323 0.050412 0.261090
0.098894 0.062015 0.258427
0.113826 -0.075193 0.277576
0.113223 -0.078544 0.274185
0.097960 0.072433 0.257086
0.102942 0.025950 0.263104
0.096730 0.078716 0.253640
0.102255 0.033527 0.262253
0.096393 0.084015 0.253532
0.097075 0.080150 0.255017
0.097363 0.080908 0.254768
0.097363 0.080908 0.254768
0.098547 0.074433 0.257130
0.115957 -0.090098 0.278099
0.102782 0.047388 0.264327
0.105522 0.021086 0.266332
0.107512 0.004006 0.268839
0.116108 -0.082595 0.277698
0.108841 -0.012508 0.268598
0.102913 0.048142 0.262349
0.103099 0.043267 0.261712
0.104857 0.028564 0.264228
0.116043 -0.081120 0.276530
0.101621 0.059100 0.259290
0.104549 0.036623 0.264062
0.104318 0.037378 0.263220
0.103785 0.045191 0.262432
0.101552 0.057638 0.257082
0.104674 0.042618 0.264924
0.107755 0.011615 0.267676
0.099251 0.084776 0.254798
0.116880 -0.074951 0.277557
0.104511 0.040132 0.261776
0.109830 -0.007882 0.268857
0.109830 -0.007882 0.268857
0.108045 0.011455 0.267533
0.100144 0.084268 0.256227
0.119169 -0.093342 0.279873
0.119546 -0.091104 0.280683
0.119546 -0.091104 0.280683
0.101407 0.079185 0.257810
0.100897 0.083359 0.256976
0.106246 0.039727 0.264660
0.106783 0.029514 0.263770
0.102242 0.072085 0.258078
0.111825 -0.013636 0.271085
0.103352 0.063933 0.259518
0.107071 0.034943 0.264837
0.111985 -0.009951 0.271261
0.101472 0.081968 0.255979
0.106349 0.046510 0.264656
0.101055 0.091194 0.255415
0.108374 0.033100 0.267216
0.112370 -0.006100 0.271369
0.111322 0.004928 0.269893
0.110585 0.010885 0.268242
0.110585 0.010885 0.268242
0.101010 0.096914 0.255256
0.112777 -0.012806 0.270017
0.104312 0.067214 0.259417
0.120309 -0.086056 0.278535
0.108412 0.033309 0.265371
0.103593 0.078237 0.259249
0.107887 0.040457 0.264889
0.109551 0.029157 0.267963
0.105241 0.061450 0.260168
0.111798 0.006248 0.269540
0.112586 -0.007655 0.268807
0.120589 -0.082666 0.278597
0.121867 -0.089404 0.281359
0.107283 0.049617 0.263432
0.108333 0.036125 0.263729
0.111988 0.008261 0.269482
0.111225 0.015468 0.268236
0.121274 -0.081726 0.279839
0.105801 0.063964 0.260370
0.120877 -0.080267 0.278402
0.102626 0.095407 0.256589
0.111565 0.014651 0.268514
0.120361 -0.078163 0.276579
0.105238 0.073973 0.259985
0.109599 0.040072 0.266499
0.114306 -0.009956 0.270408
0.103904 0.087369 0.257201
0.122275 -0.085640 0.279531
0.108966 0.048585 0.264817
0.103414 0.098965 0.256707
0.106142 0.069491 0.259020
0.111654 0.027810 0.267988
0.103141 0.093989 0.254013
0.109410 0.044457 0.263119
0.115833 -0.012444 0.271889
0.109372 0.054680 0.264880
0.105091 0.091367 0.258013
0.105058 0.097515 0.258813
0.111328 0.039526 0.265825
0.115664 -0.008097 0.269565
0.111197 0.042346 0.265085
0.108010 0.070124 0.260364
0.114260 0.012963 0.268359
0.109907 0.054569 0.263012
0.108195 0.069315 0.260310
0.111388 0.049959 0.265830
0.123673 -0.076432 0.278227
0.106547 0.091428 0.258428
0.124870 -0.084640 0.280210
0.107347 0.078002 0.257414
0.112877 0.033332 0.266140
0.117609 -0.011316 0.271556
0.110434 0.058741 0.263121
0.107059 0.089765 0.258540
0.111403 0.042833 0.262534
0.108461 0.073234 0.259381
0.117161 -0.006994 0.270210
0.107732 0.086183 0.258673
0.124694 -0.079790 0.278049
0.113537 0.029322 0.264607
0.106795 0.096292 0.256640
0.118409 -0.008397 0.271949
0.106066 0.099994 0.254834
0.106918 0.095171 0.256456
0.112866 0.043766 0.264806
0.112220 0.041023 0.261958
0.112284 0.054316 0.264890
0.107515 0.094718 0.257832
0.125883 -0.081700 0.279784
0.127218 -0.092668 0.281594
0.107766 0.092651 0.257105
0.113045 0.049276 0.264861
0.109271 0.078519 0.258606
0.106527 0.103825 0.255071
0.109283 0.080266 0.258710
0.107360 0.102366 0.256584
0.127232 -0.087860 0.279785
0.109768 0.095771 0.260383
0.113688 0.051833 0.263556
0.109613 0.091545 0.258083
0.109864 0.093743 0.259196
0.113930 0.053921 0.263922
0.113478 0.055365 0.262581
0.113478 0.055365 0.262581
0.111464 0.071310 0.259269
0.113043 0.062651 0.262359
0.128004 -0.087765 0.278872
0.128004 -0.087765 0.278872
0.127977 -0.087729 0.278720
0.115264 0.046954 0.265830
0.115217 0.048738 0.265984
0.113121 0.067056 0.262778
0.109228 0.102608 0.256395
0.129241 -0.080326 0.282256
0.112974 0.063113 0.259851
0.112709 0.070531 0.260464
0.109519 0.106056 0.256522
0.110952 0.094623 0.258577
0.111535 0.089013 0.259269
0.110782 0.095364 0.257722
0.114625 0.061653 0.262918
0.114294 0.066862 0.262825
0.114294 0.066862 0.262825
0.112833 0.079586 0.260738
0.112571 0.082563 0.260381
0.110167 0.103804 0.257097
0.130336 -0.086312 0.280796
0.113180 0.081413 0.260156
0.109802 0.106752 0.254395
0.113151 0.083635 0.260170
0.111890 0.096481 0.258763
0.113727 0.075411 0.259797
0.130564 -0.081411 0.281099
0.116731 0.055760 0.264842
0.129267 -0.069443 0.278875
0.129267 -0.069443 0.278875
0.130249 -0.073110 0.279188
0.112151 0.102462 0.257310
0.112151 0.102462 0.257310
0.114406 0.080726 0.259680
0.115192 0.077194 0.261357
0.116597 0.061718 0.262556
0.113258 0.102521 0.258904
0.131324 -0.077030 0.279473
0.118580 0.050811 0.264497
0.116761 0.071469 0.262443
0.113734 0.103883 0.259005
0.115123 0.091983 0.260657
0.117785 0.073568 0.264511
0.118101 0.066452 0.264090
0.115008 0.089882 0.258826
0.115213 0.097443 0.260725
0.134298 -0.091491 0.281513
0.114916 0.101084 0.259268
0.132665 -0.072926 0.279010
0.117550 0.083780 0.262800
0.116837 0.086726 0.261001
0.118620 0.068082 0.262491
0.119462 0.056035 0.262392
0.114198 0.108265 0.256037
0.116767 0.096954 0.261440
0.118091 0.079646 0.261442
0.116324 0.098388 0.258913
0.120313 0.062217 0.263922
0.120203 0.064372 0.263898
0.116974 0.097708 0.259284
0.135441 -0.082490 0.281068
0.121419 0.061480 0.265431
0.119855 0.065733 0.261438
0.120874 0.063135 0.262927
0.118092 0.091794 0.259877
0.121073 0.065614 0.263419
0.116215 0.110184 0.257120
0.115639 0.109807 0.254977
0.134493 -0.070122 0.277135
0.122103 0.068895 0.264306
0.118355 0.108003 0.259829
0.121474 0.068612 0.261771
0.121024 0.086921 0.262398
0.120055 0.090382 0.259947
0.138783 -0.092626 0.280741
0.123865 0.063228 0.264825
0.120197 0.097390 0.259446
0.121762 0.080429 0.260620
0.137015 -0.071268 0.278146
0.119377 0.111884 0.257758
0.137169 -0.068830 0.277558
0.139268 -0.083314 0.280987
0.120664 0.106862 0.259804
0.121975 0.095070 0.260411
0.124437 0.075037 0.263976
0.120663 0.110388 0.259109
0.121113 0.112065 0.259817
0.126065 0.062522 0.265365
0.141264 -0.091909 0.282054
0.121861 0.103872 0.259458
0.121861 0.103872 0.259458
0.123524 0.085800 0.261010
0.139606 -0.074228 0.278948
0.138888 -0.066986 0.277552
0.124451 0.092468 0.263019
0.122331 0.108319 0.259071
0.140666 -0.075640 0.279711
0.125644 0.083241 0.263453
0.124242 0.089687 0.260579
0.122638 0.110287 0.259445
0.126652 0.069574 0.263710
0.124526 0.090560 0.260863
0.142098 -0.086242 0.280693
0.141525 -0.078626 0.280133
0.121959 0.112938 0.256876
0.142730 -0.088952 0.281176
0.143582 -0.083102 0.284246
0.124645 0.101832 0.261571
0.122658 0.111981 0.257003
0.125288 0.106766 0.261961
0.125826 0.092834 0.261004
0.124224 0.106778 0.258657
0.127032 0.085028 0.262523
0.142138 -0.075781 0.278067
0.144282 -0.093777 0.280884
0.124866 0.112364 0.259254
0.126149 0.095689 0.259048
0.129145 0.083955 0.263545
0.144953 -0.086383 0.279526
0.144953 -0.086383 0.279526
0.143036 -0.066726 0.277016
0.126686 0.109245 0.259908
0.126394 0.108033 0.258924
0.126674 0.110426 0.259532
0.144552 -0.079035 0.277990
0.144915 -0.075517 0.279401
0.142908 -0.061444 0.276062
0.127402 0.110048 0.259918
0.146494 -0.091304 0.280140
0.129080 0.091917 0.260765
0.145598 -0.072006 0.279453
0.145598 -0.072006 0.279453
0.147174 -0.087321 0.280773
0.128464 0.110643 0.259703
0.130466 0.084579 0.260358
0.146585 -0.070637 0.279871
0.147264 -0.093796 0.278142
0.128358 0.115820 0.259066
0.128958 0.114660 0.260377
0.148146 -0.088191 0.281015
0.145860 -0.065190 0.277794
0.129482 0.108252 0.259979
0.131628 0.087310 0.261914
0.130765 0.114382 0.262190
0.148908 -0.084869 0.279311
0.150618 -0.090326 0.282747
0.146052 -0.058552 0.275149
0.146052 -0.058552 0.275149
0.130596 0.114078 0.259555
0.148920 -0.076870 0.279603
0.148858 -0.067014 0.278089
0.147582 -0.069822 0.274177
0.147931 -0.060061 0.276013
0.148454 -0.064750 0.275867
0.148564 -0.063134 0.276162
0.149840 -0.068863 0.278607
0.151094 -0.082434 0.279807
0.152026 -0.086998 0.280554
0.148811 -0.057167 0.276376
0.151493 -0.077717 0.280329
0.133381 0.108541 0.259665
0.151112 -0.079180 0.278519
0.152898 -0.082362 0.280518
0.151930 -0.071951 0.278222
0.136331 0.091411 0.260868
0.150959 -0.064126 0.276223
0.153075 -0.090304 0.277954
0.155225 -0.088951 0.279982
0.152652 -0.063387 0.276812
0.153544 -0.070787 0.277122
0.138436 0.098093 0.259788
0.138547 0.101117 0.259933
0.137515 0.114843 0.257818
0.138449 0.111530 0.258459
0.156279 -0.078023 0.277543
0.154893 -0.062152 0.275756
0.140755 0.109838 0.262353
0.156872 -0.074687 0.278366
0.156289 -0.070684 0.277266
0.155139 -0.060904 0.275396
0.140747 0.111069 0.261327
0.141285 0.106726 0.260640
0.142079 0.100747 0.261172
0.158968 -0.074434 0.279758
0.158406 -0.065869 0.278918
0.157798 -0.061788 0.277388
0.159513 -0.078274 0.279455
0.141076 0.115037 0.258639
0.157205 -0.062877 0.274786
0.142426 0.111287 0.260174
0.143679 0.107318 0.262136
0.142788 0.107571 0.260064
0.142788 0.107571 0.260064
0.159045 -0.072831 0.276808
0.143756 0.103492 0.261039
0.143332 0.104110 0.260050
0.143132 0.110257 0.260192
0.143954 0.101979 0.261090
0.144963 0.086927 0.261356
0.142503 0.113940 0.258353
0.159480 -0.068880 0.276148
0.143765 0.106658 0.259206
0.147953 0.085662 0.265976
0.145692 0.110221 0.262563
0.159192 -0.056570 0.274856
0.145208 0.105690 0.260584
0.161058 -0.068982 0.276468
0.162180 -0.071045 0.277591
0.163001 -0.074268 0.277717
0.148945 0.083317 0.262772
0.147477 0.104973 0.261287
0.150986 0.077913 0.265046
0.149734 0.081252 0.262550
0.163820 -0.068192 0.278036
0.147727 0.111630 0.260635
0.162456 -0.060472 0.275526
0.149534 0.079941 0.261208
0.149686 0.102946 0.263917
0.147377 0.107913 0.258040
0.162658 -0.056562 0.274694
0.147221 0.116967 0.258143
0.164031 -0.073507 0.275724
0.149494 0.103853 0.261672
0.163740 -0.062669 0.275806
0.164966 -0.070168 0.277719
0.151082 0.086000 0.261952
0.148493 0.112832 0.258630
0.149243 0.106825 0.259557
0.149245 0.107881 0.259253
0.148478 0.114109 0.258091
0.151338 0.081659 0.261092
0.147587 0.109238 0.255463
0.151157 0.096615 0.260416
0.152478 0.085067 0.261918
0.152478 0.085067 0.261918
0.165728 -0.059496 0.276314
0.150318 0.115646 0.259824
0.164809 -0.056076 0.274418
0.152997 0.083411 0.262289
0.166740 -0.076463 0.276445
0.166209 -0.070309 0.275552
0.152416 0.094468 0.261585
0.150475 0.108485 0.258290
0.167867 -0.069327 0.278459
0.150455 0.116395 0.258793
0.150855 0.107610 0.258766
0.167340 -0.074116 0.276574
0.163911 -0.049610 0.271173
0.151957 0.102602 0.259837
0.167654 -0.072005 0.276529
0.165712 -0.065318 0.272949
0.152071 0.097859 0.258711
0.168418 -0.077595 0.277053
0.151365 0.109319 0.258180
0.152449 0.107872 0.260332
0.166943 -0.063732 0.274783
0.154862 0.074074 0.261808
0.164556 -0.052687 0.270194
0.152742 0.108786 0.259439
0.154918 0.082342 0.261576
0.151222 0.111402 0.256077
0.167416 -0.061080 0.274259
0.167376 -0.058094 0.274237
0.155974 0.079332 0.262268
0.169339 -0.074633 0.276302
0.153105 0.108260 0.258510
0.153105 0.108260 0.258510
0.152519 0.114822 0.257686
0.154386 0.107703 0.260564
0.169691 -0.077055 0.275847
0.156349 0.074536 0.261395
0.163961 -0.029604 0.267594
0.169051 -0.067784 0.274258
0.154438 0.112177 0.259534
0.156160 0.094375 0.261244
0.165876 -0.026754 0.270634
0.171091 -0.072079 0.277048
0.155777 0.097484 0.259475
0.154828 0.118410 0.259166
0.156557 0.102697 0.261058
0.158064 0.076053 0.261289
0.166593 -0.053561 0.267044
0.171377 -0.075751 0.275039
0.171431 -0.076094 0.275096
0.155822 0.116473 0.257942
0.156842 0.105782 0.258822
0.168173 -0.049643 0.268740
0.169094 -0.056456 0.269789
0.157219 0.108703 0.259212
0.156491 0.110651 0.257755
0.156491 0.110651 0.257755
0.159656 0.073838 0.260666
0.166952 -0.022190 0.266606
0.166952 -0.022190 0.266606
0.173585 -0.076778 0.275473
0.158755 0.100246 0.259984
0.170661 -0.052680 0.270905
0.158319 0.106580 0.258411
0.159812 0.095892 0.260291
0.167575 -0.019523 0.266077
0.170639 -0.049005 0.269750
0.172058 -0.058141 0.270979
0.160602 0.093703 0.260059
0.158444 0.117463 0.256842
0.173044 -0.059636 0.271542
0.159702 0.114645 0.258744
0.171875 -0.052069 0.269408
0.170207 -0.023225 0.267901
0.160393 0.111885 0.258714
0.160393 0.111885 0.258714
0.169883 -0.021000 0.266595
0.162133 0.103391 0.260171
0.174483 -0.059057 0.271707
0.173697 -0.055566 0.270065
0.162009 0.096547 0.258144
0.162869 0.108120 0.260368
0.174401 -0.057357 0.269653
0.175923 -0.063100 0.272138
0.162898 0.099871 0.258926
0.162898 0.099871 0.258926
0.174786 -0.051572 0.269893
0.164494 0.095924 0.260194
0.162570 0.115475 0.257826
0.177161 -0.060754 0.271916
0.163828 0.116908 0.258467
0.171857 -0.025396 0.263221
0.163522 0.118501 0.257257
0.162785 0.108701 0.254866
0.175939 -0.048640 0.268652
0.165107 0.105077 0.257806
0.165107 0.105077 0.257806
0.165655 0.108985 0.257542
0.165587 0.114667 0.257314
0.167417 0.099796 0.259218
0.167216 0.099951 0.257049
0.163306 0.142082 0.251749
0.163306 0.142082 0.251749
0.167572 0.107877 0.256815
0.175881 -0.023401 0.263128
0.179493 -0.054683 0.267706
0.167250 0.107945 0.255396
0.167570 0.113684 0.256018
0.176912 -0.024429 0.264073
0.169143 0.101599 0.257479
0.169684 0.094210 0.257803
0.169856 0.097030 0.257871
0.181114 -0.053051 0.268199
0.165410 0.142532 0.251197
0.177450 -0.021796 0.262691
0.165068 0.147807 0.250391
0.169455 0.118367 0.256202
0.166174 0.144039 0.251061
0.177703 -0.018032 0.261658
0.178958 -0.020670 0.263468
0.171361 0.095007 0.256658
0.167750 0.125369 0.250958
0.172920 0.092576 0.257899
0.168883 0.124700 0.252299
0.172559 0.104641 0.257741
0.172466 0.094120 0.256668
0.172195 0.100977 0.255060
0.168126 0.142606 0.249562
0.172597 0.102510 0.254906
0.174408 0.093756 0.256747
0.169555 0.148488 0.250216
0.181169 -0.020150 0.261137
0.173388 0.123567 0.255452
0.174648 0.099427 0.256084
0.172372 0.126240 0.253071
0.172710 0.119658 0.253206
0.174567 0.101768 0.255367
0.172687 0.125084 0.252781
0.176423 0.089175 0.256559
0.177102 0.081651 0.257344
0.171675 0.143921 0.249950
0.171675 0.143921 0.249950
0.182727 -0.020205 0.260366
0.171704 0.149906 0.249979
0.176232 0.084701 0.254173
0.172732 0.145842 0.250848
0.177354 0.089494 0.255729
0.183303 -0.014604 0.260081
0.173004 0.147909 0.250564
0.173971 0.144813 0.251382
0.178086 0.096253 0.255783
0.178458 0.091157 0.255291
0.179010 0.089015 0.253642
0.180420 0.081254 0.255086
0.191638 -0.078224 0.266065
0.191638 -0.078224 0.266065
0.175310 0.148445 0.249204
0.186056 -0.019470 0.257706
0.186104 -0.015679 0.255546
0.183342 0.084124 0.254076
0.184020 0.080603 0.253362
0.184020 0.080603 0.253362
0.188381 -0.012865 0.256030
0.190370 -0.017648 0.257220
0.190708 -0.017245 0.255862
0.193197 -0.017736 0.255603
0.183609 0.113644 0.245049
0.184904 0.117331 0.245969
0.185377 0.114859 0.246382
0.184887 0.118604 0.245410
0.185569 0.111936 0.246160
0.185425 0.116582 0.245735
0.185616 0.118058 0.245926
0.190809 0.063563 0.251355
0.186552 0.119639 0.245417
0.186552 0.119639 0.245417
0.190920 0.061023 0.249249
0.187618 0.121489 0.246090
0.187466 0.118651 0.245656
0.190178 0.066678 0.247876
0.190889 0.065767 0.248653
0.195241 -0.013135 0.252193
0.188386 0.119194 0.245557
0.197292 -0.016658 0.253944
0.189530 0.118081 0.245313
0.197484 -0.015104 0.253272
0.193893 0.059025 0.249181
0.193893 0.059025 0.249181
0.193673 0.072590 0.249186
0.194378 0.059194 0.249827
0.192912 0.062019 0.247239
0.198843 -0.022539 0.253629
0.192987 0.075131 0.247482
0.194158 0.069921 0.249121
0.189113 0.096570 0.241031
0.191387 0.100774 0.243751
0.191387 0.100774 0.243751
0.202324 -0.016844 0.255748
0.201174 -0.015421 0.253674
0.196276 0.066002 0.248187
0.193054 0.094807 0.242667
0.201929 -0.022569 0.252445
0.195347 0.076139 0.245071
0.198024 0.061621 0.247346
0.201546 -0.016255 0.250492
0.202917 -0.020780 0.252127
0.195837 0.101837 0.243766
0.195837 0.101837 0.243766
0.195417 0.079032 0.242331
0.195103 0.097482 0.241814
0.198572 0.063918 0.246059
0.197350 0.097353 0.244689
0.197363 0.078304 0.243991
0.197390 0.085018 0.243748
0.204883 -0.026146 0.250790
0.199051 0.055441 0.244105
0.204749 -0.026188 0.250519
0.196392 0.096771 0.240903
0.197497 0.093992 0.241187
0.200834 0.061177 0.244764
0.202352 0.046250 0.246174
0.202352 0.046250 0.246174
0.205171 -0.017608 0.248163
0.205171 -0.017608 0.248163
0.201274 0.065992 0.243718
0.200628 0.077940 0.242165
0.201968 0.065022 0.243717
0.202194 0.048165 0.242989
0.203967 0.043592 0.244936
0.201982 0.078201 0.242541
0.201982 0.078201 0.242541
0.203745 0.060504 0.243954
0.203431 0.070154 0.243410
0.205050 0.055324 0.244791
0.205050 0.055324 0.244791
0.205688 0.059963 0.244801
0.206146 0.041365 0.244196
0.204623 0.080473 0.242105
0.210932 -0.033633 0.248881
0.206972 0.053631 0.243775
0.203426 0.082345 0.238794
0.207804 0.060415 0.244449
0.208611 0.058304 0.243317
0.213356 -0.034094 0.248086
0.207367 0.071052 0.240901
0.213615 -0.033681 0.247663
0.208355 0.065310 0.240935
0.209297 0.070105 0.241271
0.209229 0.077137 0.240915
0.215419 -0.034205 0.247514
0.209379 0.069279 0.240252
0.210124 0.073102 0.241097
0.208490 0.074252 0.238643
0.217407 -0.037491 0.247778
0.209543 0.078473 0.237675
0.212424 0.076832 0.239907
0.217621 -0.036038 0.245117
0.210250 0.142603 0.235734
0.215730 -0.013432 0.240434
0.212660 0.069012 0.236914
0.210658 0.141647 0.234599
0.215107 0.074238 0.239483
0.216262 -0.010921 0.240305
0.217768 -0.013819 0.241481
0.215016 0.076228 0.238341
0.218504 -0.011841 0.240807
0.218504 -0.011841 0.240807
0.212862 0.143966 0.234282
0.215443 0.076879 0.236260
0.213853 0.143312 0.234435
0.216253 0.075198 0.237094
0.217004 0.038792 0.237147
0.215725 0.085197 0.235611
0.220540 -0.037610 0.240936
0.218955 -0.011867 0.238127
0.218012 0.077732 0.236453
0.217189 0.083168 0.235012
0.222545 -0.035428 0.241330
0.221473 -0.029298 0.239787
0.222267 -0.032943 0.240750
0.220924 -0.028777 0.238960
0.220960 -0.010721 0.238915
0.216079 0.141881 0.232833
0.220925 -0.011001 0.238300
0.216877 0.141727 0.232874
0.217365 0.140970 0.232838
0.223355 -0.029915 0.239363
0.217753 0.133618 0.232066
0.217957 0.134633 0.231921
0.226367 -0.059770 0.242218
0.217633 0.137576 0.231324
0.231711 -0.100312 0.248271
0.220222 0.080590 0.233912
0.220166 0.083698 0.233761
0.223602 -0.012125 0.237930
0.223602 -0.012125 0.237930
0.233098 -0.099784 0.249754
0.221363 0.038690 0.235030
0.232534 -0.098180 0.248828
0.232534 -0.098180 0.248828
0.221267 0.083169 0.234505
0.226279 -0.059022 0.240335
0.221318 0.031024 0.234043
0.221318 0.031024 0.234043
0.227145 -0.060284 0.241242
0.219540 0.097304 0.231694
0.224355 -0.026365 0.237614
0.232603 -0.096722 0.247939
0.220514 0.044118 0.232389
0.224223 -0.030568 0.236656
0.222424 0.041440 0.234392
0.221947 0.095231 0.232125
0.226401 -0.035158 0.237685
0.220980 0.092800 0.230754
0.221639 0.085668 0.230673
0.222745 0.035902 0.231534
0.229634 -0.057296 0.240042
0.229634 -0.057296 0.240042
0.229810 -0.060464 0.239878
0.233005 -0.092629 0.243785
0.221821 0.080286 0.229197
0.229269 -0.056980 0.237643
0.229269 -0.056980 0.237643
0.235247 -0.094993 0.244341
0.225167 0.043619 0.231507
0.225167 0.043619 0.231507
0.228459 -0.036153 0.235410
0.235153 -0.097232 0.243526
0.224743 0.080420 0.229592
0.229792 -0.028282 0.236103
0.236952 -0.091906 0.242221
0.223968 0.095805 0.225461
0.230515 -0.031928 0.233945
0.233085 -0.057100 0.236633
0.233085 -0.057100 0.236633
0.229392 -0.031306 0.231898
0.229392 -0.031306 0.231898
0.232889 -0.058792 0.235766
0.227276 0.097158 0.227839
0.229147 0.096707 0.228991
0.238705 -0.093363 0.241103
0.238785 -0.096466 0.240595
0.227463 0.102828 0.225435
0.234374 -0.054776 0.233813
0.225998 0.098058 0.222633
0.235262 -0.058042 0.234397
0.235262 -0.058042 0.234397
0.240327 -0.095200 0.240024
0.230657 0.009613 0.227508
0.230657 0.009613 0.227508
0.230657 0.009613 0.227508
0.241290 -0.093725 0.239562
0.229234 0.104585 0.223403
0.237054 -0.059583 0.234032
0.230960 0.093278 0.225368
0.229528 0.101398 0.223206
0.237777 -0.058675 0.234333
0.241833 -0.096547 0.238591
0.243795 -0.099706 0.240714
0.243795 -0.099706 0.240714
0.238368 -0.062124 0.233120
0.239481 -0.060244 0.234190
0.243969 -0.095745 0.239198
0.232440 0.097804 0.223616
0.243461 -0.088172 0.238197
0.231504 0.091322 0.221537
0.239921 -0.056227 0.232939
0.238933 -0.062502 0.231417
0.232515 0.103227 0.221860
0.232515 0.103227 0.221860
0.232990 0.101647 0.221669
0.233174 0.093135 0.221855
0.234564 0.098889 0.223193
0.245091 -0.098159 0.237758
0.232442 0.095051 0.220097
0.242847 -0.085373 0.234135
0.245208 -0.096697 0.236765
0.245208 -0.096697 0.236765
0.241178 -0.060917 0.231157
0.236043 0.097757 0.222795
0.235665 0.097439 0.222240
0.241909 -0.061756 0.231330
0.241734 -0.061774 0.231082
0.244244 -0.095338 0.234262
0.246813 -0.094862 0.237120
0.246303 -0.097873 0.236421
0.246303 -0.097873 0.236421
0.233495 0.102261 0.219025
0.235861 0.095021 0.221712
0.242131 -0.062179 0.229814
0.245612 -0.085141 0.233982
0.247104 -0.093380 0.235216
0.243279 -0.055053 0.229443
0.243412 -0.062377 0.229122
0.247078 -0.088873 0.233545
0.237880 0.102078 0.219255
0.247898 -0.090623 0.233323
0.248885 -0.096150 0.234272
0.244288 -0.056318 0.228273
0.244288 -0.056318 0.228273
0.248880 -0.087140 0.232665
0.238264 0.095658 0.217299
0.240191 0.099558 0.217962
0.247824 -0.078427 0.229050
0.247564 -0.091331 0.228999
0.247046 -0.076738 0.227625
0.240219 0.098593 0.216585
0.250237 -0.086008 0.230920
0.245584 -0.058343 0.225065
0.251476 -0.089821 0.231947
0.250845 -0.084473 0.230699
0.248449 -0.080874 0.227921
0.249610 -0.077720 0.228176
0.240785 0.093548 0.215041
0.251487 -0.084982 0.229041
0.251529 -0.090667 0.229030
0.249054 -0.074919 0.225848
0.248274 -0.065830 0.224777
0.251188 -0.088561 0.228071
0.251817 -0.079051 0.228376
0.242560 0.090169 0.212935
0.248942 -0.070045 0.223091
0.250426 -0.069105 0.224229
0.249125 -0.066862 0.222345
0.252235 -0.094186 0.226155
0.252410 -0.083068 0.225517
0.243602 0.089811 0.211580
0.254154 -0.092001 0.226866
0.249579 -0.067583 0.221340
0.250618 -0.067174 0.222150
0.245727 0.092128 0.212888
0.255899 -0.089454 0.227679
0.244585 0.091985 0.211577
0.252344 -0.093758 0.223948
0.249609 -0.065130 0.219756
0.252258 -0.073985 0.221854
0.250813 -0.061874 0.220056
0.252671 -0.063611 0.221198
0.251135 -0.069346 0.219787
0.251135 -0.069346 0.219787
0.244828 0.087060 0.209048
0.246002 0.091667 0.210025
0.252936 -0.077874 0.220125
0.252936 -0.077874 0.220125
0.252250 -0.064381 0.218708
0.252553 -0.063773 0.218816
0.255032 -0.080489 0.220740
0.256615 -0.087392 0.222229
0.254453 -0.073144 0.218889
0.250865 -0.047344 0.214477
0.256199 -0.076206 0.220553
0.256608 -0.077617 0.220133
0.257265 -0.073214 0.220609
0.257178 -0.086088 0.220470
0.253688 -0.057988 0.215070
0.257826 -0.084457 0.219774
0.252081 -0.052591 0.213105
0.256425 -0.074175 0.217978
0.257356 -0.085175 0.218740
0.249288 0.074114 0.205775
0.257136 -0.069190 0.217318
0.257136 -0.069190 0.217318
0.254835 -0.063629 0.214847
0.254835 -0.063629 0.214847
0.252237 -0.054341 0.211946
0.257220 -0.077120 0.217399
0.254831 -0.062514 0.214475
0.255999 -0.066785 0.214821
0.247394 0.078706 0.201972
0.249416 0.076025 0.203789
0.255188 -0.060823 0.213524
0.255717 -0.071911 0.214363
0.249692 0.071769 0.203665
0.259214 -0.089409 0.217853
0.259469 -0.079010 0.217346
0.255681 -0.052701 0.212606
0.257743 -0.072813 0.214664
0.255963 -0.057602 0.212344
0.255053 -0.046124 0.211013
0.258540 -0.087047 0.214992
0.256331 -0.058485 0.211862
0.257329 -0.067809 0.213019
0.257329 -0.067809 0.213019
0.250298 0.072758 0.201709
0.254654 -0.049797 0.209275
0.256712 -0.055033 0.211174
0.258951 -0.059807 0.213192
0.250857 0.076725 0.200962
0.259250 -0.073403 0.213053
0.257345 -0.069891 0.210980
0.257345 -0.069891 0.210980
0.257763 -0.042600 0.210147
0.257946 -0.055239 0.210388
0.262862 -0.088345 0.215859
0.258774 -0.062703 0.211091
0.260907 -0.075419 0.213265
0.256934 -0.047138 0.208481
0.258166 -0.043903 0.209367
0.252490 0.073093 0.199891
0.260303 -0.076761 0.211892
0.259771 -0.068015 0.211017
0.259771 -0.068015 0.211017
0.259771 -0.068015 0.211017
0.260267 -0.070355 0.211556
0.260995 -0.082520 0.212582
0.263191 -0.074305 0.213827
0.258055 -0.033336 0.207486
0.259483 -0.047338 0.209148
0.258862 -0.047870 0.208506
0.252835 0.076427 0.198258
0.257148 -0.043646 0.206502
0.258296 -0.058118 0.208030
0.259422 -0.070672 0.209470
0.258083 -0.048532 0.207149
0.258545 -0.046079 0.206966
0.259968 -0.065085 0.208921
0.259569 -0.058197 0.207830
0.263249 -0.067871 0.211521
0.261019 -0.072828 0.208923
0.259560 -0.034896 0.205598
0.260449 -0.054951 0.206680
0.259301 -0.052307 0.205503
0.256451 -0.024810 0.201665
0.264294 -0.077779 0.210080
0.261582 -0.075480 0.207403
0.259754 -0.032793 0.204072
0.263358 -0.081663 0.208871
0.255415 0.074246 0.195710
0.263634 -0.075789 0.207736
0.263634 -0.075789 0.207736
0.261495 -0.032384 0.204132
0.260625 -0.033262 0.203124
0.261280 -0.044035 0.203624
0.261280 -0.044035 0.203624
0.262990 -0.074922 0.205564
0.254495 0.076726 0.191473
0.259678 -0.026665 0.200084
0.255461 0.077856 0.192146
0.259689 -0.019541 0.198120
0.261208 -0.029165 0.199785
0.259467 -0.021257 0.197484
0.262638 -0.033179 0.200434
0.263515 -0.034111 0.200665
0.265065 -0.054783 0.202590
0.264215 -0.040175 0.201124
0.263028 -0.043971 0.200031
0.258694 -0.021961 0.194975
0.264136 -0.048218 0.200649
0.265616 -0.045754 0.201710
0.261836 -0.019011 0.197136
0.265500 -0.043133 0.200605
0.262393 -0.024402 0.196865
0.263973 -0.035272 0.198033
0.267259 -0.055299 0.201684
0.263364 -0.037412 0.197101
0.263649 -0.023143 0.196518
0.263649 -0.023143 0.196518
0.262735 -0.016623 0.195159
0.266029 -0.051909 0.199118
0.266215 -0.056147 0.199308
0.262902 -0.019775 0.194501
0.264593 -0.024036 0.195962
0.263851 -0.018598 0.195053
0.265678 -0.049734 0.197951
0.262187 0.089535 0.188166
0.261102 0.084337 0.187133
0.267779 -0.048046 0.198569
0.263257 -0.023861 0.193510
0.265066 -0.027266 0.195089
0.267064 -0.046902 0.197449
0.264739 -0.036818 0.194954
0.262950 -0.027788 0.193008
0.266452 -0.047384 0.196801
0.261853 0.091095 0.186142
0.265596 -0.043147 0.194956
0.263014 -0.016788 0.190744
0.265774 -0.035252 0.193830
0.263183 0.087471 0.185516
0.269039 -0.048152 0.196483
0.269315 -0.039513 0.196142
0.268393 -0.054508 0.196015
0.267011 -0.033346 0.193863
0.267866 -0.043668 0.194966
0.265213 -0.017146 0.190595
0.267851 -0.033658 0.192852
0.267105 -0.046149 0.192756
0.263798 0.093568 0.183537
0.266710 -0.022049 0.190867
0.263714 0.088657 0.183090
0.267985 -0.043471 0.192758
0.267672 -0.040956 0.192383
0.263729 0.091859 0.182863
0.263435 0.083472 0.182856
0.263435 0.083472 0.182856
0.267103 -0.042579 0.191480
0.269058 -0.045541 0.193027
0.267584 -0.037243 0.191292
0.267161 -0.028452 0.190264
0.269679 -0.052803 0.193106
0.269515 -0.044798 0.192469
0.263313 0.088475 0.180784
0.265542 0.087081 0.182375
0.266348 0.082690 0.181949
0.269436 -0.039172 0.190085
0.264323 0.089536 0.179664
0.270136 -0.052382 0.191054
0.270136 -0.052382 0.191054
0.268597 -0.035300 0.188867
0.269789 -0.051129 0.189823
0.265734 0.094244 0.179263
0.266893 0.082844 0.180206
0.264997 0.085448 0.178354
0.270972 -0.053562 0.189711
0.271894 -0.051541 0.189805
0.268507 0.094082 0.179879
0.269757 -0.043944 0.187462
0.269700 -0.034167 0.186387
0.271619 -0.052709 0.188569
0.264633 -0.006329 0.180385
0.272035 -0.056352 0.188241
0.270878 -0.037399 0.186281
0.270884 -0.044231 0.186147
0.272055 -0.046445 0.186993
0.271033 -0.045397 0.185842
0.272096 -0.050303 0.186831
0.268521 0.093985 0.176066
0.270176 -0.033589 0.183812
0.271881 -0.043820 0.185615
0.272242 -0.035945 0.185442
0.270877 -0.038005 0.184207
0.273565 -0.048105 0.186707
0.269405 0.086312 0.176527
0.267081 0.040514 0.176876
0.267081 0.040514 0.176876
0.265710 -0.008095 0.178220
0.268470 0.022075 0.178307
0.267876 0.020086 0.177499
0.273328 -0.050868 0.185337
0.273411 -0.048350 0.184977
0.268557 0.042873 0.176356
0.268014 0.024761 0.176600
0.267742 -0.000106 0.177575
0.272834 -0.037722 0.183305
0.272677 -0.046148 0.183603
0.268837 0.094456 0.173069
0.267409 0.050758 0.174228
0.269770 0.092982 0.173379
0.274924 -0.052575 0.184657
0.272884 -0.048210 0.182794
0.269369 0.023228 0.176184
0.269724 -0.004967 0.177941
0.268466 0.048074 0.173431
0.268467 -0.002936 0.176137
0.273928 -0.056185 0.183112
0.272498 -0.043997 0.181362
0.268214 0.053925 0.172834
0.268099 0.000948 0.174960
0.273179 -0.039879 0.180827
0.268772 0.091695 0.170134
0.274813 -0.054873 0.182298
0.272672 -0.032709 0.179306
0.270023 0.093652 0.170436
0.270666 0.049707 0.173299
0.270597 0.020911 0.174632
0.270597 0.020911 0.174632
0.270037 -0.002361 0.175190
0.272643 -0.036783 0.178788
0.272643 -0.036783 0.178788
0.269208 -0.000363 0.174201
0.271826 -0.015704 0.176763
0.269462 0.045120 0.171441
0.268630 0.043187 0.170698
0.271064 -0.017305 0.175582
0.275657 -0.053548 0.180413
0.270023 0.056341 0.170149
0.271951 0.050804 0.171809
0.269867 -0.010462 0.173529
0.272913 -0.016054 0.175759
0.275553 -0.016961 0.177592
0.273470 -0.014781 0.175775
0.271319 0.055967 0.170160
0.269596 -0.001091 0.172009
0.271415 0.049334 0.170473
0.270473 0.053392 0.169106
0.269908 0.047101 0.168934
0.270645 0.054865 0.168969
0.273719 0.046285 0.171555
0.276471 -0.038943 0.177476
0.275509 -0.016822 0.175472
0.270981 0.003654 0.170607
0.270795 0.004967 0.170337
0.272503 0.003619 0.171564
0.272503 0.003619 0.171564
0.272008 0.001358 0.171244
0.271978 0.055916 0.167895
0.275045 -0.028290 0.174753
0.276874 -0.040582 0.176773
0.277475 -0.039552 0.176975
0.271619 0.049487 0.167563
0.276119 -0.032057 0.175409
0.276887 -0.046007 0.176154
0.270841 0.002534 0.168984
0.276731 -0.036605 0.175063
0.276366 -0.042514 0.175088
0.271762 0.004332 0.169059
0.274574 -0.000944 0.171184
0.275426 -0.016050 0.172585
0.276292 -0.029529 0.173598
0.276259 -0.028691 0.173495
0.275254 -0.026927 0.172437
0.271824 0.007762 0.167941
0.271898 0.054951 0.165141
0.272722 0.054087 0.165366
0.276426 -0.029707 0.172395
0.273358 0.001904 0.167870
0.276270 -0.038730 0.172150
0.272953 0.070474 0.163317
0.270425 -0.002185 0.165796
0.272465 0.071353 0.162881
0.274798 0.053329 0.165332
0.276384 -0.035346 0.171213
0.273015 0.050984 0.163418
0.274029 0.047009 0.164152
0.274029 0.047009 0.164152
0.272208 0.005812 0.164956
0.274171 -0.003101 0.166701
0.279393 -0.037584 0.172368
0.272268 0.049138 0.162072
0.273656 0.073167 0.161580
0.277056 -0.030017 0.170133
0.273609 0.074802 0.161348
0.278855 -0.045692 0.172042
0.276970 -0.015133 0.168728
0.276970 -0.015133 0.168728
0.274008 0.053384 0.162045
0.279170 -0.044649 0.171463
0.274472 0.051004 0.162433
0.273996 0.047152 0.162272
0.277233 -0.018053 0.168212
0.276270 0.060473 0.162558
0.280879 -0.050043 0.172398
0.280809 -0.050079 0.172343
0.279539 -0.045769 0.170933
0.274710 0.051494 0.161585
0.275989 -0.012731 0.166281
0.277282 0.055954 0.162772
0.275423 0.053511 0.161631
0.276640 -0.026581 0.167351
0.274760 0.059221 0.160379
0.274980 0.073633 0.159402
0.281192 -0.044174 0.170805
0.276013 0.058984 0.160923
0.279472 -0.039051 0.169236
0.276220 0.058321 0.160952
0.276689 -0.022992 0.166230
0.281149 -0.045465 0.170541
0.275681 -0.012675 0.164410
0.279042 -0.034643 0.167997
0.273532 0.051084 0.158859
0.276110 0.049547 0.160396
0.277379 -0.017692 0.165389
0.276826 0.057078 0.160302
0.278292 -0.016877 0.165753
0.280144 -0.049354 0.168845
0.280794 -0.043613 0.168759
0.278654 -0.032730 0.165923
0.276031 0.047742 0.159027
0.274490 0.075320 0.155886
0.276756 0.076923 0.157220
0.278294 -0.030674 0.164885
0.273977 0.053365 0.156454
0.274286 0.073797 0.155119
0.280530 -0.041407 0.165862
0.275965 0.059076 0.156263
0.280524 -0.016976 0.163420
0.277832 0.073098 0.155790
0.280764 -0.036715 0.164181
0.278470 -0.028488 0.162103
0.280787 -0.045711 0.164655
0.280687 -0.034042 0.163353
0.280652 -0.030563 0.161461
0.280009 -0.035490 0.161211
0.277419 0.053015 0.153682
0.282272 -0.037205 0.159914
0.283617 -0.046352 0.158229
0.281937 -0.039709 0.156477
0.282485 -0.037319 0.156385
0.285895 -0.040229 0.157356
0.281996 -0.046761 0.155290
0.281898 0.088570 0.145532
0.281749 -0.035699 0.152911
0.284406 -0.043652 0.154881
0.282800 -0.044797 0.153978
0.281709 -0.033719 0.151356
0.280862 0.080956 0.142351
0.280192 0.091218 0.141085
0.282446 -0.040829 0.151232
0.284676 -0.045190 0.152671
0.282333 0.087741 0.141744
0.284623 -0.038385 0.150568
0.282647 0.088878 0.138966
0.282647 0.088878 0.138966
0.280739 0.083455 0.137876
0.281780 0.082389 0.138378
0.283098 -0.036719 0.147420
0.281050 0.086422 0.136745
0.280505 0.080635 0.136674
0.281763 -0.033207 0.144923
0.284017 -0.043701 0.146635
0.284113 -0.016557 0.144614
0.285045 -0.017486 0.144991
0.285169 -0.016357 0.144921
0.284127 -0.036431 0.145412
0.286014 -0.039662 0.146010
0.281626 0.085403 0.134323
0.282988 0.082411 0.135256
0.282483 -0.038028 0.143753
0.284364 -0.023902 0.143026
0.283933 -0.040413 0.143834
0.284117 -0.033236 0.141782
0.283984 -0.019568 0.140638
0.286434 -0.040806 0.142770
0.283399 -0.015729 0.139058
0.283562 -0.017637 0.139002
0.283730 -0.020898 0.139200
0.282356 0.080923 0.130752
0.276266 0.078351 0.127588
0.287680 -0.029109 0.141318
0.284514 -0.038152 0.140085
0.285187 -0.028934 0.139509
0.283490 -0.032331 0.138801
0.284178 -0.018049 0.137491
0.283789 -0.031161 0.137817
0.284524 -0.033789 0.137277
0.284644 -0.028684 0.136693
0.285750 -0.019800 0.135403
0.285750 -0.019800 0.135403
0.286627 -0.026545 0.134136
0.284872 -0.033137 0.132765
0.283410 -0.032919 0.131737
0.284649 -0.034140 0.132370
0.284298 -0.034951 0.132226
-0.913859 -0.045099 1.565284
-0.921081 0.001426 1.610548
-0.921755 -0.062464 1.618348
-0.893948 -0.004563 1.586283
-0.926737 -0.000027 1.669852
-0.918414 -0.117263 1.665583
-0.905939 -0.094470 1.680622
-0.872170 0.070898 1.634682
-0.855794 0.005219 1.620842
-0.895952 -0.102624 1.694934
-0.897801 0.027491 1.709478
-0.873279 -0.106341 1.685202
-0.832829 0.080286 1.613162
-0.861252 -0.054402 1.696713
-0.911517 0.011228 1.798289
-0.864486 0.001630 1.711756
-0.916170 -0.015424 1.817023
-0.870738 0.057200 1.740053
-0.832752 0.099441 1.672361
-0.850612 0.032980 1.706932
-0.865609 0.072696 1.749010
-0.810534 -0.045272 1.655867
-0.849970 -0.011893 1.740666
-0.849296 0.049971 1.759543
-0.787922 0.020635 1.670406
-0.759065 0.068728 1.620172
-0.818015 -0.031044 1.745530
-0.776168 0.039699 1.713481
-0.783367 0.051837 1.744100
-0.785389 0.011352 1.764098
-0.728938 -0.107679 1.656650
-0.725859 0.034000 1.677257
-0.654524 -0.001481 1.556443
-0.654825 0.032279 1.584313
-0.630888 -0.120562 1.529708
-0.650965 -0.090986 1.582964
-0.644312 -0.013867 1.595890
-0.644312 -0.013867 1.595890
-0.626658 -0.177424 1.560356
-0.600887 -0.104354 1.503414
-0.645701 -0.027029 1.631191
-0.607274 -0.086069 1.540009
-0.643159 -0.121843 1.676476
-0.609519 -0.072179 1.600048
-0.624867 -0.072528 1.649852
-0.578620 -0.127770 1.561456
-0.575418 0.059932 1.561588
-0.578210 -0.004639 1.588383
-0.604240 0.050286 1.717997
-0.593675 0.039539 1.707768
-0.464900 -0.335882 1.366302
-0.464900 -0.335882 1.366302
-0.605357 0.063955 1.753055
-0.577532 -0.008928 1.681279
-0.552298 -0.054122 1.636076
-0.563132 0.026882 1.673955
-0.569694 0.092223 1.700404
-0.569694 0.092223 1.700404
-0.576590 0.066245 1.725800
-0.541973 -0.112370 1.638186
-0.539340 0.108466 1.641147
-0.573279 0.052772 1.745169
-0.505998 -0.080769 1.553997
-0.533168 0.037003 1.637249
-0.563635 0.089200 1.740962
-0.492625 -0.124176 1.533383
-0.593507 0.009054 1.836452
-0.574927 0.019600 1.786720
-0.568524 0.057195 1.770966
-0.536707 0.091133 1.680655
-0.527322 -0.128258 1.656879
-0.556175 0.105414 1.747579
-0.575841 0.055138 1.812321
-0.453863 -0.416529 1.449370
-0.494585 -0.184966 1.576286
-0.458072 -0.424682 1.470065
-0.516191 0.128568 1.653725
-0.544958 0.069933 1.741494
-0.576791 0.054782 1.848283
-0.539337 0.101852 1.743073
-0.554418 0.130639 1.797593
-0.449088 -0.351055 1.473631
-0.469451 -0.474774 1.537354
-0.543575 0.034335 1.780331
-0.545296 -0.015870 1.790126
-0.496045 -0.176269 1.640523
-0.563654 0.074564 1.857281
-0.537719 0.048543 1.780378
-0.581218 0.063093 1.926339
-0.477232 -0.484687 1.599788
-0.498095 -0.165375 1.669027
-0.522752 -0.005844 1.753733
-0.506593 -0.055117 1.704462
-0.551649 0.102886 1.848129
-0.470672 -0.393380 1.597942
-0.438996 -0.320308 1.499677
-0.431904 -0.377033 1.479097
-0.555067 0.015321 1.881695
-0.551195 0.111529 1.878814
-0.556641 0.131221 1.898341
-0.548063 0.151714 1.875157
-0.468110 -0.201461 1.623639
-0.453283 -0.473764 1.573930
-0.505568 -0.050096 1.749242
-0.541788 0.040405 1.869629
-0.475558 -0.282913 1.653106
-0.543891 0.101760 1.886189
-0.565232 0.145975 1.956782
-0.539685 0.111177 1.880494
-0.522976 0.142606 1.827872
-0.546107 0.038989 1.904802
-0.553475 0.045955 1.935525
-0.553475 0.045955 1.935525
-0.530804 0.130764 1.874320
-0.501049 -0.127695 1.775586
-0.561302 0.144138 1.979409
-0.539399 0.065679 1.906176
-0.456860 -0.164794 1.642014
-0.456246 -0.209385 1.639848
-0.461434 -0.125311 1.660614
-0.461434 -0.125311 1.660614
-0.450687 -0.290447 1.630936
-0.474896 -0.118494 1.728953
-0.517999 0.122163 1.878587
-0.453971 -0.363179 1.661187
-0.404318 -0.429630 1.490094
-0.519393 0.133952 1.895692
-0.438024 -0.269554 1.614289
-0.446304 -0.172730 1.643629
-0.450293 -0.289212 1.658623
-0.511311 0.108543 1.872721
-0.397414 -0.338248 1.482506
-0.490206 -0.132999 1.807083
-0.490206 -0.132999 1.807083
-0.445424 -0.279351 1.652273
-0.465518 -0.243629 1.723403
-0.465518 -0.243629 1.723403
-0.480994 -0.140240 1.785093
-0.419424 -0.488449 1.577860
-0.490779 0.135724 1.839724
-0.469757 -0.105617 1.765695
-0.462208 -0.132263 1.750302
-0.481279 -0.025543 1.830532
-0.398949 -0.433008 1.535066
-0.390119 -0.401854 1.506666
-0.454482 -0.153816 1.746681
-0.462138 0.147901 1.780641
-0.476710 0.144337 1.835462
-0.421763 -0.232301 1.635754
-0.451536 -0.086995 1.745811
-0.452178 -0.068732 1.748753
-0.455005 -0.201662 1.760909
-0.426573 -0.280344 1.657012
-0.397809 -0.362197 1.559085
-0.454242 -0.108191 1.781150
-0.371917 -0.444577 1.474961
-0.451377 -0.098772 1.772203
-0.428262 -0.255890 1.687586
-0.446276 -0.089764 1.762022
-0.401912 -0.378239 1.601280
-0.399179 -0.234128 1.592523
-0.436084 0.039012 1.732610
-0.410537 -0.142467 1.649618
-0.450270 -0.165912 1.801074
-0.429543 -0.061989 1.727238
-0.432875 -0.088973 1.743757
-0.448579 -0.078269 1.804801
-0.414876 -0.364969 1.679788
-0.410063 -0.245136 1.669124
-0.431202 -0.015238 1.760565
-0.400652 -0.216768 1.643275
-0.400652 -0.216768 1.643275
-0.435426 -0.079267 1.779762
-0.416482 -0.258992 1.705666
-0.416165 -0.237951 1.706456
-0.416165 -0.237951 1.706456
-0.431955 0.034883 1.775735
-0.407287 -0.190853 1.681877
-0.396122 -0.294607 1.639883
-0.451456 -0.610257 1.866058
-0.408365 -0.379893 1.701282
-0.425212 -0.099727 1.773307
-0.435051 -0.659343 1.807209
-0.437195 0.021065 1.823358
-0.424694 -0.059449 1.774004
-0.393657 -0.155601 1.651550
-0.429746 0.016099 1.795281
-0.443294 0.008512 1.853508
-0.371248 -0.360553 1.568531
-0.420999 -0.077701 1.770249
-0.402279 0.055185 1.702433
-0.435329 -0.084399 1.835206
-0.412789 -0.120875 1.750883
-0.443471 0.048581 1.876147
-0.429000 0.130642 1.822302
-0.379121 -0.356552 1.626737
-0.379121 -0.356552 1.626737
-0.465100 -0.000013 1.979202
-0.434605 0.036857 1.861022
-0.379638 -0.436529 1.636277
-0.404297 -0.414347 1.736256
-0.382095 -0.340166 1.649771
-0.430417 0.018070 1.850511
-0.427996 -0.148234 1.842102
-0.427996 -0.148234 1.842102
-0.421669 -0.096624 1.833827
-0.425908 -0.114754 1.854954
-0.439586 -0.123750 1.917088
-0.360168 -0.418514 1.587809
-0.393671 0.046193 1.734506
-0.358282 -0.348718 1.594039
-0.406005 0.129072 1.797062
-0.415718 -0.058863 1.836836
-0.402517 -0.153736 1.789066
-0.338100 -0.364566 1.520173
-0.416006 -0.052266 1.852345
-0.394444 0.111001 1.765324
-0.427850 0.030069 1.905220
-0.394692 0.110361 1.767278
-0.410118 -0.080818 1.830374
-0.400966 -0.102952 1.793917
-0.434214 -0.693175 1.938462
-0.367478 -0.300268 1.672883
-0.400859 -0.044650 1.819845
-0.378900 -0.061654 1.727695
-0.409031 -0.117966 1.856479
-0.394201 -0.077811 1.808761
-0.355289 -0.365513 1.640929
-0.388488 -0.127670 1.790187
-0.399750 -0.049625 1.845331
-0.343983 -0.394201 1.599640
-0.401288 0.050867 1.854578
-0.382254 -0.086839 1.780554
-0.351966 -0.351206 1.646658
-0.322339 -0.290543 1.519607
-0.395226 -0.666429 1.838969
-0.395226 -0.666429 1.838969
-0.389785 -0.061931 1.829854
-0.368728 -0.045255 1.747324
-0.368933 -0.307631 1.764151
-0.378397 -0.029613 1.812734
-0.379969 -0.075149 1.821714
-0.379969 -0.075149 1.821714
-0.361756 0.056624 1.751417
-0.358851 -0.021600 1.744271
-0.366230 -0.243767 1.789307
-0.366230 -0.243767 1.789307
-0.347245 -0.220913 1.704368
-0.385041 -0.099596 1.879712
-0.380688 -0.712758 1.854596
-0.352215 -0.068261 1.743607
-0.384250 -0.089785 1.893528
-0.387774 0.028865 1.925261
-0.308637 -0.306052 1.556880
-0.318147 -0.319328 1.601585
-0.318147 -0.319328 1.601585
-0.391645 -0.652758 1.946887
-0.309438 -0.306727 1.612624
-0.311425 -0.345897 1.624055
-0.303290 -0.363220 1.585359
-0.460107 0.024373 2.375509
-0.350141 -0.665231 1.835592
-0.529650 0.145610 2.739492
-0.450016 -0.059887 2.355381
-0.495910 0.109149 2.591412
-0.357622 -0.700876 1.895871
-0.313661 -0.307192 1.688929
-0.447516 -0.057376 2.374800
-0.468498 -0.115064 2.483447
-0.355621 -0.740991 1.904818
-0.499636 0.125435 2.667186
-0.458530 0.053649 2.465553
-0.462769 0.068959 2.488714
-0.356942 -0.625678 1.938421
-0.420322 -0.151706 2.276087
-0.447057 -0.080086 2.416032
-0.295820 -0.274821 1.641704
-0.303809 -0.378869 1.682182
-0.451910 -0.001365 2.467275
-0.469277 -0.014600 2.560380
-0.415788 -0.140043 2.285144
-0.489714 0.065773 2.679614
-0.418362 -0.236949 2.308837
-0.426646 -0.168137 2.363512
-0.539973 0.366513 2.969301
-0.364872 -0.645885 2.031708
-0.432906 0.026865 2.405630
-0.408003 -0.173414 2.279210
-0.473573 0.082127 2.642558
-0.476400 0.089230 2.657804
-0.407105 -0.154928 2.287277
-0.494700 0.133837 2.762762
-0.508098 0.404837 2.841020
-0.496850 0.290522 2.782409
-0.472281 0.112605 2.648268
-0.464361 0.058790 2.605081
-0.440253 -0.030757 2.488723
-0.494520 0.324592 2.793750
-0.447001 0.047431 2.535110
-0.467476 0.164892 2.655504
-0.467313 0.157073 2.655325
-0.499694 0.478460 2.846846
-0.487046 -0.003028 2.771430
-0.477611 0.202280 2.737089
-0.479212 0.535721 2.772944
-0.499563 0.233669 2.887951
-0.420383 -0.202767 2.446444
-0.420383 -0.202767 2.446444
-0.475289 0.089471 2.772516
-0.453442 0.206738 2.660284
-0.505643 0.358341 2.959552
-0.417031 -0.149202 2.459082
-0.420958 -0.144887 2.484250
-0.399156 -0.167924 2.361635
-0.485800 0.522412 2.868586
-0.432020 0.049677 2.571326
-0.432020 0.049677 2.571326
-0.475264 0.322244 2.823287
-0.475264 0.322244 2.823287
-0.497206 0.548797 2.953446
-0.398245 -0.209315 2.379443
-0.264603 -0.366699 1.619974
-0.500031 0.366903 2.981546
-0.480022 0.287321 2.867947
-0.457785 0.136660 2.745382
-0.457785 0.136660 2.745382
-0.407947 -0.040191 2.458831
-0.357742 -0.705297 2.162760
-0.472838 0.265724 2.842935
-0.482616 0.574001 2.906946
-0.475185 0.469245 2.867791
-0.412181 -0.024989 2.498678
-0.418800 0.003925 2.541799
-0.475443 0.414248 2.881137
-0.478758 0.553404 2.911570
-0.478758 0.553404 2.911570
-0.412894 0.037093 2.520414
-0.470052 0.529262 2.861630
-0.496471 0.193516 3.014885
-0.496471 0.193516 3.014885
-0.325874 -0.647573 2.013394
-0.328090 -0.780276 2.025311
-0.457943 0.486253 2.809779
-0.474983 0.192586 2.909614
-0.458417 0.278821 2.818499
-0.439244 0.160066 2.704036
-0.446986 0.098412 2.751058
-0.411615 -0.196837 2.544869
-0.486016 0.444698 2.997276
-0.379175 -0.145451 2.360189
-0.420665 -0.021594 2.608754
-0.441788 0.581415 2.748675
-0.477686 0.497181 2.964676
-0.472630 0.442683 2.935544
-0.443175 0.288632 2.758488
-0.475025 0.428409 2.957852
-0.383170 -0.161602 2.404709
-0.383170 -0.161602 2.404709
-0.492026 0.586746 3.071867
-0.299061 -0.711189 1.897094
-0.459302 0.269439 2.874820
-0.453673 0.441212 2.844251
-0.464895 0.520822 2.915582
-0.486937 0.597693 3.052569
-0.449845 0.212589 2.825994
-0.486343 0.342237 3.051589
-0.436101 0.443859 2.761507
-0.451150 0.534514 2.853895
-0.464445 0.606774 2.939916
-0.466875 0.602544 2.959230
-0.452590 0.313270 2.876233
-0.385325 -0.100663 2.468084
-0.385325 -0.100663 2.468084
-0.474788 0.562377 3.040092
-0.481928 0.477424 3.099955
-0.428042 0.001577 2.762595
-0.314864 -0.654838 2.055653
-0.450032 0.511576 2.919958
-0.450032 0.511576 2.919958
-0.371760 -0.076819 2.430145
-0.467583 0.223954 3.035815
-0.468054 0.620463 3.065837
-0.468054 0.620463 3.065837
-0.338972 -0.732244 2.242450
-0.449755 0.227663 2.962454
-0.446566 0.292637 2.943648
-0.400578 -0.061416 2.650915
-0.435495 0.446355 2.881965
-0.423693 0.583156 2.823310
-0.399465 -0.017764 2.663367
-0.409825 0.024875 2.733853
-0.409825 0.024875 2.733853
-0.434845 0.668080 2.910230
-0.427648 0.340610 2.875062
-0.438861 0.296487 2.956483
-0.450907 0.575810 3.039587
-0.410734 0.115716 2.775993
-0.452734 0.498946 3.054626
-0.452734 0.498946 3.054626
-0.380413 -0.211497 2.574854
-0.417193 0.528557 2.830146
-0.450690 0.585595 3.048128
-0.354628 -0.276982 2.411792
-0.429068 0.460947 2.909524
-0.448515 0.489182 3.038618
-0.368597 -0.102652 2.513369
-0.371729 -0.110678 2.556076
-0.371929 -0.111282 2.558173
-0.427562 0.402833 2.933300
-0.438434 0.400660 3.009618
-0.319064 -0.708366 2.211785
-0.341851 -0.137315 2.376099
-0.276142 -0.748253 1.937543
-0.442786 0.330508 3.063472
-0.411406 0.127884 2.863071
-0.379504 -0.089306 2.648834
-0.435208 0.458505 3.030777
-0.444952 0.307710 3.092948
-0.444952 0.307710 3.092948
-0.391151 0.212477 2.744505
-0.306210 -0.802858 2.157544
-0.444801 0.519737 3.116657
-0.393105 -0.002232 2.760965
-0.393105 -0.002232 2.760965
-0.419802 0.434554 2.949409
-0.319743 -0.733958 2.258899
-0.411823 0.317957 2.902651
-0.410257 0.692344 2.905682
-0.424090 0.304096 2.997600
-0.409468 0.123235 2.901557
-0.364205 0.023730 2.598549
-0.363405 0.023007 2.594817
-0.424177 0.395493 3.024381
-0.424177 0.395493 3.024381
-0.414898 0.632234 2.972278
-0.422158 0.597681 3.025458
-0.403638 0.587525 2.900087
-0.390447 0.664135 2.814277
-0.274564 -0.722925 1.995042
-0.414811 0.256223 2.988143
-0.404841 0.351480 2.922960
-0.320764 -0.167120 2.334455
-0.391444 0.690458 2.839724
-0.390358 0.700024 2.835063
-0.390358 0.700024 2.835063
-0.367440 -0.082320 2.669305
-0.414350 0.423884 3.007018
-0.404654 0.261634 2.939325
-0.388007 0.144830 2.824611
-0.281198 -0.789820 2.064501
-0.295014 -0.708834 2.168281
-0.399725 0.599162 2.928837
-0.399725 0.599162 2.928837
-0.382065 0.176607 2.801854
-0.274760 -0.782846 2.032163
-0.379165 0.631792 2.795202
-0.300127 -0.702862 2.214526
-0.386792 0.059654 2.842156
-0.423432 0.553877 3.128952
-0.266155 -0.756075 1.991671
-0.355801 0.113742 2.646153
-0.395444 0.225927 2.934191
-0.283959 -0.730292 2.124977
-0.349188 -0.098993 2.608639
-0.408787 0.298619 3.046959
-0.368286 0.020527 2.762600
-0.426901 0.523919 3.197873
-0.417835 0.682951 3.146480
-0.406519 0.441137 3.069996
-0.368637 0.132046 2.803693
-0.426649 0.453101 3.232651
-0.396439 0.372241 3.014578
-0.399713 0.551959 3.050971
-0.385300 0.249152 2.948465
-0.410560 0.357609 3.152283
-0.410560 0.357609 3.152283
-0.354790 0.112788 2.752021
-0.404030 0.476782 3.123973
-0.257716 -0.718538 2.021030
-0.286831 -0.706723 2.240823
-0.398898 0.401996 3.102810
-0.381022 0.679417 2.988174
-0.395404 0.291959 3.096215
-0.411815 0.384605 3.222457
-0.280207 -0.690098 2.213311
-0.374563 0.645700 2.953617
-0.308773 -0.167772 2.443672
-0.393456 0.330530 3.094838
-0.401969 0.596787 3.178931
-0.401969 0.596787 3.178931
-0.259997 -0.786651 2.075792
-0.401706 0.523907 3.184253
-0.401706 0.523907 3.184253
-0.367256 0.173151 2.916812
-0.378870 0.314978 3.009339
-0.378870 0.314978 3.009339
-0.377342 0.517428 3.007573
-0.342117 0.035507 2.748375
-0.376904 0.724833 3.044401
-0.308665 -0.205948 2.501135
-0.296423 -0.159368 2.411444
-0.365665 0.462810 2.970704
-0.252526 -0.807946 2.069952
-0.353325 0.411979 2.889184
-0.379910 0.451078 3.099844
-0.375879 0.272413 3.068734
-0.401169 0.395504 3.272722
-0.358910 0.279424 2.948435
-0.306625 -0.202140 2.528442
-0.306625 -0.202140 2.528442
-0.362043 0.481607 2.986067
-0.384976 0.396668 3.165840
-0.374801 0.361364 3.086933
-0.374801 0.361364 3.086933
-0.390853 0.445690 3.218149
-0.388011 0.420072 3.209444
-0.370649 0.322460 3.070323
-0.251143 -0.781939 2.107019
-0.398901 0.571451 3.314198
-0.325215 0.090114 2.718384
-0.353824 0.163846 2.952430
-0.360663 0.276222 3.009839
-0.321348 -0.016059 2.692514
-0.357752 0.564287 2.999299
-0.365609 0.672790 3.072192
-0.254632 -0.769051 2.153170
-0.340442 0.650087 2.880952
-0.333582 0.051689 2.811053
-0.371018 0.404461 3.143163
-0.355756 0.649272 3.039455
-0.391651 0.472439 3.332889
-0.391651 0.472439 3.332889
-0.363893 0.375801 3.110256
-0.285975 -0.179995 2.464343
-0.321303 0.163623 2.761364
-0.230766 -0.723362 2.004751
-0.286016 -0.206596 2.471282
-0.240950 -0.780556 2.090099
-0.340476 0.168917 2.946860
-0.346166 0.728412 3.011035
-0.350840 0.600359 3.046364
-0.359790 0.629328 3.124651
-0.361200 0.302607 3.135833
-0.348508 0.147674 3.035555
-0.373652 0.631255 3.272153
-0.364091 0.412963 3.196663
-0.365146 0.552459 3.213493
-0.365146 0.552459 3.213493
-0.310973 0.019240 2.747117
-0.242075 -0.690286 2.155197
-0.246977 -0.687091 2.199510
-0.333459 0.142057 2.964856
-0.240244 -0.796100 2.150652
-0.230773 -0.735331 2.074247
-0.316764 0.109555 2.831678
-0.366325 0.296778 3.266840
-0.361073 0.474322 3.242044
-0.354674 0.580444 3.203481
-0.339336 0.438536 3.084247
-0.330718 0.252014 3.010763
-0.326434 0.286654 2.975277
-0.270277 -0.146542 2.478812
-0.328826 0.215565 3.009952
-0.317622 0.180292 2.914232
-0.356826 0.646773 3.273879
-0.258495 -0.288033 2.401140
-0.350436 0.346543 3.227888
-0.350436 0.346543 3.227888
-0.336598 0.577595 3.114378
-0.309455 0.689411 2.882059
-0.236197 -0.800271 2.202165
-0.297311 0.680947 2.811298
-0.355801 0.648216 3.336583
-0.332305 0.285202 3.127866
-0.229526 -0.750017 2.181026
-0.340538 0.454827 3.213643
-0.301986 0.063210 2.859107
-0.278814 -0.087383 2.652266
-0.278814 -0.087383 2.652266
-0.324316 0.501369 3.086918
-0.342009 0.380381 3.243201
-0.225739 -0.801108 2.160549
-0.306220 0.236007 2.948410
-0.300122 0.241336 2.908176
-0.309690 0.211971 2.995398
-0.296560 0.249353 2.892565
-0.296560 0.249353 2.892565
-0.215557 -0.788059 2.115768
-0.338573 0.585689 3.299743
-0.310888 0.507746 3.045169
-0.324236 0.575143 3.174687
-0.324236 0.575143 3.174687
-0.316547 0.379831 3.107881
-0.304709 0.327313 2.999895
-0.289242 0.686666 2.872472
-0.313760 0.676964 3.106137
-0.286607 0.691725 2.859074
-0.282079 -0.062799 2.792564
-0.291777 0.672756 2.912166
-0.225528 -0.855958 2.241182
-0.309355 0.432495 3.070866
-0.328893 0.571310 3.261708
-0.325006 0.650301 3.264768
-0.310247 0.408157 3.119202
-0.325745 0.420457 3.267539
-0.217023 -0.824015 2.191982
-0.284615 0.159410 2.872860
-0.272293 0.018835 2.768155
-0.268417 0.019171 2.733866
-0.284611 0.135772 2.902370
-0.284611 0.135772 2.902370
-0.307470 0.461504 3.138246
-0.307470 0.461504 3.138246
-0.291383 0.201560 2.987643
-0.289689 0.074581 2.972520
-0.201617 -0.762377 2.091890
-0.318811 0.628391 3.311504
-0.303781 0.289344 3.161089
-0.281233 0.714521 2.962525
-0.280529 0.307208 2.943700
-0.287853 0.451149 3.022136
-0.283671 0.685875 3.021982
-0.298075 0.425503 3.169808
-0.288645 0.180596 3.070432
-0.276131 0.663303 2.985862
-0.208419 -0.720851 2.250534
-0.271494 0.689034 2.950113
-0.304992 0.551312 3.329135
-0.280907 0.358571 3.076160
-0.264822 0.218777 2.906918
-0.276786 0.341461 3.044941
-0.283525 0.537720 3.123083
-0.290176 0.476623 3.199024
-0.277379 0.213047 3.069347
-0.192793 -0.774172 2.148052
-0.268671 0.659672 3.054034
-0.284525 0.719170 3.242179
-0.180538 -0.751799 2.072468
-0.249971 0.634846 2.902047
-0.249825 0.182294 2.898375
-0.281670 0.607437 3.265923
-0.184715 -0.779701 2.161795
-0.242094 0.235656 2.833503
-0.271217 0.399617 3.163040
-0.238928 0.126917 2.799260
-0.283499 0.689261 3.319213
-0.186911 -0.810090 2.194867
-0.246582 0.687591 2.921583
-0.243455 0.000811 2.862899
-0.243455 0.000811 2.862899
-0.267979 0.369997 3.161502
-0.185770 -0.835737 2.213283
-0.245244 0.167385 2.938089
-0.255444 0.590621 3.089098
-0.263859 0.410570 3.192829
-0.230797 0.701026 2.862427
-0.170281 -0.770032 2.107041
-0.257938 0.682087 3.183327
-0.247711 0.704381 3.069516
-0.246389 0.549393 3.060049
-0.245675 0.699756 3.087871
-0.196401 -0.230858 2.492853
-0.234716 0.186290 2.967108
-0.230101 0.623429 2.946462
-0.230101 0.623429 2.946462
-0.252642 0.589748 3.228550
-0.252642 0.589748 3.228550
-0.229990 0.622089 3.009384
-0.229990 0.622089 3.009384
-0.169951 -0.698681 2.222623
-0.219570 0.622948 2.893682
-0.229701 0.700484 3.026148
-0.164281 -0.825388 2.188765
-0.222778 0.576127 2.984083
-0.160260 -0.819460 2.219774
-0.176255 -0.256042 2.477973
-0.176255 -0.256042 2.477973
-0.198052 0.649144 2.905540
-0.138238 -0.800014 2.177444
-0.149371 -0.917305 2.336176
-0.139583 -0.888696 2.285166
-0.113219 -0.744737 2.131865
-0.104281 -0.901359 2.409200
-0.088088 0.088930 2.233464
-0.094251 -0.881291 2.443435
-0.092458 -0.827173 2.448165
-0.077335 0.131483 2.223058
-0.085218 -0.888584 2.367302
-0.069987 -0.825806 2.349311
-0.052218 0.107734 2.177608
-0.051124 0.021646 2.206030
-0.056101 -0.821907 2.402415
-0.044873 -0.905716 2.425666
-0.036582 0.050005 2.298403
-0.032090 -0.864770 2.385712
-0.029351 -0.903551 2.396557
-0.021863 0.034540 2.210075
-0.018830 -0.870058 2.356457
-0.002455 -0.419721 1.843213
0.000980 0.061698 2.166015
0.001096 -0.146226 2.092231
0.003394 -0.129458 2.177037
0.006433 -0.383410 1.822501
0.010526 -0.097428 2.243091
0.014065 0.043854 2.322245
0.013229 -0.431517 1.865726
0.015201 -0.428123 1.916165
0.019961 0.037014 2.316938
0.020657 -0.456299 1.912850
0.024468 -0.482301 1.902303
0.029597 -0.124894 2.164620
0.032863 -0.064237 2.310255
0.033710 0.110354 2.230596
0.033710 0.061205 2.221304
0.033883 0.095913 2.199215
0.033883 0.095913 2.199215
0.033518 -0.068939 2.128699
0.035229 0.047235 2.209070
0.036391 -0.166276 2.257339
0.036391 -0.166276 2.257339
0.037210 -0.185290 2.208276
0.039361 0.073544 2.249560
0.037053 -0.235357 2.119254
0.038951 0.059657 2.154289
0.039954 0.109177 2.136338
0.037986 -0.351504 2.038981
0.038566 -0.396500 1.879816
0.051278 -0.054467 2.286349
0.050256 -0.144688 2.246136
0.045674 -0.304036 2.014753
0.052188 0.089362 2.214641
0.052680 0.088097 2.218876
0.043811 -0.450547 1.901256
0.052118 0.049588 2.154011
0.052564 -0.155166 2.143167
0.054726 -0.083336 2.169220
0.054726 -0.083336 2.169220
0.055966 -0.038775 2.203990
0.047225 -0.444176 1.898183
0.057576 -0.120394 2.240204
0.063393 0.067046 2.277611
0.062531 0.046616 2.241278
0.063890 -0.180772 2.263416
0.064921 0.040675 2.251729
0.058688 -0.296969 1.993598
0.064665 -0.204337 2.187094
0.055985 -0.362298 1.861808
0.057861 -0.353383 1.901342
0.070525 -0.038111 2.171477
0.063257 -0.309255 1.953012
0.074966 0.080760 2.268746
0.074722 0.089344 2.234899
0.072688 0.102045 2.154147
0.074154 -0.146147 2.221880
0.084032 0.114843 2.371165
0.079938 -0.169130 2.255458
0.073017 -0.260253 2.039389
0.079619 0.115943 2.137210
0.075489 -0.246939 2.047597
0.072362 -0.395255 1.972772
0.072362 -0.395255 1.972772
0.084414 -0.175476 2.279132
0.076972 -0.315297 2.062597
0.071720 -0.427895 1.880906
0.079150 -0.182107 2.018405
0.089809 -0.072567 2.276711
0.095506 0.057405 2.405443
0.089721 0.017470 2.182032
0.083774 -0.489828 2.002004
0.093816 0.007546 2.168879
0.094452 -0.049461 2.166544
0.096397 -0.170930 2.219823
0.098130 -0.090602 2.246946
0.097730 -0.162225 2.239711
0.099598 0.080926 2.224473
0.085604 -0.459154 1.927975
0.093005 -0.216841 2.054009
0.101522 -0.027543 2.199743
0.102601 0.049347 2.214954
0.097275 -0.244638 2.097756
0.094892 -0.451240 2.066376
0.088829 -0.378692 1.885273
0.094214 -0.356853 1.960931
0.103904 0.107607 2.115900
0.100799 -0.359678 2.093828
0.095311 -0.496517 1.969426
0.111251 -0.150956 2.193825
0.119412 0.082846 2.329268
0.116368 0.076667 2.252871
0.116368 0.076667 2.252871
0.104639 -0.218788 2.040231
0.104639 -0.218788 2.040231
0.097804 -0.435950 1.914268
0.130491 -0.914853 2.560520
0.107847 -0.475667 1.996213
0.107760 -0.395998 1.962905
0.111146 -0.402897 2.017609
0.137044 -0.908814 2.523943
0.113640 -0.263741 2.034154
0.112248 -0.276789 1.995431
0.120632 -0.176106 2.128533
0.116083 -0.247783 2.048601
0.113868 -0.379778 1.998525
0.115288 -0.303396 2.001624
0.115288 -0.303396 2.001624
0.110635 -0.378463 1.923221
0.121638 -0.236863 2.080810
0.113056 -0.375450 1.938042
0.117801 -0.337435 1.999852
0.125275 -0.205272 2.110485
0.127626 -0.319037 2.148999
0.148637 -0.933287 2.554764
0.122415 -0.414563 2.057284
0.122415 -0.414563 2.057284
0.110962 -0.451297 1.858086
0.141525 -0.119709 2.320042
0.129757 -0.172368 2.115008
0.136641 -0.099314 2.209478
0.131350 -0.060691 2.085949
0.127467 -0.396519 2.037856
0.123864 -0.363191 1.971967
0.123864 -0.363191 1.971967
0.127102 -0.262135 2.006441
0.128719 -0.407778 2.039846
0.128863 -0.414977 2.041600
0.139768 -0.232834 2.166130
0.134493 -0.447046 2.069426
0.152699 0.046841 2.314152
0.132962 -0.265826 2.027262
0.140082 -0.176614 2.129732
0.132613 -0.254443 1.989956
0.127499 -0.380504 1.908149
0.141261 -0.354901 2.064315
0.181453 -0.897550 2.690071
0.140298 -0.448815 2.049503
0.140575 -0.247248 2.019199
0.178298 -0.891164 2.605586
0.134303 -0.377464 1.912529
0.143779 -0.148003 2.021450
0.163771 0.031042 2.272396
0.163771 0.031042 2.272396
0.186560 -0.938479 2.598651
0.134152 -0.457708 1.820785
0.187922 -1.009048 2.561789
0.198323 -0.963268 2.606527
0.164226 -0.356269 2.116533
0.155614 -0.414723 1.966281
0.206641 -0.918356 2.619114
0.202486 -0.820953 2.537436
0.162248 -0.445354 1.975853
0.172850 -0.439028 2.020200
0.166564 -0.345029 1.936493
0.177453 -0.485148 2.042497
0.166585 -0.428776 1.903960
0.171301 -0.445404 1.945404
0.175024 -0.426243 1.944034
0.184534 -0.473620 2.034596
0.179066 -0.467952 1.930287
0.231229 -0.939531 2.509398
0.251081 -0.903964 2.712980
0.169324 -0.328214 1.807900
0.241658 -0.900344 2.599089
0.171471 -0.321780 1.817862
0.177164 -0.375862 1.857093
0.178227 -0.318161 1.857284
0.255826 -0.894775 2.633951
0.255856 -0.894713 2.632968
0.205721 -0.519714 2.091592
0.250862 -0.838058 2.539389
0.204291 -0.470473 2.042394
0.180458 -0.249134 1.789575
0.262156 -0.875356 2.605060
0.191085 -0.407111 1.878597
0.199166 -0.415350 1.955066
0.176235 -0.249004 1.694784
0.203643 -0.474655 1.966010
0.195173 -0.507787 1.883973
0.271070 -0.954395 2.620148
0.262275 -0.861560 2.526651
0.181691 -0.284596 1.715977
0.203187 -0.406822 1.904592
0.276447 -0.929575 2.596036
0.276447 -0.929575 2.596036
0.287340 -0.930535 2.649060
0.182748 -0.266221 1.661155
0.197748 -0.317633 1.747537
0.295206 -0.828771 2.587802
0.324219 -0.824511 2.700281
0.319226 -0.902164 2.554430
0.339894 -0.791327 2.624782
0.339894 -0.791327 2.624782
0.326505 -0.797628 2.510310
0.343570 -0.782778 2.633334
0.334777 -0.760051 2.561043
0.187215 -0.181225 1.410203
0.184361 -0.159415 1.383224
0.350852 -0.810308 2.621272
0.224967 -0.305806 1.671190
0.373335 -0.819043 2.728064
0.366799 -0.919164 2.617037
0.356144 -0.889234 2.536909
0.233751 -0.295010 1.632809
0.382551 -0.830543 2.648059
0.403866 -0.821306 2.696972
0.382801 -0.781417 2.480647
0.387931 -0.764344 2.508045
0.220129 -0.227700 1.415752
0.207944 -0.195656 1.336907
0.427817 -0.841034 2.683393
0.225814 -0.187442 1.397033
0.447047 -0.828600 2.679744
0.249595 -0.286026 1.484040
0.240075 -0.169272 1.401856
0.233046 -0.247046 1.354623
0.464300 -0.865185 2.670406
0.248888 -0.333503 1.415782
0.487906 -0.937070 2.660115
0.489833 -0.894503 2.649633
0.271442 -0.340551 1.468732
0.271442 -0.340551 1.468732
0.256688 -0.276472 1.386344
0.505741 -0.910848 2.679899
0.485890 -0.841818 2.563427
0.287777 -0.257954 1.521057
0.511008 -0.927925 2.680037
0.279168 -0.300613 1.471730
0.283425 -0.179136 1.475271
0.515319 -0.964550 2.660330
0.281335 -0.295384 1.398259
0.293318 -0.158397 1.431919
0.299284 -0.187403 1.449756
0.533814 -0.842029 2.548904
0.296357 -0.255751 1.423736
0.586022 -0.945582 2.718310
0.336508 -0.213459 1.544609
0.576633 -0.888639 2.606499
0.581976 -0.841238 2.611525
0.309396 -0.304328 1.382451
0.352568 -0.280686 1.564768
0.332804 -0.389854 1.441704
0.347950 -0.284590 1.483867
0.357951 -0.316059 1.512427
0.370340 -0.283892 1.505673
0.382143 -0.353810 1.505285
0.359631 -0.166852 1.413162
0.377608 -0.318097 1.438131
0.401266 -0.368727 1.513676
0.378363 -0.259929 1.402158
0.380120 -0.322026 1.387577
0.737649 -0.857439 2.612916
0.388651 -0.258983 1.389994
0.404229 -0.247744 1.440034
0.416785 -0.362011 1.457242
0.390944 -0.251004 1.363184
0.394268 -0.255677 1.368151
0.772669 -0.878358 2.627475
0.422860 -0.317048 1.445910
0.421559 -0.241840 1.430308
0.439043 -0.349500 1.488696
0.792897 -0.831504 2.654100
0.759261 -0.826563 2.542423
0.411404 -0.242697 1.357244
0.457520 -0.372088 1.501412
0.422030 -0.182694 1.375305
0.539714 -0.440937 1.724128
0.569351 -0.478891 1.812378
0.832902 -0.871232 2.624012
0.559725 -0.384711 1.744148
0.559725 -0.384711 1.744148
0.586300 -0.472731 1.813100
0.869032 -0.911588 2.638551
0.595621 -0.418226 1.796289
0.580852 -0.408414 1.735098
0.622318 -0.459240 1.847616
0.596431 -0.393422 1.757310
0.896119 -0.864546 2.596236
0.925480 -0.882794 2.621858
0.973330 -0.859700 2.626775
0.963779 -0.865461 2.588218
0.976415 -0.872223 2.603990
0.771601 -0.594642 1.657911
0.760929 -0.566167 1.608596
0.775725 -0.560831 1.587479
0.775725 -0.560831 1.587479
0.768185 -0.568349 1.572210
0.772990 -0.535067 1.563205
0.860008 -0.571589 1.621315
1.065358 -0.529327 1.949081
-0.483084 -0.063214 0.623819
-0.511673 -0.054636 0.661950
-0.498786 -0.059392 0.645557
-0.480535 -0.133580 0.628607
-0.480535 -0.133580 0.628607
-0.494167 -0.109446 0.647417
-0.477875 -0.125201 0.628966
-0.502827 -0.055659 0.662241
-0.502827 -0.055659 0.662241
-0.502748 -0.061317 0.664277
-0.492729 -0.072706 0.651546
-0.493592 -0.119992 0.655384
-0.474686 -0.171322 0.632161
-0.472059 -0.171206 0.629272
-0.467882 -0.089979 0.624372
-0.488388 -0.088296 0.654138
-0.489166 -0.148662 0.656551
-0.492494 -0.062313 0.665430
-0.502158 -0.125811 0.681222
-0.475970 -0.184223 0.649413
-0.490569 -0.121388 0.674633
-0.489491 -0.109996 0.677272
-0.472979 -0.140285 0.655756
-0.472070 -0.092125 0.660537
-0.472670 -0.119475 0.663055
-0.460448 -0.112837 0.655428
-0.446159 -0.095010 0.636136
-0.461134 -0.154150 0.659955
-0.459293 -0.161341 0.659629
-0.468471 -0.173103 0.676187
-0.455861 -0.121928 0.666961
-0.461810 -0.065757 0.678939
-0.445749 -0.139386 0.660569
-0.451412 -0.194211 0.670025
-0.447799 -0.053163 0.675214
-0.444151 -0.075833 0.671596
-0.452433 -0.076049 0.691178
-0.453285 -0.209238 0.698232
-0.453285 -0.209238 0.698232
-0.445878 -0.122097 0.705860
-0.445878 -0.122097 0.705860
-0.445258 -0.057486 0.705731
-0.447548 -0.223260 0.718346
-0.441306 -0.082063 0.716656
-0.449245 -0.187254 0.731959
-0.438029 -0.216363 0.714816
-0.435371 -0.203695 0.727212
-0.428963 -0.226108 0.723104
-0.399169 -0.145386 0.777771
-0.399169 -0.145386 0.777771
-0.388254 -0.160780 0.772907
-0.406399 -0.175202 0.816289
-0.402395 -0.173875 0.821251
-0.394796 -0.133826 0.826578
-0.376060 -0.169668 0.800800
-0.387542 -0.152374 0.830131
-0.383733 -0.217199 0.845861
-0.371009 -0.159978 0.819861
-0.371747 -0.217470 0.844327
-0.374344 -0.216072 0.872995
-0.371633 -0.221972 0.867735
-0.367632 -0.206132 0.860926
-0.360610 -0.213346 0.869811
-0.350431 -0.162591 0.851170
-0.354372 -0.223436 0.879277
-0.351122 -0.230957 0.878679
-0.305508 -0.275106 0.921131
-0.300426 -0.319574 0.911873
-0.295229 -0.285163 0.941414
-0.292052 -0.289221 0.939401
-0.278023 -0.297701 0.958589
-0.270413 -0.305249 0.939905
-0.266969 -0.306886 0.932472
-0.272486 -0.302735 0.975070
-0.271463 -0.326616 0.976259
-0.265240 -0.338153 0.976969
-0.251766 -0.280794 0.926694
-0.264315 -0.277969 0.989435
-0.257448 -0.297628 0.991256
-0.244201 -0.271679 0.937973
-0.249826 -0.313684 0.966179
-0.249826 -0.313684 0.966179
-0.243589 -0.293880 0.977691
-0.234280 -0.299549 0.969251
-0.235951 -0.337290 0.977907
-0.233589 -0.346120 0.998419
-0.235273 -0.285554 1.008748
-0.225432 -0.283852 0.994263
-0.226246 -0.323594 1.003675
-0.213625 -0.274853 0.987781
-0.210138 -0.302764 0.970491
-0.215392 -0.360287 1.034032
-0.207741 -0.356554 1.010639
-0.196881 -0.312589 0.971847
-0.196986 -0.216171 0.981279
-0.203939 -0.395163 1.029755
-0.203424 -0.405090 1.035355
-0.191510 -0.229404 0.980515
-0.196307 -0.295408 1.018488
-0.194118 -0.250839 1.010241
-0.192018 -0.330517 0.997384
-0.184990 -0.239265 0.999943
-0.189242 -0.376389 1.023352
-0.181930 -0.220567 0.992171
-0.183556 -0.219033 1.023768
-0.183834 -0.344797 1.020088
-0.186684 -0.108898 1.078240
-0.186684 -0.108898 1.078240
-0.183770 -0.254190 1.052962
-0.181421 -0.384050 1.038022
-0.175643 -0.328070 1.008536
-0.179208 -0.265714 1.048669
-0.181291 -0.112931 1.072463
-0.177276 -0.365016 1.036511
-0.169295 -0.411500 1.043218
-0.169295 -0.411500 1.043218
-0.165231 -0.257977 1.031232
-0.166932 -0.373295 1.046339
-0.165664 -0.413080 1.055348
-0.161195 -0.346689 1.042167
-0.161080 -0.387359 1.044866
-0.155483 -0.354017 1.023115
-0.152141 -0.240900 1.063699
-0.155504 -0.279925 1.098806
-0.155162 -0.295513 1.104534
-0.147211 -0.347591 1.046082
-0.148054 -0.308277 1.082758
-0.143389 -0.244815 1.067400
-0.143389 -0.244815 1.067400
-0.144352 -0.395757 1.065549
-0.142813 -0.256614 1.076555
-0.141217 -0.269294 1.063152
-0.140292 -0.363177 1.049244
-0.134027 -0.309371 1.028479
-0.134922 -0.250929 1.063891
-0.135227 -0.399679 1.056704
-0.135375 -0.239645 1.089174
-0.135375 -0.239645 1.089174
-0.129991 -0.319351 1.032115
-0.129691 -0.374607 1.065545
-0.129457 -0.370653 1.065427
-0.129713 -0.263284 1.083282
-0.121455 -0.358972 1.075068
-0.115414 -0.299544 1.040497
-0.113548 -0.311202 1.039504
-0.120265 -0.399029 1.139800
-0.120265 -0.399029 1.139800
-0.111882 -0.271884 1.058485
-0.111882 -0.271884 1.058485
-0.113497 -0.231160 1.089342
-0.113614 -0.371271 1.076685
-0.105755 -0.230413 1.085496
-0.109876 -0.386195 1.141712
-0.107195 -0.380256 1.134829
-0.106413 -0.393480 1.122847
-0.104344 -0.410967 1.127527
-0.102949 -0.367760 1.121169
-0.097979 -0.214007 1.101296
-0.099820 -0.389124 1.125084
-0.100633 -0.416104 1.142366
-0.096680 -0.357272 1.115496
-0.096879 -0.338365 1.137863
-0.093264 -0.261905 1.092853
-0.092611 -0.216622 1.092413
-0.098080 -0.389922 1.174395
-0.098080 -0.389922 1.174395
-0.096735 -0.419315 1.151254
-0.090105 -0.221054 1.099615
-0.092714 -0.371264 1.137958
-0.093356 -0.459744 1.143872
-0.092736 -0.433923 1.151811
-0.091289 -0.377892 1.137109
-0.088223 -0.226198 1.104628
-0.091376 -0.370580 1.166437
-0.090099 -0.417274 1.152719
-0.086517 -0.344665 1.144319
-0.084875 -0.329035 1.146958
-0.083334 -0.401600 1.143876
-0.082470 -0.387160 1.150061
-0.078576 -0.221352 1.101678
-0.082414 -0.422621 1.149981
-0.078868 -0.212364 1.118539
-0.080689 -0.453787 1.130942
-0.075735 -0.213629 1.091029
-0.077264 -0.347045 1.122587
-0.075561 -0.331925 1.153810
-0.075382 -0.342061 1.153109
-0.075382 -0.342061 1.153109
-0.074427 -0.315435 1.147068
-0.074433 -0.297976 1.155993
-0.073498 -0.327408 1.133653
-0.073689 -0.302379 1.154698
-0.069702 -0.234742 1.110168
-0.067928 -0.201318 1.112638
-0.069230 -0.458429 1.147367
-0.066364 -0.285467 1.134894
-0.064371 -0.294409 1.154986
-0.060903 -0.111078 1.129284
-0.061557 -0.228097 1.132758
-0.059250 -0.226362 1.111468
-0.055970 -0.114936 1.121070
-0.058718 -0.377222 1.135566
-0.056005 -0.456028 1.167576
-0.051274 -0.221305 1.134749
-0.051804 -0.258882 1.153892
-0.051262 -0.262813 1.144785
-0.047684 -0.112265 1.138193
-0.047983 -0.197870 1.148949
-0.049099 -0.317844 1.146797
-0.048665 -0.275062 1.164586
-0.048413 -0.278749 1.147697
-0.046161 -0.177657 1.136799
-0.046161 -0.177657 1.136799
-0.043606 -0.192202 1.174156
-0.044025 -0.279923 1.154050
-0.041383 -0.137330 1.151909
-0.041175 -0.195748 1.160083
-0.041163 -0.212681 1.149160
-0.041163 -0.212681 1.149160
-0.040298 -0.181181 1.143566
-0.040583 -0.215390 1.142248
-0.042341 -0.445667 1.181066
-0.037069 -0.225927 1.154228
-0.033399 -0.203183 1.148959
-0.032676 -0.190422 1.170488
-0.033681 -0.280385 1.134556
-0.032752 -0.217267 1.144483
-0.030829 -0.210999 1.152567
-0.032690 -0.462657 1.177078
-0.032690 -0.462657 1.177078
-0.030587 -0.329132 1.134529
-0.028924 -0.319235 1.150728
-0.024966 -0.149318 1.124071
-0.025505 -0.211656 1.136759
-0.024779 -0.167244 1.126677
-0.022947 -0.136215 1.132817
-0.024581 -0.450482 1.170548
-0.020580 -0.095466 1.107112
-0.021148 -0.194222 1.138710
-0.021266 -0.316165 1.131436
-0.018455 -0.144023 1.138553
-0.017077 -0.161740 1.146935
-0.014362 -0.153477 1.144499
-0.014038 -0.114359 1.137665
-0.014505 -0.307289 1.156808
-0.013085 -0.156016 1.128194
-0.012877 -0.189333 1.147820
-0.012937 -0.206942 1.143044
-0.013402 -0.442433 1.164873
-0.007456 -0.319008 1.140528
-0.005650 -0.159991 1.135962
-0.003986 -0.190910 1.137307
-0.003715 -0.303957 1.116993
-0.002751 -0.302122 1.144798
-0.000493 -0.233289 1.159450
-0.001222 -0.359092 1.106533
0.001939 -0.182879 1.137128
0.004394 -0.110576 1.138262
0.004725 -0.143089 1.128364
0.005909 -0.302521 1.149663
0.006995 -0.260439 1.141368
0.009535 -0.424712 1.183436
0.011525 -0.355347 1.120637
0.017079 -0.443792 1.173896
0.018448 -0.158347 1.120473
0.019970 -0.295991 1.131718
0.021165 -0.274430 1.141540
0.022903 -0.253450 1.162786
0.024377 -0.421203 1.195716
0.023875 -0.168468 1.112484
0.022336 -0.360159 1.118834
0.025352 -0.180085 1.117285
0.029119 -0.212257 1.169516
0.027939 -0.238349 1.113680
0.032091 -0.244820 1.166110
0.030260 -0.154433 1.111904
0.032855 -0.442095 1.195799
0.031443 -0.188178 1.112585
0.033931 -0.428921 1.187572
0.034860 -0.156242 1.149017
0.036126 -0.265217 1.149694
0.036126 -0.265217 1.149694
0.039297 -0.240569 1.144108
0.041391 -0.227778 1.121454
0.045908 -0.245198 1.162961
0.047443 -0.163756 1.137863
0.051019 -0.058563 1.140910
0.048335 -0.209087 1.121528
0.048872 -0.212137 1.121393
0.052621 -0.231309 1.164077
0.052143 -0.125551 1.117513
0.054276 -0.242209 1.154008
0.057300 -0.134281 1.161090
0.057143 -0.220133 1.155636
0.057143 -0.220133 1.155636
0.057632 -0.124530 1.117869
0.062997 -0.065684 1.113229
0.068968 -0.282773 1.177690
0.070802 -0.394260 1.206961
0.070229 -0.421283 1.195993
0.070182 -0.231155 1.161439
0.070182 -0.231155 1.161439
0.069327 -0.054157 1.122430
0.069779 -0.156805 1.133070
0.072775 -0.047623 1.125698
0.073877 -0.207398 1.147661
0.071825 -0.101616 1.099369
0.071825 -0.101616 1.099369
0.077069 -0.251335 1.167260
0.080437 -0.142041 1.168774
0.079249 -0.225016 1.163340
0.079953 -0.117227 1.139014
0.082952 -0.249087 1.179758
0.080426 -0.123036 1.133985
0.085567 -0.060839 1.156895
0.087502 -0.260456 1.194254
0.085225 -0.094722 1.148909
0.089682 -0.060588 1.148414
0.089682 -0.060588 1.148414
0.091074 -0.284307 1.187316
0.093518 -0.422351 1.224970
0.095141 -0.418641 1.232434
0.095235 -0.428755 1.233693
0.089673 -0.116346 1.144787
0.091228 -0.227353 1.170160
0.091733 -0.096440 1.156561
0.094464 -0.214431 1.180263
0.095229 -0.164232 1.164650
0.095229 -0.164232 1.164650
0.097528 -0.172978 1.178246
0.098767 -0.149524 1.180255
0.102581 -0.350437 1.229877
0.097319 -0.108833 1.155015
0.101135 -0.272979 1.205726
0.099384 -0.258357 1.186909
0.104888 -0.306519 1.211294
0.104290 -0.229587 1.193144
0.104007 -0.267567 1.188659
0.104362 -0.171454 1.173126
0.105404 -0.168916 1.177901
0.105774 -0.265083 1.190731
0.107556 -0.167334 1.180642
0.108817 -0.190589 1.189104
0.112591 -0.395683 1.240280
0.111915 -0.324565 1.220020
0.113628 -0.263783 1.209279
0.115131 -0.191787 1.169712
0.111655 -0.099099 1.132906
0.122753 -0.413091 1.245938
0.122948 -0.389345 1.243273
0.116120 -0.205465 1.170987
0.121402 -0.312308 1.210358
0.119627 -0.311103 1.190639
0.124826 -0.380305 1.220634
0.124826 -0.380305 1.220634
0.116630 -0.204141 1.129087
0.123363 -0.205887 1.165382
0.124496 -0.191756 1.169888
0.131047 -0.392008 1.234928
0.133350 -0.391768 1.248245
0.120493 -0.178390 1.135760
0.130753 -0.188530 1.170227
0.128354 -0.201603 1.149401
0.138246 -0.339171 1.210597
0.135479 -0.423917 1.189031
0.128304 -0.197537 1.101909
0.143597 -0.344742 1.210174
0.135066 -0.190012 1.136893
0.145294 -0.410803 1.204148
0.151556 -0.350240 1.223552
0.147388 -0.423940 1.203760
0.146416 -0.390379 1.189716
0.146006 -0.391534 1.184809
0.146006 -0.391534 1.184809
0.148009 -0.431609 1.200534
0.141850 -0.164843 1.130218
0.144651 -0.106880 1.136192
0.145683 -0.296824 1.154323
0.146719 -0.252381 1.154377
0.152724 -0.275367 1.170151
0.152386 -0.298743 1.170081
0.151423 -0.277861 1.161697
0.156074 -0.397653 1.195735
0.154478 -0.264918 1.173046
0.155307 -0.298183 1.179553
0.160038 -0.427765 1.211937
0.159856 -0.408580 1.196582
0.157346 -0.408890 1.180368
0.157346 -0.408890 1.180368
0.164675 -0.400850 1.221051
0.155315 -0.403555 1.165996
0.153473 -0.195332 1.136354
0.163977 -0.150253 1.168668
0.167159 -0.409551 1.208202
0.165715 -0.399426 1.188198
0.170343 -0.404936 1.213081
0.168983 -0.274639 1.182505
0.165553 -0.181447 1.141721
0.165553 -0.181447 1.141721
0.171684 -0.282405 1.182790
0.174693 -0.406157 1.197081
0.175730 -0.287455 1.179138
0.169691 -0.218749 1.139558
0.166704 -0.185284 1.117664
0.176556 -0.271891 1.171242
0.177386 -0.384881 1.182315
0.179919 -0.378708 1.185888
0.175894 -0.184964 1.145648
0.182214 -0.298553 1.186672
0.185281 -0.403399 1.201562
0.190453 -0.393254 1.200237
0.180128 -0.178318 1.125594
0.184945 -0.261430 1.155247
0.185710 -0.146668 1.137665
0.185710 -0.146668 1.137665
0.197699 -0.400040 1.214947
0.188538 -0.171662 1.150493
0.187434 -0.136926 1.142034
0.201941 -0.400271 1.223774
0.202971 -0.306000 1.206877
0.202971 -0.306000 1.206877
0.199022 -0.323835 1.185703
0.198469 -0.368523 1.171540
0.201548 -0.135850 1.155087
0.201548 -0.135850 1.155087
0.192625 -0.193105 1.113741
0.210000 -0.364100 1.204057
0.210334 -0.323824 1.200745
0.208921 -0.351128 1.187572
0.212583 -0.352364 1.200700
0.214287 -0.273791 1.201003
0.213212 -0.376585 1.203191
0.210909 -0.367828 1.188483
0.218981 -0.355948 1.218960
0.209730 -0.197119 1.140848
0.220483 -0.342954 1.196433
0.219153 -0.370267 1.188900
0.224512 -0.351870 1.205105
0.221475 -0.333251 1.182066
0.227226 -0.355675 1.199056
0.225257 -0.284432 1.184845
0.231760 -0.333854 1.206900
0.218649 -0.196282 1.138060
0.219235 -0.249736 1.142924
0.242214 -0.288864 1.225073
0.232700 -0.365731 1.187493
0.241600 -0.348847 1.220059
0.235966 -0.357153 1.191099
0.241828 -0.337237 1.213653
0.235320 -0.349460 1.184378
0.235320 -0.349460 1.184378
0.246587 -0.281050 1.216160
0.240243 -0.270540 1.186010
0.250653 -0.313451 1.230234
0.240203 -0.374197 1.186836
0.228941 -0.230409 1.128773
0.242381 -0.321186 1.188664
0.242381 -0.321186 1.188664
0.231534 -0.116437 1.123867
0.228654 -0.135034 1.109642
0.255125 -0.292321 1.223770
0.232778 -0.124152 1.121641
0.232778 -0.124152 1.121641
0.245216 -0.373167 1.187069
0.242327 -0.330079 1.171337
0.239357 -0.113956 1.139623
0.248539 -0.307494 1.189302
0.236952 -0.213789 1.136201
0.247454 -0.375126 1.182233
0.247454 -0.375126 1.182233
0.239951 -0.229935 1.132691
0.245287 -0.114078 1.144274
0.249815 -0.355999 1.163302
0.258706 -0.314305 1.193323
0.244633 -0.236200 1.130278
0.259699 -0.386641 1.198154
0.238152 -0.141093 1.097978
0.261855 -0.372334 1.191603
0.269150 -0.367254 1.215094
0.260438 -0.313157 1.171297
0.246010 -0.189316 1.106148
0.249053 -0.201546 1.116661
0.263425 -0.309466 1.173889
0.270968 -0.297660 1.193404
0.270968 -0.297660 1.193404
0.274545 -0.375583 1.210511
0.279580 -0.356429 1.217886
0.263070 -0.249835 1.139984
0.260675 -0.254149 1.129107
0.265759 -0.266278 1.122542
0.290447 -0.369698 1.214651
0.263469 -0.254829 1.109954
0.281560 -0.329013 1.176269
0.274204 -0.183727 1.128951
0.270344 -0.135052 1.111917
0.273269 -0.283049 1.124849
0.276148 -0.166414 1.125977
0.276148 -0.166414 1.125977
0.270965 -0.256281 1.113157
0.273342 -0.174225 1.113697
0.275515 -0.267652 1.118859
0.285404 -0.297035 1.145431
0.284386 -0.274445 1.128097
0.303414 -0.321342 1.193354
0.277043 -0.187407 1.093832
0.277043 -0.187407 1.093832
0.291079 -0.295887 1.147500
0.281566 -0.278329 1.111784
0.281566 -0.278329 1.111784
0.294778 -0.328043 1.158058
0.290340 -0.275679 1.124124
0.307576 -0.307492 1.175460
0.290000 -0.163286 1.105902
0.319299 -0.317236 1.199217
0.291004 -0.147464 1.096790
0.310061 -0.317130 1.168775
0.307325 -0.341067 1.159765
0.299314 -0.218447 1.115209
0.292548 -0.206324 1.091632
0.319801 -0.302318 1.171697
0.303709 -0.260723 1.113010
0.303723 -0.114614 1.103612
0.306665 -0.225670 1.118775
0.310113 -0.221306 1.103169
0.308695 -0.154129 1.084763
0.321453 -0.236790 1.120651
0.308411 -0.152024 1.073454
0.317959 -0.191042 1.103941
0.323502 -0.277595 1.125275
0.338887 -0.300919 1.138454
0.340229 -0.170449 1.120849
0.336360 -0.205076 1.100187
0.336352 -0.142921 1.095309
0.342289 -0.353044 1.122251
0.358334 -0.361939 1.164088
0.357381 -0.367418 1.152136
0.353230 -0.367714 1.135535
0.358337 -0.365730 1.148049
0.351008 -0.197707 1.117362
0.356642 -0.352744 1.141532
0.347336 -0.305941 1.110538
0.354275 -0.342072 1.128958
0.357626 -0.204791 1.125475
0.347214 -0.186023 1.090538
0.367094 -0.189861 1.144868
0.354593 -0.362724 1.119360
0.358435 -0.209346 1.114615
0.354738 -0.320535 1.108984
0.357479 -0.345047 1.117293
0.368616 -0.363267 1.144232
0.367939 -0.376882 1.140458
0.361810 -0.363738 1.119779
0.364362 -0.206953 1.107300
0.368070 -0.388261 1.110980
0.377894 -0.368001 1.128848
0.390939 -0.380977 1.159986
0.379976 -0.373915 1.127404
0.377149 -0.339034 1.108409
0.377149 -0.339034 1.108409
0.390370 -0.368120 1.130884
0.382434 -0.379298 1.102632
0.402254 -0.359909 1.124618
0.394990 -0.332961 1.102587
0.413954 -0.352329 1.129624
0.416546 -0.371266 1.122092
0.417050 -0.259110 1.111204
0.423430 -0.249572 1.120377
0.425699 -0.315140 1.104518
0.422208 -0.242375 1.092770
0.417976 -0.322837 1.081781
0.440213 -0.236135 1.126041
0.427443 -0.289374 1.093914
0.427346 -0.315938 1.090425
0.436540 -0.270638 1.099857
0.434047 -0.285549 1.094904
0.449942 -0.221342 1.095550
0.454444 -0.373649 1.111803
0.446260 -0.353023 1.090437
0.453218 -0.290609 1.102104
0.450864 -0.228845 1.081630
0.451956 -0.276956 1.072237
0.445661 -0.272528 1.058564
0.462569 -0.255013 1.093121
0.467781 -0.374235 1.108365
0.467781 -0.374235 1.108365
0.447748 -0.335792 1.061059
0.455420 -0.192459 1.064134
0.464959 -0.333321 1.086946
0.460820 -0.339442 1.072284
0.466786 -0.252234 1.080135
0.468672 -0.367055 1.086889
0.461613 -0.295257 1.066508
0.471652 -0.381493 1.086666
0.478649 -0.220484 1.093010
0.469722 -0.322103 1.079236
0.458025 -0.225884 1.043456
0.466189 -0.240969 1.060556
0.466914 -0.253583 1.058605
0.470536 -0.311491 1.068544
0.470536 -0.311491 1.068544
0.488218 -0.357074 1.100904
0.464667 -0.261025 1.038099
0.483226 -0.364346 1.075009
0.491239 -0.251152 1.078530
0.494434 -0.329429 1.076664
0.474308 -0.282499 1.035211
0.498079 -0.241173 1.078328
0.480330 -0.297895 1.045799
0.476353 -0.256369 1.035075
0.506885 -0.292809 1.093057
0.481150 -0.199670 1.033039
0.491270 -0.263632 1.051879
0.506737 -0.293116 1.077244
0.498996 -0.282608 1.050357
0.498225 -0.294410 1.045734
0.484109 -0.232965 1.009827
0.497291 -0.247487 1.034945
0.515931 -0.301975 1.072005
0.501300 -0.260899 1.042012
0.511389 -0.290007 1.056630
0.526793 -0.305683 1.082426
0.503575 -0.238376 1.024946
0.523623 -0.271696 1.060004
0.505792 -0.236031 1.025787
0.524811 -0.254269 1.057504
0.523717 -0.261115 1.055330
0.515878 -0.241875 1.033096
0.536961 -0.268957 1.050605
0.532961 -0.249993 1.042141
0.635111 -0.148592 1.210243
0.635111 -0.148592 1.210243
0.635826 -0.166539 1.201028
0.635867 -0.166780 1.200904
0.648284 -0.174219 1.214475
0.639466 -0.159121 1.192266
0.666271 -0.153249 1.223597
0.657044 -0.159991 1.198813
0.666720 -0.168795 1.203924
0.679940 -0.115427 1.200859
0.694620 -0.153843 1.215497
0.696139 -0.142352 1.191704
0.696139 -0.142352 1.191704
0.713279 -0.153094 1.211376
0.707242 -0.147229 1.191830
0.687307 -0.126255 1.159117
0.704416 -0.149262 1.185627
0.671000 -0.124567 1.118893
0.678271 -0.175893 1.126793
0.699897 -0.120186 1.154625
0.718516 -0.087824 1.176983
0.686371 -0.204027 1.132263
0.661303 -0.233838 1.089320
0.683782 -0.133790 1.115192
0.676256 -0.268308 1.108211
0.676256 -0.268308 1.108211
0.687707 -0.156916 1.119178
0.697342 -0.115541 1.130649
0.698109 -0.257645 1.130738
0.696973 -0.111742 1.120580
0.690750 -0.229182 1.115646
0.689994 -0.237083 1.113026
0.676734 -0.208758 1.090816
0.718629 -0.107598 1.145008
0.696220 -0.205749 1.115311
0.703634 -0.181941 1.124715
0.684722 -0.159157 1.093433
0.700803 -0.176032 1.116303
0.700803 -0.176032 1.116303
0.681882 -0.220013 1.089256
0.705488 -0.208996 1.120003
0.705181 -0.242778 1.120349
0.695154 -0.170907 1.102349
0.716277 -0.159699 1.131606
0.723203 -0.154040 1.139841
0.689847 -0.132301 1.087105
0.730817 -0.090464 1.138825
0.694983 -0.127537 1.086337
0.701267 -0.188461 1.097060
0.693284 -0.206499 1.080280
0.731233 -0.080955 1.125872
0.731233 -0.080955 1.125872
0.734449 -0.101644 1.130958
0.733321 -0.074788 1.127331
0.719455 -0.092978 1.108334
0.692735 -0.201627 1.074940
0.715147 -0.259554 1.107402
0.736096 -0.105055 1.126182
0.721388 -0.106825 1.104930
0.726553 -0.073571 1.107244
0.724903 -0.108624 1.103680
0.695011 -0.162731 1.062562
0.695011 -0.162731 1.062562
0.699442 -0.175429 1.069080
0.750956 -0.089231 1.136952
0.713265 -0.109360 1.082715
0.706699 -0.192247 1.070511
0.739263 -0.315062 1.111278
0.754226 -0.324920 1.109686
0.754226 -0.324920 1.109686
0.751810 -0.293171 1.102018
0.767346 -0.318779 1.114329
0.755362 -0.320887 1.098487
-0.779408 -0.690045 2.584901
-0.779408 -0.690045 2.584901
-0.741355 -0.770871 2.713653
-0.657472 -0.749709 2.433775
-0.687094 -0.817639 2.588580
-0.723670 -0.820420 2.763601
-0.674221 -0.840957 2.597846
-0.672976 -0.927067 2.765097
-0.725889 -0.710515 3.000196
-0.793607 -0.993756 3.324589
-0.715479 -1.002149 3.020662
-0.706939 -1.022880 3.344455
-0.693039 -0.915825 3.283920
0.038231 -0.235089 0.458240
0.043099 -0.247582 0.458715
0.043500 -0.240341 0.458737
0.043315 -0.225615 0.459883
0.048499 -0.237452 0.462472
0.053215 -0.244784 0.461323
0.054331 -0.248531 0.464211
0.055920 -0.250227 0.462260
0.057183 -0.235332 0.449284
0.057258 -0.235775 0.449992
0.058427 -0.240381 0.454350
0.058427 -0.240381 0.454350
0.063690 -0.240427 0.455266
0.043119 -0.001842 0.518287
0.043119 -0.001842 0.518287
0.043767 -0.003943 0.518609
0.068304 -0.242631 0.455755
0.045433 0.002997 0.520069
0.047968 -0.010107 0.517868
0.043522 0.040995 0.511757
0.041294 0.006828 0.403609
0.044575 0.039134 0.510221
0.051457 -0.022269 0.514170
0.048469 0.023715 0.522015
0.051529 -0.004804 0.521160
0.055080 -0.030120 0.526235
0.067631 -0.139039 0.513692
0.049776 0.031977 0.515906
0.044208 0.013292 0.394536
0.050023 0.034981 0.516637
0.058187 -0.033391 0.523606
0.050362 0.037233 0.516683
0.058785 -0.040083 0.518527
0.056533 -0.022247 0.511380
0.071882 -0.153504 0.502903
0.072423 -0.157155 0.502521
0.053640 0.031717 0.513568
0.072842 -0.137904 0.518249
0.073105 -0.132138 0.516322
0.072184 -0.123950 0.507135
0.072184 -0.123950 0.507135
0.063617 -0.029648 0.517552
0.048918 0.011001 0.380799
0.051946 -0.012433 0.384934
0.075239 -0.141908 0.508829
0.064501 -0.029197 0.521852
0.077519 -0.157659 0.508620
0.063181 -0.009452 0.516407
0.056417 0.053821 0.508499
0.055395 0.067395 0.506589
0.078909 -0.151609 0.511784
0.050476 0.030217 0.393156
0.053169 0.018684 0.389720
0.061805 0.045935 0.514222
0.083660 -0.162025 0.515477
0.083484 -0.155880 0.515747
0.080749 -0.129838 0.512666
0.064326 0.050278 0.512076
0.068094 0.039632 0.511542
0.088142 -0.154131 0.510538
0.062832 0.078856 0.493061
0.064842 0.071717 0.505713
0.089223 -0.154549 0.508671
0.063352 0.087816 0.496315
0.068180 0.056681 0.509715
0.071564 0.041131 0.514051
0.091673 -0.153857 0.509578
0.068605 0.072671 0.488393
0.063297 0.017454 0.386258
0.067880 0.086942 0.492899
0.067543 0.098365 0.493723
0.072039 0.067967 0.503956
0.069880 0.078892 0.493583
0.069994 0.078825 0.494244
0.069915 0.097348 0.492423
0.070479 0.092777 0.488690
0.077764 0.039490 0.500663
0.070128 0.107270 0.493226
0.072554 0.099824 0.493937
0.073096 0.098475 0.496706
0.076761 0.075439 0.495756
0.077452 0.070469 0.494888
0.076052 0.099628 0.494309
0.076690 0.095874 0.496123
0.076337 0.102521 0.491401
0.074891 0.112422 0.481802
0.077781 0.103853 0.491511
0.077429 0.103068 0.485548
0.076754 0.112366 0.484940
0.076472 0.117628 0.480375
0.080834 0.113689 0.480351
0.083543 0.094037 0.483189
0.080884 0.124184 0.480689
0.087098 0.076339 0.488707
0.083100 0.124123 0.482737
0.082909 0.126912 0.474651
0.089411 0.113092 0.479814
0.090511 0.110579 0.479328
0.088362 0.131469 0.474647
0.092622 0.102016 0.478091
0.092622 0.102016 0.478091
0.091855 0.117061 0.478144
0.090729 0.124755 0.475518
0.091799 0.125331 0.473675
0.093429 0.129498 0.462211
0.101838 0.096032 0.477931
0.102559 0.097636 0.469568
0.104085 0.100097 0.470842
0.100460 0.144829 0.466439
0.099568 0.142060 0.458028
0.098485 0.144394 0.451219
0.108193 0.092373 0.471913
0.101337 0.142825 0.460625
0.101422 0.140147 0.459632
0.107425 0.090685 0.464720
0.107425 0.090685 0.464720
0.108687 0.105630 0.477336
0.108134 0.094773 0.468707
0.101156 0.143644 0.455918
0.103813 0.139771 0.465553
0.113262 0.098642 0.467213
0.109680 0.124717 0.459407
0.103591 0.147659 0.439680
0.106647 0.147389 0.449988
0.108146 0.138858 0.452248
0.105783 0.150240 0.443860
0.112551 0.123104 0.455331
0.109900 0.143365 0.448913
0.116756 0.102512 0.458964
0.109682 0.147939 0.443696
0.115807 0.118896 0.457396
0.118162 0.101142 0.458997
0.117831 0.115027 0.457652
0.110040 0.151736 0.428838
0.112572 0.151741 0.434268
0.113486 0.149078 0.436879
0.120855 0.119065 0.451943
0.115074 0.146422 0.435906
0.115832 0.159852 0.435304
0.115794 0.159582 0.434752
0.123807 0.161226 0.421395
0.127346 0.148399 0.429577
0.129371 0.148388 0.432221
0.125580 0.144557 0.413930
0.126159 0.164304 0.414592
0.129860 0.163145 0.412040
0.130722 0.159579 0.411315
0.132726 0.159923 0.410648
0.132726 0.159923 0.410648
0.137355 0.152612 0.407231
0.141512 0.151669 0.410378
0.179891 -0.015447 0.419843
0.179891 -0.015447 0.419843
0.200580 -0.212722 0.425910
0.202039 -0.213444 0.420708
0.203797 -0.198273 0.421558
0.202426 -0.185436 0.411931
0.188911 -0.018462 0.408215
0.204889 -0.187422 0.414110
0.207355 -0.180446 0.414855
0.208663 -0.184334 0.415955
0.208663 -0.184334 0.415955
0.192347 -0.020263 0.406050
0.208778 -0.170639 0.409699
0.211358 -0.206807 0.406361
0.212877 -0.213121 0.407975
0.213700 -0.192489 0.407784
0.210309 -0.175868 0.398633
0.215707 -0.214250 0.403720
0.216033 -0.209872 0.405323
0.216456 -0.206757 0.404749
0.211423 -0.199451 0.391680
0.212909 -0.161173 0.402375
0.212709 -0.142987 0.402913
0.218297 -0.209836 0.403474
0.216995 -0.203250 0.399793
0.215299 -0.136544 0.405178
0.210359 -0.186201 0.383085
0.215595 -0.152742 0.401151
0.214401 -0.137865 0.400910
0.217801 -0.179145 0.398563
0.214735 -0.132561 0.397559
0.215572 -0.145626 0.395787
0.218064 -0.200623 0.391335
0.215215 -0.131908 0.395741
0.221064 -0.194253 0.394884
0.222841 -0.207639 0.396640
0.218955 -0.201633 0.385617
0.220416 -0.186008 0.390787
0.219371 -0.160931 0.391680
0.220482 -0.173324 0.390526
0.212763 -0.060730 0.389683
0.217422 -0.118152 0.389533
0.219538 -0.125426 0.391604
0.216960 -0.104741 0.386970
0.224879 -0.194106 0.388831
0.222068 -0.122995 0.394188
0.220469 -0.141535 0.387033
0.223952 -0.188203 0.386229
0.219568 -0.111065 0.387744
0.222570 -0.174908 0.383403
0.220185 -0.118500 0.383822
0.227905 -0.204042 0.386918
0.223802 -0.174414 0.382088
0.220283 -0.111062 0.384229
0.224221 -0.199441 0.378655
0.220930 -0.110892 0.384395
0.228750 -0.192745 0.388669
0.220466 -0.105757 0.384066
0.223579 -0.170408 0.380037
0.216872 -0.061546 0.381433
0.226641 -0.185157 0.383296
0.226641 -0.185157 0.383296
0.222998 -0.123146 0.384893
0.219897 -0.157212 0.372667
0.221834 -0.114298 0.383373
0.220201 -0.108967 0.378834
0.222451 -0.113209 0.382998
0.219924 -0.092185 0.380472
0.223072 -0.160668 0.376467
0.228441 -0.198182 0.381625
0.222105 -0.100954 0.380818
0.221867 -0.096054 0.379949
0.217576 -0.059416 0.375413
0.226700 -0.174893 0.376131
0.223645 -0.106543 0.379350
0.223287 -0.109566 0.377623
0.223287 -0.109566 0.377623
0.218864 -0.047935 0.377448
0.226179 -0.112340 0.381397
0.227958 -0.159794 0.377207
0.229180 -0.163120 0.379127
0.221126 -0.098593 0.371043
0.221108 -0.060349 0.375877
0.220545 -0.069104 0.372642
0.222212 -0.061775 0.377337
0.233224 -0.201202 0.377280
0.224145 -0.088306 0.373941
0.227225 -0.120165 0.375762
0.222796 -0.107166 0.368148
0.221597 -0.048401 0.373774
0.230273 -0.172173 0.372473
0.228881 -0.159103 0.370508
0.231278 -0.181118 0.372345
0.226511 -0.120665 0.371034
0.228274 -0.123959 0.374280
0.225271 -0.091364 0.372701
0.228033 -0.084011 0.379266
0.231262 -0.195882 0.369394
0.228007 -0.110563 0.374874
0.230900 -0.167448 0.371753
0.236091 -0.086207 0.394507
0.222354 -0.074617 0.366964
0.221103 -0.066597 0.365164
0.229466 -0.151182 0.370435
0.232230 -0.180174 0.371872
0.228980 -0.147792 0.369576
0.212345 0.008835 0.357020
0.228427 -0.098961 0.374555
0.230018 -0.143907 0.370872
0.233140 -0.172462 0.372989
0.227905 -0.131921 0.367314
0.223519 -0.047524 0.370259
0.227240 -0.085141 0.372375
0.230381 -0.135487 0.371346
0.227416 -0.101909 0.368631
0.225399 -0.090345 0.366043
0.231069 -0.145635 0.369948
0.225940 -0.137364 0.360379
0.232490 -0.193583 0.365976
0.230304 -0.060202 0.379703
0.230304 -0.060202 0.379703
0.228032 -0.087457 0.369793
0.226884 -0.077563 0.368529
0.223766 -0.154597 0.350476
0.223059 -0.053666 0.363193
0.222188 -0.189454 0.341943
0.231301 -0.142230 0.367047
0.232536 -0.182755 0.363434
0.227077 -0.088041 0.364775
0.231988 -0.150383 0.365859
0.224226 -0.183687 0.344584
0.225755 -0.188840 0.347143
0.225755 -0.188840 0.347143
0.233507 -0.160004 0.364691
0.227247 -0.072388 0.363937
0.230841 -0.081487 0.369581
0.229120 -0.140289 0.357536
0.231074 -0.077948 0.370000
0.231146 -0.105536 0.366196
0.226243 -0.182225 0.345420
0.232014 -0.128452 0.364622
0.232059 -0.144263 0.361816
0.215362 0.014822 0.349360
0.227597 -0.055086 0.363698
0.232284 -0.099197 0.366987
0.220777 0.001259 0.356678
0.230949 -0.078646 0.366400
0.219742 0.004016 0.354387
0.217324 0.008651 0.349753
0.228632 -0.093240 0.358754
0.230192 -0.135534 0.356405
0.233485 -0.149673 0.360432
0.231683 -0.049095 0.370426
0.232080 -0.101387 0.363114
0.221236 0.007227 0.355899
0.231486 -0.102453 0.361264
0.232756 -0.100344 0.363499
0.230248 -0.126409 0.354038
0.222034 -0.008742 0.353405
0.232833 -0.174421 0.352158
0.234841 -0.113610 0.364207
0.244695 -0.084455 0.387668
0.233427 -0.106225 0.361681
0.235015 -0.128778 0.361653
0.235443 -0.157176 0.358639
0.221790 -0.000172 0.351869
0.223586 -0.004803 0.354745
0.230589 -0.075859 0.359248
0.246072 -0.084058 0.387973
0.230867 -0.081824 0.357586
0.232066 -0.104308 0.356970
0.232066 -0.104308 0.356970
0.231114 -0.087509 0.357247
0.235734 -0.119652 0.362001
0.228616 -0.145236 0.344206
0.247661 -0.061245 0.392913
0.229533 -0.055339 0.357544
0.235998 -0.135413 0.358582
0.235198 -0.102164 0.361106
0.232099 -0.085555 0.356960
0.228797 -0.051728 0.354850
0.237026 -0.145011 0.358151
0.236577 -0.130958 0.359089
0.233843 -0.122482 0.353326
0.225486 -0.008828 0.351293
0.234972 -0.107383 0.356962
0.223249 0.006457 0.348642
0.236994 -0.134360 0.356929
0.237180 -0.150348 0.354958
0.249327 -0.065521 0.389307
0.232184 -0.065734 0.355791
0.232818 -0.060190 0.357254
0.241131 -0.164496 0.359462
0.239427 -0.165816 0.355389
0.238732 -0.159427 0.354527
0.238021 -0.117731 0.358094
0.235803 -0.103513 0.355266
0.234798 -0.132508 0.349135
0.233581 -0.070406 0.354100
0.238017 -0.128525 0.355273
0.235455 -0.134084 0.349342
0.236912 -0.118353 0.354206
0.250851 -0.049025 0.389448
0.234043 -0.077563 0.353259
0.238934 -0.138166 0.354906
0.236223 -0.055666 0.359829
0.236369 -0.101057 0.353452
0.235203 -0.074109 0.354536
0.234093 -0.159082 0.341712
0.237909 -0.096460 0.356823
0.238625 -0.148043 0.351160
0.235185 -0.113067 0.349269
0.233706 -0.157609 0.340929
0.227080 -0.015872 0.345030
0.237215 -0.121058 0.351359
0.238270 -0.157895 0.348424
0.229208 -0.012844 0.348816
0.238205 -0.104884 0.354268
0.232929 -0.041804 0.351669
0.231113 -0.023408 0.349877
0.236341 -0.087697 0.351911
0.234339 -0.038769 0.354126
0.230647 -0.032237 0.347556
0.229023 -0.018514 0.345814
0.249601 -0.079303 0.377169
0.237701 -0.112416 0.350090
0.238327 -0.109567 0.350819
0.237210 -0.123475 0.347198
0.236601 -0.074958 0.350984
0.236372 -0.162943 0.339014
0.238102 -0.119338 0.347595
0.235447 -0.155549 0.338064
0.236024 -0.020526 0.354018
0.236506 -0.058573 0.350197
0.239328 -0.062934 0.354987
0.239285 -0.113212 0.348674
0.239961 -0.153687 0.344122
0.240966 -0.159136 0.344871
0.257617 -0.039235 0.390282
0.238397 -0.090285 0.347907
0.238406 -0.155705 0.339852
0.228544 -0.011735 0.338441
0.241120 -0.109089 0.349947
0.233670 -0.030515 0.345098
0.255305 -0.025723 0.386222
0.240160 -0.106357 0.346596
0.242845 -0.140311 0.346786
0.238499 -0.059982 0.347867
0.238719 -0.081068 0.345404
0.237668 -0.085396 0.342835
0.240585 -0.096772 0.346779
0.239723 -0.117396 0.342402
0.241293 -0.117710 0.345317
0.258107 -0.020434 0.387520
0.241418 -0.106895 0.345192
0.244434 -0.105033 0.350830
0.245808 -0.144688 0.348213
0.244409 -0.152278 0.344398
0.245249 -0.147965 0.346299
0.239647 -0.155101 0.334836
0.244296 -0.130572 0.344173
0.246466 -0.130934 0.347942
0.240847 -0.153038 0.334915
0.236217 -0.042056 0.339097
0.233887 -0.024241 0.336712
0.238946 -0.075012 0.340001
0.236874 -0.030517 0.340180
0.246650 -0.090489 0.350816
0.236361 -0.024468 0.339536
0.242239 -0.078656 0.343942
0.236320 -0.035144 0.338056
0.237173 -0.033159 0.339488
0.248234 -0.117669 0.349614
0.248063 -0.110708 0.349648
0.229493 -0.000188 0.328075
0.242320 -0.072101 0.343166
0.242320 -0.072101 0.343166
0.232138 0.002774 0.332204
0.233219 0.005298 0.334297
0.268532 0.008772 0.398257
0.241199 -0.074447 0.339667
0.249151 -0.114747 0.349371
0.234931 -0.019862 0.333900
0.234505 -0.016345 0.333061
0.244912 -0.164531 0.334573
0.265733 -0.020569 0.387126
0.226332 0.019016 0.320672
0.242805 -0.079034 0.339193
0.236979 -0.030728 0.333855
0.231630 0.019035 0.329329
0.235699 -0.019035 0.332081
0.242261 -0.094989 0.335259
0.241712 -0.068610 0.336613
0.242884 -0.114973 0.333608
0.252733 -0.116979 0.350625
0.252733 -0.116979 0.350625
0.249175 -0.093889 0.346747
0.252510 -0.142461 0.347223
0.245536 -0.141878 0.332979
0.243199 -0.077003 0.335715
0.244323 -0.102468 0.334404
0.265567 -0.002316 0.382387
0.245391 -0.074948 0.338269
0.237344 -0.014310 0.330410
0.237344 -0.014310 0.330410
0.239422 -0.094465 0.325249
0.247215 -0.113420 0.336861
0.233564 0.020970 0.327036
0.239620 -0.039779 0.331126
0.246689 -0.113180 0.335725
0.245374 -0.150223 0.328752
0.245374 -0.150223 0.328752
0.244455 -0.096081 0.332170
0.234889 0.000751 0.325081
0.240664 -0.045546 0.330214
0.256704 -0.099972 0.351704
0.233931 0.007858 0.322344
0.256608 -0.070338 0.353470
0.261322 -0.128803 0.355421
0.240960 -0.025057 0.330630
0.244258 -0.077232 0.330909
0.265517 -0.007913 0.374583
0.239375 -0.031070 0.326091
0.227007 0.021437 0.309392
0.243892 -0.058962 0.329939
0.237332 -0.005095 0.323593
0.241583 -0.042612 0.326718
0.239998 -0.018404 0.325990
0.235807 0.015570 0.321746
0.244212 -0.101069 0.323763
0.241729 -0.040712 0.325263
0.264905 -0.014169 0.367590
0.245328 -0.102873 0.324471
0.234616 0.009909 0.317446
0.249885 -0.125110 0.329697
0.267008 0.008407 0.372701
0.265779 -0.000383 0.369025
0.246295 -0.079789 0.327755
0.261256 -0.051079 0.356246
0.242535 -0.053572 0.323827
0.270519 -0.016156 0.374645
0.267796 0.004836 0.371818
0.239910 -0.016674 0.321437
0.239452 -0.014015 0.320809
0.236040 0.010916 0.316844
0.239784 -0.004340 0.319715
0.267041 -0.011624 0.363975
0.239813 -0.010615 0.317787
0.263441 -0.102918 0.348434
0.244783 -0.063644 0.320202
0.244671 -0.058954 0.319760
0.244785 -0.104704 0.315189
0.244884 -0.036206 0.321820
0.266294 -0.040523 0.356490
0.245410 -0.055411 0.319903
0.258818 -0.077566 0.339916
0.237099 0.008912 0.311192
0.244864 -0.060413 0.317283
0.268389 -0.000355 0.361485
0.241374 -0.021228 0.314254
0.262643 -0.071740 0.344192
0.242305 -0.006317 0.316429
0.240352 -0.006614 0.312462
0.241289 -0.012104 0.312354
0.240854 -0.009406 0.311742
0.249427 -0.071332 0.319870
0.251077 -0.090208 0.319715
0.242087 -0.007000 0.312552
0.242087 -0.007000 0.312552
0.269536 -0.049606 0.353593
0.275362 0.020219 0.369052
0.271803 0.005449 0.360885
0.248183 -0.073139 0.313958
0.238725 0.009074 0.305305
0.273961 0.008211 0.360184
0.245797 -0.033704 0.310573
0.244149 -0.018819 0.308934
0.273837 0.007120 0.359144
0.273314 -0.021476 0.355428
0.273314 -0.021476 0.355428
0.242602 -0.017942 0.306122
0.239253 0.001786 0.302325
0.248597 -0.030334 0.314453
0.239305 0.008848 0.302626
0.248632 -0.070616 0.310192
0.251733 -0.083381 0.313851
0.270173 -0.050655 0.345692
0.244741 -0.016451 0.307415
0.250121 -0.063257 0.311774
0.245547 -0.023685 0.307932
0.246946 -0.041858 0.308287
0.243853 -0.001843 0.306666
0.246812 -0.033414 0.308547
0.237768 0.004280 0.296686
0.244506 -0.039409 0.303161
0.270882 -0.000608 0.348673
0.273632 -0.014853 0.350928
0.243574 -0.001321 0.303927
0.245612 -0.017325 0.305217
0.245354 -0.021283 0.304191
0.270971 -0.056731 0.341542
0.276697 -0.042642 0.351642
0.240834 -0.005648 0.297345
0.239573 0.017364 0.296783
0.246715 -0.023094 0.302287
0.275261 0.000729 0.349256
0.275862 -0.016584 0.348595
0.246264 0.003461 0.303328
0.242608 0.008580 0.297604
0.247494 -0.025268 0.300340
0.279216 0.012248 0.352705
0.240127 0.014334 0.291926
0.278278 0.008165 0.350909
0.249442 -0.045968 0.300908
0.243692 0.002492 0.295182
0.248547 -0.041486 0.298103
0.247156 -0.028930 0.296949
0.245772 -0.004761 0.296159
0.249966 -0.012409 0.302008
0.277450 -0.055941 0.339149
0.280112 -0.031722 0.344312
0.280112 -0.031722 0.344312
0.244006 -0.002642 0.290980
0.248822 -0.029536 0.296077
0.282065 -0.019659 0.347335
0.242879 0.004513 0.288592
0.244423 0.011520 0.291247
0.247313 -0.005219 0.293994
0.243093 0.011387 0.287551
0.248685 -0.027908 0.292253
0.243685 0.003483 0.286535
0.241576 0.013638 0.283634
0.253299 -0.052144 0.295157
0.245445 0.006284 0.285538
0.293596 0.026182 0.355799
0.288721 -0.016647 0.344594
0.245335 -0.003493 0.280615
0.246473 -0.000243 0.282278
0.296415 0.028902 0.357325
0.296415 0.028902 0.357325
0.244811 0.012031 0.279246
0.245514 0.004534 0.279245
0.296774 -0.008947 0.350809
0.246399 0.006666 0.276967
0.253591 -0.036774 0.283015
0.245634 0.013143 0.274114
0.251028 -0.042718 0.277585
0.247746 0.004563 0.274622
0.307031 0.029782 0.360938
0.306931 0.029744 0.360751
0.297377 0.013604 0.345845
0.248310 -0.002521 0.273751
0.248310 -0.002521 0.273751
0.250063 -0.022533 0.274081
0.246219 0.005039 0.265661
0.158518 -0.408598 1.057036
0.159887 -0.399604 1.029361
0.175696 -0.424972 1.083546
0.175696 -0.424972 1.083546
0.176288 -0.422762 1.035155
0.179364 -0.406258 1.040523
0.187992 -0.459012 1.084954
0.188140 -0.449700 1.085406
0.181001 -0.414502 1.041170
0.189316 -0.453041 1.072408
0.186306 -0.426436 1.048340
0.197220 -0.475323 1.098838
0.198107 -0.479994 1.102818
0.197199 -0.458997 1.085919
0.201036 -0.457602 1.083797
0.208175 -0.483600 1.115328
0.206964 -0.464623 1.089883
0.195135 -0.399139 1.026120
0.198916 -0.420784 1.021528
0.232904 -0.461500 1.077381
0.235080 -0.450583 1.094286
0.407051 -0.557068 1.284340
0.402541 -0.503236 1.276232
0.411053 -0.523416 1.298996
0.409677 -0.508992 1.286199
0.399794 -0.516858 1.238500
0.407987 -0.492311 1.268162
0.411883 -0.471416 1.289307
0.413139 -0.520004 1.275896
0.390110 -0.438865 1.202084
0.399499 -0.494261 1.219049
0.416111 -0.534614 1.267051
0.418821 -0.526174 1.271811
0.406529 -0.430713 1.242248
0.411625 -0.430699 1.248749
0.403154 -0.397625 1.223802
0.401402 -0.435673 1.203793
0.436454 -0.529288 1.301582
0.428671 -0.476020 1.268885
0.419480 -0.495173 1.224720
0.419480 -0.495173 1.224720
0.434543 -0.515407 1.273257
0.415373 -0.428415 1.220580
0.420826 -0.505435 1.217974
0.433529 -0.476957 1.269017
0.403620 -0.386713 1.178440
0.419594 -0.398453 1.235140
0.432026 -0.414238 1.271541
0.433192 -0.450787 1.265823
0.427984 -0.402371 1.241452
0.415932 -0.386890 1.172386
0.456879 -0.546189 1.264677
0.437687 -0.428299 1.220946
0.440631 -0.415147 1.233643
0.434472 -0.425297 1.208759
0.450953 -0.497370 1.243766
0.451679 -0.535359 1.235029
0.439707 -0.460905 1.208598
0.452160 -0.509692 1.229138
0.449218 -0.411590 1.240670
0.445258 -0.464962 1.196494
0.445121 -0.288056 1.207477
0.449068 -0.277968 1.205865
0.465501 -0.497808 1.214821
0.456467 -0.415360 1.192475
0.444531 -0.272474 1.180735
0.463055 -0.404322 1.213105
0.473054 -0.368606 1.233579
0.471026 -0.446228 1.207817
0.453261 -0.259419 1.183669
0.479861 -0.420800 1.213685
0.479861 -0.420800 1.213685
0.462280 -0.219910 1.195819
0.484127 -0.373794 1.235201
0.488458 -0.388436 1.237109
0.490081 -0.477777 1.223823
0.458991 -0.342933 1.151303
0.458991 -0.342933 1.151303
0.482084 -0.431213 1.206924
0.487581 -0.400922 1.215249
0.466719 -0.222634 1.183692
0.472961 -0.374603 1.165518
0.480600 -0.366333 1.187200
0.477900 -0.267082 1.196032
0.474284 -0.239201 1.185134
0.485788 -0.436335 1.179885
0.488289 -0.465039 1.182080
0.474413 -0.266369 1.172482
0.479972 -0.393475 1.163003
0.487055 -0.444481 1.171268
0.482316 -0.299303 1.180774
0.493388 -0.450011 1.181579
0.489362 -0.428111 1.173105
0.492414 -0.359995 1.193999
0.505898 -0.450219 1.214651
0.492384 -0.336039 1.193716
0.487136 -0.291900 1.179060
0.480205 -0.375003 1.138573
0.466728 -0.141694 1.134734
0.488051 -0.402958 1.149466
0.477301 -0.148903 1.159223
0.490751 -0.317514 1.168657
0.485043 -0.153528 1.175711
0.486532 -0.409829 1.126915
0.486532 -0.409829 1.126915
0.498345 -0.391340 1.162029
0.494484 -0.284453 1.167852
0.493385 -0.242983 1.167817
0.502383 -0.387695 1.167961
0.498554 -0.384736 1.156938
0.501284 -0.386974 1.164610
0.499425 -0.377735 1.155285
0.491438 -0.133479 1.171683
0.499428 -0.381127 1.153293
0.505125 -0.431709 1.159103
0.492427 -0.241661 1.147300
0.458374 -0.143212 1.064071
0.491648 -0.205179 1.144289
0.500050 -0.292033 1.153179
0.500050 -0.292033 1.153179
0.504794 -0.256439 1.171501
0.494341 -0.211646 1.148575
0.504807 -0.244336 1.172458
0.505375 -0.284613 1.161980
0.517020 -0.346725 1.179449
0.509189 -0.258949 1.170493
0.509367 -0.298312 1.161295
0.498693 -0.319319 1.126331
0.501092 -0.132610 1.161679
0.460474 -0.114022 1.049015
0.512721 -0.253363 1.170091
0.519996 -0.348472 1.167477
0.515209 -0.274227 1.158572
0.512633 -0.339798 1.136953
0.499723 -0.174654 1.126340
0.521242 -0.290183 1.166044
0.490191 -0.069468 1.113900
0.517059 -0.275503 1.155676
0.514612 -0.352605 1.135236
0.520475 -0.293940 1.159013
0.499963 -0.169370 1.121339
0.512602 -0.174492 1.153671
0.496956 -0.088657 1.123921
0.520307 -0.366907 1.144475
0.497611 0.002711 1.138140
0.497685 -0.076556 1.123503
0.522585 -0.213115 1.169783
0.522264 -0.259032 1.159217
0.503055 -0.239129 1.108136
0.514358 -0.292831 1.130116
0.497455 -0.109631 1.111845
0.484286 0.110326 1.107052
0.525495 -0.377947 1.141623
0.505888 -0.133139 1.124652
0.483746 0.055235 1.092083
0.500766 0.027942 1.132101
0.506597 -0.090012 1.129478
0.512174 -0.081397 1.143797
0.512174 -0.081397 1.143797
0.510354 -0.129212 1.130710
0.523222 -0.266194 1.144167
0.512383 -0.206898 1.095011
0.503814 -0.220589 1.093441
0.531000 -0.237187 1.161613
0.521822 -0.252815 1.133498
0.527545 -0.228849 1.151319
0.519488 -0.103658 1.147714
0.522306 -0.293565 1.127328
0.521362 -0.174117 1.141019
0.487007 -0.011140 1.072654
0.508808 -0.067895 1.121138
0.510447 -0.055649 1.126335
0.526710 -0.260456 1.139652
0.536568 -0.267239 1.163749
0.520620 -0.294143 1.115446
0.487852 0.003440 1.068745
0.515912 -0.058751 1.132868
0.528009 -0.321506 1.126229
0.530086 -0.325927 1.129302
0.528514 -0.165404 1.143228
0.516719 -0.082641 1.119459
0.516394 -0.103992 1.112265
0.494524 -0.026140 1.065979
0.531990 -0.187679 1.139885
0.516789 -0.083310 1.114446
0.515758 -0.048309 1.114424
0.516309 0.005384 1.122925
0.516309 0.005384 1.122925
0.493306 0.055177 1.064151
0.534291 -0.148973 1.138422
0.501280 0.126793 1.088921
0.516514 -0.051225 1.102898
0.500472 -0.010948 1.067100
0.521279 -0.216250 1.086640
0.535073 -0.075745 1.140420
0.536885 -0.247656 1.121719
0.500642 0.046050 1.067880
0.512282 -0.067334 1.081803
0.518712 -0.046306 1.100685
0.503492 0.008207 1.068958
0.516652 -0.058236 1.091202
0.517565 -0.215757 1.068725
0.530153 -0.199523 1.102818
0.530994 -0.132552 1.111013
0.514537 -0.017335 1.084654
0.523843 0.015989 1.112360
0.502620 0.025871 1.060450
0.526144 -0.227876 1.084910
0.526008 -0.222465 1.083225
0.522517 -0.045983 1.097068
0.531218 -0.273876 1.088457
0.528558 -0.068910 1.102552
0.518570 -0.158537 1.059921
0.541046 -0.161591 1.115513
0.541046 -0.161591 1.115513
0.547548 -0.215705 1.119919
0.541032 -0.156368 1.108144
0.527180 -0.096242 1.079800
0.523099 -0.046773 1.074597
0.524934 -0.032687 1.079855
0.534842 -0.053351 1.099339
0.542658 -0.231600 1.093780
0.517175 0.036209 1.064282
0.541610 -0.237026 1.088978
0.552353 -0.210165 1.117100
0.545384 -0.255227 1.093663
0.566151 -0.179817 1.146707
0.513013 0.152021 1.058430
0.547696 -0.253508 1.091104
0.530673 -0.148269 1.057383
0.524661 -0.118962 1.045929
0.551179 -0.107514 1.110611
0.534616 -0.173343 1.059941
0.552910 -0.239996 1.095658
0.531280 -0.159400 1.053165
0.535236 0.019899 1.082260
0.551775 -0.008799 1.114611
0.548212 -0.170753 1.085262
0.532172 -0.152114 1.047589
0.556246 -0.108584 1.108860
0.523437 0.117288 1.057810
0.506899 -0.033767 1.000688
0.538773 -0.162467 1.056863
0.548185 -0.229061 1.067401
0.512675 0.183853 1.032338
0.549322 -0.232787 1.068184
0.549322 -0.232787 1.068184
0.568549 -0.153522 1.120706
0.537044 -0.047854 1.057873
0.522329 0.123011 1.043462
0.516338 0.129274 1.029298
0.550891 -0.185874 1.073196
0.561108 -0.150359 1.095686
0.542268 0.073250 1.073823
0.562580 -0.081238 1.102236
0.539657 -0.023550 1.055439
0.533048 0.019623 1.043653
0.558146 -0.097716 1.087912
0.535637 -0.005107 1.045750
0.547643 -0.170937 1.054454
0.552371 -0.213232 1.060557
0.558447 -0.050592 1.090126
0.530212 0.118994 1.041007
0.568241 -0.088364 1.104143
0.555954 -0.029611 1.081886
0.561368 -0.094415 1.085773
0.538877 0.072136 1.052851
0.543537 -0.126856 1.039006
0.556039 0.088615 1.091844
0.558143 -0.220253 1.060366
0.543617 -0.138470 1.034906
0.543617 -0.138470 1.034906
0.547867 -0.001418 1.055927
0.539676 -0.100763 1.026122
0.538425 0.174303 1.052877
0.554143 -0.024095 1.066350
0.554143 -0.024095 1.066350
0.557309 -0.205321 1.050117
0.567313 -0.103843 1.083911
0.557375 0.009763 1.072956
0.537492 0.017076 1.027933
0.561038 -0.044586 1.071574
0.561711 -0.262729 1.046219
0.561711 -0.262729 1.046219
0.543683 -0.116410 1.021357
0.509711 0.072513 0.959292
0.552894 -0.193614 1.025744
0.552894 -0.193614 1.025744
0.552966 0.099999 1.057359
0.552966 0.099999 1.057359
0.567032 -0.084804 1.068384
0.572019 0.073290 1.095585
0.572019 0.073290 1.095585
0.562716 -0.099584 1.055190
0.551800 -0.215598 1.017866
0.565233 -0.071926 1.060952
0.561634 0.039998 1.064565
0.563393 -0.041344 1.058110
0.519038 0.221073 0.987090
0.563859 0.059667 1.068480
0.559259 -0.182649 1.031833
0.541846 -0.046850 1.005804
0.552200 0.108967 1.044027
0.550843 0.126212 1.042373
0.554630 0.114430 1.048464
0.542545 0.135590 1.023694
0.567302 -0.088283 1.054325
0.513219 0.223802 0.964077
0.560216 -0.105847 1.031335
0.571387 -0.098230 1.056185
0.547378 0.119254 1.025489
0.509547 0.114621 0.941287
0.515594 0.211179 0.963526
0.560270 0.129632 1.049450
0.570134 0.092539 1.065230
0.570134 0.092539 1.065230
0.559318 0.005959 1.032359
0.553036 0.058719 1.023137
0.550405 0.138809 1.024347
0.550405 0.138809 1.024347
0.555851 0.136350 1.035580
0.557320 -0.191533 1.004876
0.537812 0.006695 0.982461
0.555637 -0.070484 1.010453
0.565233 -0.157946 1.021415
0.579123 -0.061651 1.059725
0.554637 0.060647 1.018722
0.554847 0.188012 1.030972
0.536474 0.069600 0.977387
0.523842 0.207011 0.962907
0.552983 0.128060 1.016522
0.568812 0.124096 1.046769
0.571098 0.169826 1.055572
0.564287 -0.197579 1.002344
0.556599 0.192244 1.022719
0.563613 0.053694 1.022125
0.557651 0.188604 1.021869
0.569235 0.051261 1.032695
0.566767 0.081117 1.028741
0.555067 -0.032618 0.991723
0.565222 0.060653 1.018723
0.517599 0.189233 0.929278
0.565921 0.021344 1.014951
0.553812 0.190298 1.002575
0.566790 0.062197 1.014448
0.565707 -0.093020 0.996412
0.575326 -0.032500 1.020361
0.570912 -0.026555 1.006588
0.521289 0.165308 0.917896
0.583831 -0.066401 1.026177
0.549844 0.185515 0.978303
0.574322 0.023181 1.013064
0.574322 0.023181 1.013064
0.533468 0.199369 0.942316
0.533468 0.199369 0.942316
0.571120 0.055768 1.005689
0.534897 0.197139 0.943361
0.576423 -0.056894 1.004083
0.575227 0.161080 1.018975
0.541794 0.092478 0.942702
0.566980 0.177087 0.998505
0.526125 0.178762 0.913604
0.538811 0.197666 0.939115
0.584874 0.088211 1.021327
0.573325 0.161854 1.000979
0.582350 -0.019734 1.001476
0.549676 0.080135 0.940901
0.549676 0.080135 0.940901
0.545287 0.130270 0.930947
0.575384 0.183644 0.993711
0.542817 0.148525 0.923153
0.585335 0.021417 0.998019
0.603110 0.000317 1.031795
0.547088 0.139679 0.926487
0.589712 -0.026560 0.996875
0.574768 0.002663 0.968247
0.602047 -0.004061 1.018923
0.573778 0.054083 0.965763
0.573778 0.054083 0.965763
0.555574 0.114050 0.933940
0.576138 0.183856 0.980143
0.559205 0.108997 0.939658
0.555935 0.125630 0.933604
0.588163 0.002216 0.986205
0.571866 0.170694 0.967818
0.553443 0.133802 0.925339
0.582760 0.039522 0.974563
0.594766 0.170915 1.008925
0.589868 0.028139 0.986809
0.596039 0.000554 0.995548
0.581015 0.133641 0.976671
0.594321 0.054349 0.994605
0.562716 0.103075 0.934787
0.597764 0.156082 1.004067
0.547002 0.179368 0.904689
0.589644 0.186073 0.984404
0.570212 0.097343 0.939009
0.588450 0.159168 0.978450
0.585288 0.187600 0.973839
0.560421 0.157547 0.922722
0.601622 0.175056 1.004355
0.562957 0.182936 0.928929
0.592682 0.166697 0.983324
0.588761 0.160509 0.973690
0.585569 0.116450 0.961977
0.574227 0.101045 0.930926
0.572314 0.109589 0.927669
0.598255 0.159277 0.980818
0.560927 0.170682 0.909467
0.590591 0.122327 0.961777
0.598191 -0.040121 0.960520
0.559050 0.174998 0.901502
0.585682 0.029640 0.939832
0.586076 0.103207 0.944271
0.591976 0.018008 0.941120
0.587726 0.172601 0.939681
0.586970 0.193390 0.937442
0.584107 0.166644 0.929329
0.592277 0.159337 0.942996
0.584588 0.100623 0.923814
0.616332 0.034605 0.977496
0.573853 0.171832 0.906776
0.591815 0.000155 0.927685
0.568357 0.193176 0.884211
0.598349 0.125745 0.932705
0.579692 0.186107 0.901466
0.592218 0.061247 0.915013
0.598013 0.034831 0.922021
0.577826 0.190599 0.887615
0.598933 0.182824 0.924011
0.607180 0.176816 0.932927
0.587191 0.179000 0.890482
0.592108 0.185145 0.889754
0.574162 0.129386 0.850370
0.591948 0.172787 0.882988
0.551151 0.185245 0.810343
0.593044 0.186686 0.881832
0.572419 0.168499 0.843111
0.609405 0.172048 0.903814
0.600004 0.013759 0.873326
0.610931 0.046534 0.893107
0.600937 0.043879 0.874118
0.577927 0.163120 0.837995
0.600221 0.051205 0.866521
0.594292 0.161494 0.862652
0.611406 0.106758 0.887803
0.611406 0.106758 0.887803
0.568946 0.187264 0.818722
0.590000 0.177821 0.853930
0.622433 0.093249 0.896410
0.592327 0.152434 0.845769
0.583927 0.181033 0.831666
0.591486 0.028750 0.835441
0.594949 0.113794 0.845369
0.605421 0.130260 0.862318
0.595008 0.079480 0.839909
0.592105 0.073235 0.834091
0.602968 0.175852 0.856535
0.602968 0.175852 0.856535
0.602968 0.175852 0.856535
0.615928 0.172519 0.876062
0.602850 0.165897 0.851916
0.595564 0.191419 0.840867
0.606830 0.103561 0.851055
0.606830 0.103561 0.851055
0.581438 0.056968 0.804726
0.589276 0.174853 0.820174
0.592112 0.183107 0.823151
0.588414 0.187160 0.816585
0.603162 0.112500 0.826425
0.594406 0.117062 0.806338
0.590956 0.088268 0.797692
0.597265 0.120007 0.808813
0.611017 0.045391 0.826440
0.588795 0.169192 0.792138
0.623804 0.137499 0.845208
0.581233 0.141271 0.775120
0.614152 0.027214 0.821001
0.607691 0.039689 0.810048
0.648960 0.042795 0.876467
0.617388 0.039592 0.824769
0.602426 0.140145 0.801658
0.609696 0.140783 0.812860
0.606155 0.109331 0.800272
0.633765 0.033045 0.837955
0.589056 0.155925 0.772239
0.594616 0.134835 0.778286
0.591216 0.127328 0.772504
0.641348 0.131655 0.851909
0.599932 0.091053 0.783872
0.594021 0.153033 0.777227
0.608603 0.096821 0.795925
0.611539 0.081574 0.799428
0.604730 0.048873 0.786240
0.610059 0.043821 0.793456
0.645930 0.120447 0.851697
0.607813 0.141870 0.791913
0.592461 0.164124 0.768397
0.605684 0.092223 0.785551
0.635994 0.149399 0.833949
0.581129 0.150842 0.746570
0.602002 0.079002 0.775392
0.594635 0.081053 0.762137
0.602559 0.036983 0.768310
0.597577 0.168028 0.764992
0.644682 0.148557 0.837040
0.611721 0.010333 0.774548
0.611742 0.085948 0.776062
0.657358 0.101568 0.847100
0.602620 0.110659 0.762300
0.600379 0.111855 0.758642
0.613861 0.008370 0.774737
0.631961 0.166348 0.808271
0.611485 0.015559 0.769788
0.604363 0.088506 0.760932
0.581884 0.083487 0.724944
0.593560 0.134507 0.744793
0.609252 0.133679 0.765766
0.593491 0.155431 0.742318
0.660480 0.107793 0.841539
0.651171 0.123165 0.826972
0.601577 -0.019881 0.744581
0.596335 0.107051 0.741896
0.621691 0.008760 0.774616
0.641298 0.170635 0.810686
0.642140 0.160070 0.808599
0.599782 0.090163 0.741345
0.606828 0.096408 0.751124
0.610138 0.100789 0.754647
0.654698 0.139919 0.823257
0.600442 0.116329 0.737646
0.654946 0.150677 0.817092
0.659828 0.100202 0.821633
0.580272 0.143901 0.703475
0.604454 0.023729 0.734289
0.605608 0.125446 0.738658
0.604323 0.107427 0.734519
0.611258 0.124487 0.745365
0.604547 0.091594 0.730033
0.599951 0.163297 0.721434
0.599033 0.087564 0.710968
0.669587 0.112797 0.814891
0.620872 0.033207 0.737300
0.611604 -0.023152 0.717974
0.592207 0.110231 0.692546
0.592082 0.141776 0.690486
0.608125 -0.016241 0.708090
0.608125 -0.016241 0.708090
0.621581 -0.010997 0.724706
0.668285 0.132686 0.795874
0.600442 0.111269 0.697987
0.604911 0.120938 0.704623
0.589083 0.153269 0.682211
0.669970 0.135265 0.795874
0.613354 0.006140 0.709448
0.595976 0.145033 0.688508
0.602968 0.089938 0.695860
0.573092 0.151360 0.655339
0.606763 0.089491 0.694721
0.668629 0.138117 0.782927
0.511316 0.273840 0.565035
0.511316 0.273840 0.565035
0.599198 0.032784 0.680446
0.526661 0.234988 0.582199
0.664731 0.166043 0.772139
0.596629 0.127082 0.672863
0.683114 0.095878 0.789141
0.683114 0.095878 0.789141
0.587543 0.109353 0.655769
0.572670 0.124157 0.634523
0.512326 0.252887 0.552763
0.509442 0.265838 0.549132
0.602048 0.097625 0.672279
0.623746 0.072365 0.701127
0.635183 0.070493 0.714629
0.550770 0.180947 0.601409
0.521486 0.262293 0.562315
0.568466 0.146216 0.616580
0.554604 0.166899 0.597124
0.591308 0.032380 0.638585
0.608659 0.012502 0.661450
0.593373 0.079296 0.641454
0.557613 0.202153 0.594597
0.567496 0.116799 0.605494
0.590289 0.084127 0.633561
0.600619 0.171934 0.649259
0.530815 0.214361 0.556457
0.579864 0.018808 0.615930
0.588410 0.062537 0.628332
0.563982 0.179420 0.598373
0.607312 0.055788 0.652606
0.587001 0.087073 0.625199
0.517482 0.229799 0.535705
0.591740 0.176128 0.623424
0.598669 0.031828 0.628865
0.596776 0.053890 0.626303
0.557569 0.179610 0.575974
0.598677 0.039754 0.626459
0.527570 0.219178 0.536873
0.530115 0.216028 0.538994
0.562046 0.162207 0.578872
0.554932 0.189986 0.567474
0.516952 0.227129 0.517776
0.616227 0.034293 0.642575
0.588354 0.073037 0.606110
0.573578 0.014583 0.585305
0.527719 0.209608 0.528747
0.601458 0.034351 0.616639
0.551510 0.169629 0.554878
0.521689 0.221024 0.515971
0.548531 0.180480 0.548616
0.548531 0.180480 0.548616
0.517860 0.216538 0.509389
0.590209 0.068053 0.595995
0.513852 0.217593 0.501337
0.544659 0.183487 0.539370
0.521625 0.220769 0.508928
0.589512 0.025410 0.591053
0.530770 0.225304 0.520080
0.522397 0.217909 0.508938
0.594271 0.028603 0.596096
0.594481 0.014865 0.596070
0.583208 -0.001866 0.581163
0.568331 -0.045944 0.560487
0.594269 0.026671 0.588870
0.614619 0.035692 0.614116
0.593142 -0.036563 0.585152
0.524121 0.212346 0.502567
0.518267 0.211381 0.491255
0.504065 0.219382 0.469162
0.587213 0.009168 0.568525
0.511805 0.190382 0.477520
0.526176 0.210678 0.495109
0.575908 0.022972 0.551366
0.580787 -0.065651 0.555305
0.616183 -0.019227 0.597617
0.561312 0.140420 0.532056
0.584084 -0.046409 0.555681
0.585606 -0.009942 0.555592
0.597043 -0.028895 0.568235
0.509483 0.228848 0.465336
0.511084 0.215150 0.466723
0.598487 0.025329 0.567264
0.545860 0.140894 0.504564
0.502447 0.208433 0.451874
0.507054 0.217709 0.457539
0.504320 0.213019 0.454009
0.571785 -0.045867 0.529858
0.571785 -0.045867 0.529858
0.506348 0.220297 0.452395
0.593283 0.000985 0.553211
0.584014 0.012977 0.539958
0.547517 0.114894 0.497054
0.547517 0.114894 0.497054
0.525976 0.197474 0.472253
0.594615 -0.086591 0.550475
0.594615 -0.086591 0.550475
0.517750 0.221783 0.461734
0.512375 0.215878 0.454526
0.512375 0.215878 0.454526
0.520323 0.210986 0.463637
0.592082 -0.047781 0.544678
0.534979 0.133183 0.478463
0.534979 0.133183 0.478463
0.598963 -0.009895 0.552125
0.510659 0.207560 0.445995
0.533842 0.133737 0.471400
0.541552 0.102838 0.479999
0.510782 0.204852 0.444928
0.544065 0.135039 0.481411
0.580428 0.029885 0.520157
0.520575 0.208768 0.451564
0.546168 0.111395 0.477497
0.546168 0.111395 0.477497
0.601342 -0.032943 0.537810
0.546393 0.093886 0.475383
0.565653 0.041279 0.495646
0.610378 0.002334 0.546053
0.602257 0.004052 0.534755
0.546443 0.084386 0.471121
0.540570 0.112041 0.461517
0.588368 -0.013670 0.514434
0.604855 -0.054481 0.532858
0.606564 -0.046498 0.533049
0.591346 -0.067645 0.514922
0.611197 -0.005631 0.534989
0.579600 -0.045193 0.496794
0.593887 0.001969 0.510856
0.586051 -0.059697 0.501122
0.598813 -0.073052 0.514741
0.583996 0.025500 0.495765
0.602602 -0.000721 0.516086
0.600017 -0.007623 0.512537
0.572241 0.025972 0.481115
0.613063 -0.012176 0.525439
0.572369 0.007719 0.477187
0.583112 -0.067369 0.488662
0.592613 -0.026097 0.498884
0.588443 -0.031120 0.491222
-0.050832 -0.336645 0.418079
-0.024599 -0.274531 0.382436
-0.024599 -0.274531 0.382436
-0.023617 -0.276988 0.380058
-0.022207 -0.298099 0.382450
-0.022011 -0.300060 0.379081
-0.021960 -0.289712 0.377055
-0.020496 -0.272678 0.374404
-0.017386 -0.287410 0.376295
-0.017312 -0.292176 0.376182
-0.015463 -0.293227 0.371824
-0.008911 -0.284360 0.369855
-0.008911 -0.284360 0.369855
-0.008584 -0.280424 0.364126
-0.007042 -0.252070 0.365202
-0.004195 -0.242728 0.368582
-0.008718 -0.244437 0.357809
-0.005124 -0.233212 0.360458
-0.005888 -0.280611 0.359438
-0.004032 -0.238668 0.360489
-0.004167 -0.234011 0.359947
-0.004607 -0.219732 0.356158
-0.004607 -0.219732 0.356158
-0.003270 -0.281222 0.360668
-0.001350 -0.294435 0.362660
-0.004348 -0.223166 0.353817
-0.000274 -0.279996 0.362557
-0.001778 -0.260884 0.358361
0.001642 -0.258821 0.364528
-0.000140 -0.209936 0.358018
-0.002596 -0.216644 0.352220
-0.001204 -0.210865 0.354395
0.000017 -0.241271 0.356982
-0.000133 -0.223373 0.355205
-0.000100 -0.213199 0.353220
0.001503 -0.210003 0.353243
0.001861 -0.246495 0.354208
0.005453 -0.270869 0.360031
0.002506 -0.233866 0.352358
0.002165 -0.201615 0.350065
0.006256 -0.263530 0.359087
0.003631 -0.214593 0.351059
0.002938 -0.244955 0.349077
0.003130 -0.217550 0.346828
0.004084 -0.288870 0.350753
0.004867 -0.275314 0.351145
0.009214 -0.286621 0.359124
0.008174 -0.233894 0.355463
0.004617 -0.199743 0.345450
0.006485 -0.203787 0.348935
0.007192 -0.255104 0.351291
0.003755 -0.204574 0.342898
0.005752 -0.262199 0.348369
0.008241 -0.238234 0.349972
0.005533 -0.197015 0.342736
0.006283 -0.272177 0.345816
0.008688 -0.213304 0.347008
0.009661 -0.275438 0.349717
0.010209 -0.226691 0.347254
0.010592 -0.214353 0.347181
0.008344 -0.249705 0.341738
0.008917 -0.183760 0.340120
0.008111 -0.274727 0.340271
0.011198 -0.225910 0.341564
0.011300 -0.289057 0.342919
0.012293 -0.278960 0.344123
0.012148 -0.253726 0.342249
0.011970 -0.229535 0.340440
0.014123 -0.272721 0.344625
0.012117 -0.273484 0.339795
0.014337 -0.248518 0.342778
0.015946 -0.235349 0.343063
0.016060 -0.279352 0.344386
0.016942 -0.218162 0.343100
0.017601 -0.255542 0.343297
0.014020 -0.284887 0.337541
0.018674 -0.224932 0.342800
0.017115 -0.196444 0.336263
0.019884 -0.263430 0.341764
0.017201 -0.204078 0.334090
0.019452 -0.194625 0.337671
0.017781 -0.268167 0.336015
0.017997 -0.234708 0.335438
0.022883 -0.194616 0.342233
0.017350 -0.196757 0.331577
0.020308 -0.171114 0.335508
0.018018 -0.198388 0.331628
0.016960 -0.207536 0.328883
0.019138 -0.266071 0.334064
0.020570 -0.176802 0.332324
0.019071 -0.206438 0.329688
0.019071 -0.206438 0.329688
0.019797 -0.193104 0.330020
0.019293 -0.283921 0.331143
0.023962 -0.272524 0.335610
0.018918 -0.219757 0.325366
0.023224 -0.266674 0.333478
0.023135 -0.162855 0.328288
0.022068 -0.276223 0.328567
0.023776 -0.150917 0.328073
0.023841 -0.281792 0.331239
0.022243 -0.223552 0.326498
0.025968 -0.175274 0.330903
0.023075 -0.202285 0.326280
0.025889 -0.165038 0.328393
0.025137 -0.213828 0.327086
0.026106 -0.176642 0.326745
0.025341 -0.268084 0.327397
0.022565 -0.193245 0.318127
0.027657 -0.277743 0.327749
0.028677 -0.158221 0.326070
0.029664 -0.175620 0.327908
0.029664 -0.175620 0.327908
0.026053 -0.267123 0.323229
0.031721 -0.193644 0.331043
0.029657 -0.151951 0.325681
0.029317 -0.140783 0.323957
0.028475 -0.144997 0.319414
0.032001 -0.132646 0.324213
0.028124 -0.174780 0.317636
0.029409 -0.248492 0.321132
0.031390 -0.084696 0.320735
0.031310 -0.161995 0.321990
0.027862 -0.182612 0.316212
0.029639 -0.278484 0.321173
0.030718 -0.144044 0.319397
0.026523 -0.164029 0.311207
0.033321 -0.084838 0.320337
0.034099 -0.135791 0.321401
0.031623 -0.177571 0.317721
0.033528 -0.151075 0.317983
0.033030 -0.274350 0.319589
0.034021 -0.261269 0.320116
0.034871 -0.054884 0.316889
0.032416 -0.137862 0.314416
0.035524 -0.266899 0.321724
0.032647 -0.270106 0.317107
0.034975 -0.142253 0.317440
0.034730 -0.267649 0.318663
0.035832 -0.151873 0.317724
0.038485 -0.082615 0.320274
0.036924 -0.097174 0.317909
0.035946 -0.263442 0.318588
0.036555 -0.252569 0.317648
0.039927 -0.095197 0.319283
0.037295 -0.160634 0.316070
0.038223 -0.264701 0.319594
0.039132 -0.062707 0.315927
0.039443 -0.144251 0.318034
0.037689 -0.213857 0.316531
0.042406 -0.065113 0.319402
0.041108 -0.081387 0.316427
0.041219 -0.062045 0.315770
0.040513 -0.103740 0.315017
0.038724 -0.255592 0.313642
0.043907 -0.063118 0.318021
0.040849 -0.095089 0.313145
0.042650 -0.062521 0.313111
0.042726 -0.093339 0.313130
0.049896 -0.046121 0.323445
0.042623 -0.110811 0.312284
0.043039 -0.259072 0.315508
0.045254 -0.071837 0.315360
0.046799 0.012538 0.315921
0.048367 -0.020824 0.318159
0.044526 -0.068182 0.312531
0.042390 -0.268152 0.312444
0.044501 -0.262436 0.315168
0.045544 -0.044576 0.312727
0.048928 -0.047910 0.317725
0.044782 -0.116215 0.312452
0.045041 -0.090092 0.311991
0.047285 -0.049878 0.313743
0.045427 -0.098557 0.311469
0.037284 -0.242895 0.301121
0.052859 -0.002978 0.319393
0.041169 -0.117614 0.302938
0.041231 -0.260497 0.305568
0.043679 -0.268065 0.308137
0.049089 -0.037903 0.311931
0.047305 -0.094981 0.310155
0.047305 -0.094981 0.310155
0.047321 -0.124044 0.310646
0.048458 -0.101918 0.311006
0.044884 -0.278171 0.308514
0.043990 -0.252026 0.306597
0.049270 -0.081318 0.311615
0.045557 -0.121381 0.306607
0.047587 -0.071431 0.308681
0.048807 -0.088248 0.309797
0.048807 -0.088248 0.309797
0.049801 -0.094433 0.310873
0.047975 -0.111810 0.308365
0.051048 -0.066911 0.311621
0.051048 -0.066911 0.311621
0.049967 -0.074952 0.309413
0.050117 -0.091199 0.309693
0.048940 -0.097676 0.307813
0.053059 -0.046577 0.312743
0.048372 -0.123489 0.306949
0.049927 -0.087537 0.308058
0.056053 0.014965 0.314528
0.052161 -0.062008 0.309180
0.051038 -0.039202 0.307001
0.050858 -0.076776 0.306885
0.052870 -0.045177 0.309162
0.048806 -0.256628 0.305705
0.054376 -0.075779 0.310513
0.053538 -0.049195 0.308796
0.046795 -0.253159 0.301403
0.056551 -0.062998 0.312782
0.055163 -0.061839 0.310640
0.047905 -0.115268 0.300603
0.052312 -0.077667 0.306565
0.051317 -0.065867 0.304634
0.058021 0.004563 0.313220
0.047925 -0.256940 0.302305
0.058179 0.007366 0.312675
0.052217 -0.076023 0.305068
0.051708 -0.072691 0.304137
0.057944 -0.031586 0.312392
0.057971 0.003498 0.310997
0.049846 -0.106358 0.300368
0.055456 -0.004572 0.306940
0.055310 -0.067629 0.306823
0.053268 -0.110857 0.303549
0.055588 -0.060440 0.305803
0.051077 -0.127433 0.300166
0.055765 -0.071354 0.306013
0.058647 0.004061 0.308576
0.053778 -0.261701 0.304785
0.051946 -0.119718 0.299732
0.058368 -0.009111 0.307103
0.067877 0.019268 0.319764
0.050880 -0.245780 0.298861
0.059765 -0.037765 0.308466
0.062591 0.017537 0.310764
0.057101 -0.087213 0.303893
0.062794 0.019927 0.310487
0.058828 -0.028745 0.305190
0.060632 -0.023581 0.306733
0.060632 -0.023581 0.306733
0.061747 -0.013188 0.308138
0.059428 -0.068756 0.305348
0.063102 -0.012028 0.309615
0.059035 -0.099368 0.304726
0.060353 0.010980 0.304528
0.052511 -0.257850 0.295546
0.055863 -0.241185 0.299983
0.062905 -0.004508 0.305845
0.060747 -0.085395 0.303116
0.052512 -0.245278 0.293176
0.063815 -0.035594 0.305160
0.054199 -0.248003 0.294220
0.065759 -0.030488 0.307218
0.064381 -0.021651 0.305079
0.053607 -0.258924 0.293004
0.053607 -0.258924 0.293004
0.065345 -0.044216 0.306541
0.056804 -0.260141 0.296963
0.064600 -0.017430 0.303740
0.064153 -0.062601 0.303253
0.067619 -0.005567 0.307143
0.073321 0.023014 0.314574
0.063801 -0.032821 0.301530
0.055646 -0.235165 0.292304
0.057760 -0.225121 0.294877
0.055839 -0.256179 0.292367
0.055839 -0.256179 0.292367
0.065674 -0.000930 0.302648
0.065674 -0.000930 0.302648
0.067836 -0.025753 0.305905
0.067836 -0.025753 0.305905
0.066996 -0.040684 0.304816
0.069518 0.004403 0.307565
0.064548 -0.044285 0.300580
0.062592 -0.013795 0.297266
0.055348 -0.265799 0.290020
0.055348 -0.265799 0.290020
0.055904 -0.249753 0.290148
0.064722 0.029694 0.298732
0.066848 -0.016920 0.302295
0.071901 0.019897 0.307757
0.056068 -0.233929 0.288443
0.065722 -0.034051 0.299080
0.068477 0.007024 0.302243
0.069807 0.005717 0.303606
0.067980 -0.042701 0.301655
0.059344 -0.229792 0.291582
0.068619 -0.014766 0.300860
0.072310 0.024713 0.305118
0.073139 0.020924 0.305874
0.071435 -0.033216 0.303612
0.060176 -0.232874 0.288983
0.073185 0.026704 0.303079
0.071886 0.000839 0.301342
0.068878 -0.073879 0.297796
0.070416 -0.004296 0.298784
0.074454 0.005899 0.302662
0.071085 -0.038214 0.297789
0.071164 -0.045567 0.296768
0.073051 -0.044209 0.299287
0.073979 -0.005525 0.299522
0.073297 -0.025535 0.298654
0.075443 0.002472 0.301150
0.069983 -0.002769 0.293688
0.075350 0.008570 0.300839
0.065368 -0.233933 0.288699
0.065368 -0.233933 0.288699
0.064837 -0.243351 0.285468
0.065605 -0.240215 0.285820
0.074612 0.000858 0.295008
0.081390 0.028092 0.303321
0.081629 0.005742 0.301079
0.075936 -0.019501 0.293607
0.081106 0.024713 0.299681
0.081383 0.028227 0.299206
0.067765 -0.242624 0.283672
0.081795 0.010119 0.298985
0.083218 -0.002728 0.301014
0.081069 0.021066 0.297378
0.082925 0.020015 0.298952
0.082692 0.025801 0.297638
0.087967 0.035460 0.304440
0.069285 -0.249263 0.282461
0.078130 -0.022855 0.291702
0.067081 -0.241537 0.278937
0.083877 0.019558 0.297733
0.080603 -0.027383 0.293406
0.079960 0.002839 0.292035
0.081280 0.023532 0.292444
0.080960 -0.016227 0.290983
0.083498 0.029159 0.293694
0.083585 0.002091 0.293982
0.079543 -0.035233 0.288958
0.085450 0.017379 0.295969
0.067437 -0.242632 0.272789
0.088539 0.031292 0.297271
0.069468 -0.258302 0.274136
0.086406 0.007881 0.291873
0.081757 -0.031998 0.284998
0.081757 -0.031998 0.284998
0.080383 -0.032122 0.282860
0.080383 -0.032122 0.282860
0.092274 0.031060 0.295411
0.073455 -0.252859 0.272928
0.085377 -0.011190 0.285939
0.070199 -0.256613 0.267355
0.072375 -0.256643 0.270033
0.070480 -0.256165 0.265302
0.072724 -0.314472 0.267759
0.075720 -0.232543 0.269548
0.070606 -0.234706 0.262851
0.075433 -0.257622 0.268643
0.075971 -0.263606 0.269173
0.071642 -0.305122 0.263525
0.100131 0.036314 0.296112
0.071207 -0.249575 0.258858
0.077916 -0.238051 0.265592
0.072988 -0.318255 0.259869
0.080200 -0.219622 0.267263
0.093195 -0.003903 0.281667
0.073511 -0.263795 0.258734
0.100791 0.037139 0.288748
0.100791 0.037139 0.288748
0.077016 -0.307426 0.261056
0.075707 -0.245064 0.258896
0.073204 -0.325276 0.256021
0.085377 -0.229267 0.269902
0.074721 -0.322446 0.257314
0.071872 -0.325350 0.253365
0.093678 -0.013675 0.277185
0.103089 0.041962 0.287819
0.078088 -0.237477 0.259045
0.096949 -0.000147 0.280309
0.093287 -0.010148 0.275650
0.079309 -0.311398 0.259252
0.100558 0.038077 0.281900
0.103769 0.035943 0.285167
0.080787 -0.240570 0.258156
0.079964 -0.240230 0.257106
0.085334 -0.302377 0.263563
0.099531 -0.016897 0.276803
0.105546 0.035615 0.283683
0.105546 0.035615 0.283683
0.082012 -0.307640 0.257222
0.080840 -0.237454 0.255174
0.084409 -0.234768 0.258898
0.080068 -0.244397 0.253263
0.075872 -0.320278 0.247533
0.085024 -0.235404 0.256994
0.080692 -0.310781 0.252115
0.080692 -0.310781 0.252115
0.084184 -0.239152 0.255675
0.080167 -0.308433 0.250940
0.082392 -0.313551 0.253394
0.102488 0.009255 0.274073
0.081280 -0.309316 0.249649
0.102643 0.000452 0.272963
0.102934 -0.004535 0.272607
0.102934 -0.004535 0.272607
0.104935 -0.010738 0.273898
0.108791 0.037364 0.277511
0.089425 -0.230694 0.255333
0.086075 -0.227170 0.251302
0.110850 0.032455 0.278476
0.110850 0.032455 0.278476
0.087857 -0.240838 0.252377
0.108347 0.025158 0.274029
0.088950 -0.250766 0.251848
0.110940 0.011968 0.272415
0.115294 0.026794 0.276933
0.114594 0.035128 0.275966
0.108112 -0.016275 0.268545
0.089272 -0.240795 0.247179
0.113980 0.016568 0.274096
0.090579 -0.244455 0.248230
0.092995 -0.225373 0.249763
0.111588 0.036558 0.269480
0.114970 0.035926 0.273239
0.089164 -0.245065 0.244895
0.089164 -0.245065 0.244895
0.092011 -0.215390 0.248013
0.114359 -0.002945 0.272542
0.113672 0.023733 0.271598
0.115082 0.022562 0.272278
0.109983 -0.015820 0.266499
0.092265 -0.237761 0.246693
0.109643 -0.020299 0.264975
0.113725 0.013142 0.269118
0.092976 -0.250404 0.245835
0.088854 -0.239202 0.240790
0.116062 0.025542 0.270470
0.111686 0.034152 0.265437
0.088409 -0.242929 0.240205
0.092704 -0.225779 0.243359
0.113234 -0.009430 0.265381
0.114207 0.014962 0.265912
0.096128 -0.222745 0.245343
0.115326 0.017593 0.265525
0.096389 -0.237786 0.245211
0.117511 0.014399 0.267668
0.113517 -0.016638 0.263060
0.091660 -0.241524 0.239263
0.097797 -0.231215 0.245598
0.098058 -0.233215 0.245862
0.095804 -0.227415 0.242882
0.099070 -0.237918 0.245423
0.117798 0.009770 0.264960
0.124295 0.018209 0.270022
0.119748 0.014443 0.264851
0.096431 -0.244332 0.239796
0.099455 -0.238589 0.241898
0.102846 -0.221674 0.243973
0.122352 0.035608 0.264383
0.120947 0.002610 0.262415
0.123920 0.021053 0.265183
0.118980 -0.027598 0.259711
0.118980 -0.027598 0.259711
0.100908 -0.238631 0.240446
0.122035 0.002058 0.261363
0.120158 -0.004968 0.259156
0.127462 0.035683 0.265620
0.104453 -0.220089 0.240832
0.123718 0.025520 0.260531
0.130990 0.038136 0.267970
0.126947 0.012545 0.263362
0.126490 0.026374 0.262021
0.127165 0.030843 0.262112
0.123115 0.004067 0.257795
0.103426 -0.218413 0.235665
0.127726 0.034308 0.260780
0.103238 -0.236384 0.234870
0.127671 0.020435 0.260410
0.104932 -0.220389 0.236441
0.130321 0.019152 0.262577
0.125576 0.003375 0.257510
0.126263 0.027889 0.257930
0.125335 0.008387 0.255309
0.105266 -0.219937 0.233781
0.120835 -0.035543 0.247925
0.105249 -0.234829 0.231127
0.105350 -0.213386 0.230996
0.104483 -0.228718 0.229173
0.133301 0.034516 0.259031
0.132164 0.019445 0.256842
0.106972 -0.214688 0.229973
0.105177 -0.226793 0.226904
0.108171 -0.208768 0.229752
0.131130 0.007822 0.253119
0.114388 -0.183048 0.234784
0.114388 -0.183048 0.234784
0.114388 -0.183048 0.234784
0.136169 0.030809 0.255997
0.126999 -0.041058 0.243574
0.124758 -0.033675 0.240315
0.136799 0.006505 0.250717
0.110901 -0.199477 0.224340
0.132645 0.007104 0.245853
0.113667 -0.214119 0.225960
0.138692 0.033845 0.246619
0.131705 0.006568 0.239191
0.140973 0.039139 0.248424
0.138419 0.016003 0.245506
0.113997 -0.202701 0.219821
0.116188 -0.211633 0.221403
0.137084 0.001049 0.241893
0.112042 -0.207486 0.216232
0.142732 0.013256 0.246599
0.144151 0.031288 0.247803
0.115315 -0.210726 0.218611
0.115315 -0.210726 0.218611
0.123674 -0.166712 0.225992
0.147404 0.036967 0.247158
0.138468 -0.000395 0.238152
0.122196 -0.182346 0.219877
0.122196 -0.182346 0.219877
0.135948 -0.014662 0.231995
0.145688 0.029268 0.240977
0.140402 0.002209 0.235514
0.148644 0.022344 0.238322
0.154569 0.057207 0.242016
0.144658 -0.006973 0.232100
0.144496 -0.006979 0.231906
0.158673 0.031564 0.245421
0.158229 0.047681 0.241818
0.158229 0.047681 0.241818
0.158229 0.047681 0.241818
0.145011 -0.016211 0.227697
0.145524 -0.003079 0.227951
0.159929 0.040233 0.240422
0.159929 0.040233 0.240422
0.161759 0.062085 0.240551
0.163724 0.114677 0.241678
0.164619 0.112957 0.242010
0.151571 -0.010325 0.228193
0.155287 0.053280 0.231254
0.165924 0.115697 0.239963
0.151516 -0.002596 0.226026
0.148510 -0.015470 0.220724
0.156683 0.057848 0.228352
0.159599 0.045961 0.230352
0.160575 0.060314 0.231096
0.160031 0.063958 0.230235
0.168086 0.089786 0.234381
0.171589 0.110199 0.236221
0.169627 0.086289 0.233475
0.165488 0.048488 0.229458
0.165730 0.058935 0.229542
0.153114 -0.017500 0.217333
0.159017 -0.012051 0.222137
0.174825 0.096564 0.234625
0.155329 -0.023313 0.216111
0.105234 -0.295768 0.169012
0.167210 0.063025 0.224819
0.175406 0.090821 0.232023
0.172087 0.071820 0.228508
0.172967 0.104991 0.229213
0.168011 0.054667 0.224471
0.176925 0.075803 0.231222
0.104869 -0.294983 0.165077
0.109732 -0.289084 0.169255
0.173436 0.104142 0.226670
0.171261 0.089941 0.223491
0.179291 0.096704 0.227979
0.177102 0.097420 0.225720
0.174356 0.098607 0.222384
0.176626 0.106400 0.223461
0.108039 -0.291347 0.162055
0.181597 0.108666 0.225584
0.179004 0.101283 0.223131
0.182189 0.097128 0.223599
0.149066 -0.184335 0.193303
0.176637 0.102794 0.217839
0.178814 0.088150 0.218430
0.109293 -0.292781 0.157294
0.109120 -0.292804 0.155801
0.181788 0.104398 0.218083
0.147460 -0.166577 0.186317
0.150933 -0.172821 0.188688
0.110343 -0.291429 0.152483
0.164580 -0.038281 0.197738
0.167819 -0.023395 0.200241
0.143704 -0.185268 0.179231
0.186442 0.108454 0.216025
0.114683 -0.283452 0.153141
0.145561 -0.188085 0.179115
0.153910 -0.190791 0.186644
0.181612 0.107900 0.210376
0.167682 -0.026790 0.198063
0.112352 -0.288089 0.150818
0.123134 -0.280979 0.159381
0.113647 -0.289850 0.151191
0.144938 -0.196777 0.176444
0.112687 -0.290002 0.149206
0.150467 -0.177154 0.179865
0.166895 -0.040438 0.193913
0.185374 0.118360 0.209617
0.167351 -0.039243 0.193630
0.175968 0.040153 0.199725
0.149280 -0.157461 0.176659
0.151244 -0.161908 0.177463
0.183794 0.108615 0.204997
0.178579 0.043910 0.200045
0.173055 -0.172417 0.193380
0.112798 -0.288869 0.144085
0.181845 0.046434 0.201057
0.108245 -0.288047 0.139346
0.169337 -0.038870 0.187992
0.177235 0.046959 0.194722
0.168945 -0.056867 0.186999
0.174965 -0.023603 0.191832
0.172993 -0.018743 0.190195
0.173099 -0.017846 0.190000
0.114545 -0.290373 0.141511
0.165184 -0.196537 0.181852
0.172175 -0.037944 0.187564
0.172855 -0.032854 0.188076
0.184402 0.050192 0.197373
0.184558 0.052292 0.196903
0.175439 -0.034001 0.188439
0.184405 0.048180 0.195641
0.174111 -0.043382 0.186591
0.156513 -0.178608 0.171826
0.180146 0.023363 0.191653
0.183970 0.039898 0.194634
0.160532 -0.187071 0.174264
0.178521 -0.030347 0.189547
0.173986 -0.029572 0.185661
0.157953 -0.163743 0.171515
0.128423 -0.270199 0.147709
0.150397 -0.196421 0.165127
0.175371 -0.001980 0.184839
0.159108 -0.184548 0.170762
0.128412 -0.270707 0.146241
0.136142 -0.269481 0.152083
0.132205 -0.268122 0.149023
0.115532 -0.284791 0.135911
0.182367 0.030147 0.189709
0.174686 -0.033103 0.183181
0.122115 -0.280880 0.140637
0.182042 -0.008973 0.188998
0.133240 -0.270192 0.149100
0.174878 -0.027042 0.182917
0.180393 -0.021749 0.186250
0.183842 0.037031 0.189192
0.183842 0.037031 0.189192
0.183842 0.037031 0.189192
0.137037 -0.279596 0.150114
0.120330 -0.279692 0.137197
0.125302 -0.277364 0.140680
0.186422 0.040252 0.189865
0.185849 0.025795 0.188715
0.185849 0.025795 0.188715
0.117995 -0.276935 0.134151
0.186584 0.036792 0.188307
0.116042 -0.284335 0.131851
0.123728 -0.278912 0.137692
0.151456 -0.180486 0.159551
0.184450 0.019632 0.185098
0.194291 0.023805 0.191049
0.178136 -0.016267 0.178497
0.178136 -0.016267 0.178497
0.139133 -0.267835 0.146778
0.186091 0.017595 0.183376
0.179455 -0.033893 0.177924
0.181240 -0.012624 0.179275
0.190574 -0.003939 0.185947
0.187303 0.027467 0.183059
0.192829 0.025610 0.187176
0.180425 -0.030616 0.177213
0.123558 -0.283905 0.132298
0.120736 -0.284504 0.129327
0.188141 0.022795 0.181679
0.188071 0.010849 0.181018
0.117194 -0.283519 0.125735
0.131369 -0.271639 0.135916
0.187892 -0.025727 0.179947
0.125159 -0.277055 0.130887
0.125159 -0.277055 0.130887
0.182026 -0.028371 0.174864
0.182481 -0.022767 0.175025
0.121822 -0.284638 0.127793
0.184765 -0.026664 0.176378
0.187504 0.012969 0.177749
0.129130 -0.274689 0.130812
0.186698 0.009393 0.175277
0.183935 -0.009441 0.172630
0.121485 -0.280451 0.122465
0.187389 -0.003450 0.171908
0.122723 -0.277742 0.121713
0.162854 -0.178335 0.151617
0.123147 -0.273646 0.121653
0.186765 -0.001182 0.169782
0.161163 -0.182656 0.149601
0.161230 -0.176478 0.148488
0.183898 -0.016055 0.165247
0.126472 -0.273759 0.121497
0.126993 -0.267155 0.121517
0.134033 -0.263410 0.126194
0.134947 -0.263739 0.125537
0.164294 -0.174723 0.147030
0.123668 -0.278808 0.117072
0.176749 -0.084546 0.156405
0.183483 -0.083129 0.161011
0.191609 -0.019027 0.166431
0.126639 -0.274012 0.118071
0.124213 -0.275959 0.116224
0.125291 -0.266950 0.116492
0.131878 -0.265741 0.120546
0.179984 -0.091643 0.154772
0.163127 -0.177871 0.141239
0.191376 -0.015988 0.162140
0.194697 -0.003611 0.164350
0.126788 -0.277628 0.113528
0.126788 -0.277628 0.113528
0.139184 -0.254010 0.122360
0.178349 -0.080047 0.151024
0.137265 -0.262266 0.120425
0.127308 -0.271312 0.112536
0.194626 -0.011133 0.160583
0.190664 -0.013401 0.156942
0.165621 -0.167117 0.137847
0.165621 -0.167117 0.137847
0.181798 -0.093357 0.148753
0.181798 -0.093357 0.148753
0.185322 -0.075817 0.151265
0.142051 -0.249985 0.119603
0.179056 -0.086836 0.145716
0.134120 -0.268081 0.111675
0.143117 -0.248579 0.115813
0.134547 -0.258800 0.109445
0.143878 -0.249133 0.114240
0.193982 -0.007544 0.149769
0.205355 0.086803 0.158272
0.205355 0.086803 0.158272
0.137571 -0.260017 0.109322
0.142193 -0.256846 0.112266
0.148283 -0.246069 0.116122
0.195172 -0.012232 0.149548
0.195366 -0.015304 0.149366
0.196283 -0.000995 0.149992
0.137342 -0.256160 0.107775
0.148938 -0.257653 0.114973
0.146469 -0.243296 0.113461
0.127282 -0.260898 0.100010
0.147839 -0.250813 0.113655
0.195586 -0.008070 0.147445
0.150225 -0.246068 0.113824
0.145272 -0.241203 0.109442
0.199439 -0.014235 0.147034
0.193828 -0.003694 0.142710
0.193649 -0.028909 0.141949
0.203920 -0.006177 0.148658
0.195030 -0.027441 0.142185
0.196765 -0.012646 0.143282
0.193872 -0.018866 0.140901
0.150473 -0.240578 0.110108
0.208841 0.086259 0.151014
0.203280 -0.008747 0.145357
0.148161 -0.247270 0.107106
0.150920 -0.241437 0.107153
0.192352 -0.015877 0.135393
0.148486 -0.245910 0.104541
0.210673 0.085080 0.147390
0.146237 -0.240066 0.101647
0.155053 -0.235763 0.105911
0.194275 -0.013456 0.132590
0.194275 -0.013456 0.132590
0.150743 -0.246397 0.100623
0.153402 -0.233601 0.102405
0.207259 0.010179 0.135913
0.214817 0.013974 0.137501
0.209978 0.021049 0.133852
0.202023 -0.004064 0.128659
0.208152 0.022487 0.130747
0.208152 0.022487 0.130747
0.214457 0.012056 0.133121
0.201678 0.014654 0.124888
0.206483 0.027214 0.124615
0.208128 0.016255 0.122112
0.212440 0.005596 0.124114
0.205621 0.010177 0.117460
0.207297 0.010404 0.116603
0.209776 0.013663 0.117762
0.207827 0.024357 0.116157
0.207827 0.024357 0.116157
0.205503 0.017616 0.112142
0.203203 0.016862 0.108247
0.201857 0.027707 0.105079
0.211393 0.012689 0.102809
0.007974 -0.024989 0.100013
0.008638 -0.025858 0.100277
0.009404 -0.013918 0.103818
0.009427 -0.013912 0.103748
0.009825 -0.025296 0.101501
0.009558 -0.016418 0.103720
0.009607 -0.017092 0.103635
0.009788 -0.019440 0.103262
0.009975 -0.020046 0.103322
0.010083 -0.014382 0.104125
0.010373 -0.020315 0.103536
0.010359 -0.016413 0.103939
0.010359 -0.016413 0.103939
0.010659 -0.012755 0.105358
0.010937 -0.014131 0.105060
0.011356 -0.025026 0.102045
0.011193 -0.016994 0.104634
0.011449 -0.026867 0.100240
0.011630 -0.029278 0.100617
0.011627 -0.021515 0.104592
0.011509 -0.007469 0.107166
0.011836 -0.026367 0.101912
0.011633 -0.016131 0.105254
0.011623 -0.011194 0.106150
0.011677 -0.009861 0.106299
0.012098 -0.028995 0.100918
0.011701 -0.008301 0.106712
0.011752 -0.014602 0.105253
0.011813 -0.014446 0.105441
0.011834 -0.010194 0.106323
0.011847 -0.011836 0.105901
0.012062 -0.010103 0.106503
0.012193 -0.020113 0.104236
0.012284 -0.018150 0.104540
0.012376 -0.010490 0.106551
0.012444 -0.005736 0.107833
0.012778 -0.028329 0.101701
0.012491 -0.004461 0.108313
0.012706 -0.021356 0.104112
0.012644 -0.009153 0.107469
0.012855 -0.020343 0.104702
0.012707 0.006539 0.107531
0.013291 -0.030166 0.101756
0.013211 -0.023144 0.104122
0.013008 0.008045 0.107796
0.013451 -0.029281 0.102365
0.013077 0.007629 0.108040
0.013105 -0.012658 0.106657
0.013105 -0.012658 0.106657
0.013870 -0.032865 0.101945
0.013406 -0.009475 0.107632
0.013530 -0.014162 0.106272
0.013584 0.004919 0.108389
0.013725 -0.013556 0.106730
0.013762 -0.009680 0.107852
0.013879 -0.021030 0.105202
0.013749 -0.004709 0.107657
0.013790 -0.006098 0.107713
0.014290 -0.020112 0.106021
0.014182 -0.014090 0.106822
0.014152 -0.007800 0.107721
0.014277 -0.015864 0.106700
0.014302 -0.011658 0.107843
0.014254 0.007516 0.108457
0.014254 0.007516 0.108457
0.014325 -0.012866 0.107053
0.014603 -0.023752 0.105217
0.014606 -0.023132 0.105319
0.014708 -0.017936 0.106481
0.014896 -0.021634 0.106409
0.014735 -0.015224 0.106946
0.014881 -0.016919 0.106820
0.014841 -0.008252 0.108289
0.014937 -0.013721 0.107318
0.015166 -0.023379 0.105736
0.015458 -0.028637 0.104624
0.015024 -0.015791 0.106654
0.015812 -0.033506 0.103714
0.015364 -0.020874 0.106610
0.015257 -0.017127 0.106929
0.015889 -0.033898 0.103693
0.015220 0.008638 0.108657
0.015547 -0.024364 0.105938
0.015526 0.006494 0.109187
0.015582 -0.014072 0.107835
0.015544 -0.011122 0.108061
0.015544 -0.011122 0.108061
0.015672 -0.010705 0.108204
0.015683 -0.000072 0.109185
0.015700 0.001493 0.109255
0.015741 0.000155 0.109092
0.016042 -0.022288 0.106826
0.015901 -0.015124 0.108064
0.015779 -0.002387 0.108794
0.015888 -0.013350 0.107987
0.015942 -0.013820 0.108190
0.015840 -0.011685 0.107853
0.016030 -0.011798 0.109172
0.016164 -0.020445 0.107244
0.016197 -0.016985 0.107779
0.016456 -0.021272 0.107339
0.016488 -0.021592 0.107366
0.016346 -0.007465 0.109487
0.016573 -0.022316 0.107351
0.016568 -0.021928 0.107443
0.016478 -0.001878 0.109527
0.016478 -0.001878 0.109527
0.016592 -0.011242 0.108816
0.016631 0.001951 0.109686
0.016694 0.001265 0.109926
0.016718 -0.002583 0.109886
0.016903 -0.016316 0.108506
0.016926 -0.003306 0.110185
0.016982 -0.012743 0.109054
0.016925 0.003363 0.109938
0.017337 -0.027914 0.106226
0.017376 -0.012546 0.109378
0.017384 0.007231 0.110104
0.017764 -0.021123 0.108857
0.017618 -0.007019 0.109888
0.017592 0.005738 0.110038
0.018053 -0.028665 0.107186
0.017725 0.002123 0.110533
0.017953 -0.015839 0.109419
0.018222 0.009800 0.111277
0.018328 -0.013258 0.110444
0.018269 -0.007736 0.110406
0.018356 0.001231 0.110707
0.018650 0.002137 0.110685
0.018957 0.011849 0.112156
0.019006 -0.000290 0.111127
0.019099 0.008875 0.110766
0.019009 0.001426 0.110113
0.019201 0.005081 0.110796
0.019318 0.002658 0.111057
0.019731 -0.009162 0.111455
0.019760 -0.013845 0.110674
0.019777 -0.001068 0.111783
0.019745 0.004369 0.111166
0.019790 0.002434 0.111409
0.019809 0.004676 0.111132
0.019933 0.000140 0.111809
0.019986 -0.008000 0.111477
0.020003 -0.008237 0.111517
0.019940 0.005451 0.111307
0.020115 -0.005321 0.111685
0.020091 0.007257 0.111288
0.020368 0.008032 0.112004
0.020444 -0.004367 0.112020
0.020467 -0.005122 0.112023
0.020450 0.009260 0.111755
0.020433 0.004753 0.111607
0.020433 0.004753 0.111607
0.020423 0.005626 0.111433
0.020509 -0.004129 0.111663
0.020722 0.002771 0.111833
0.020732 0.009031 0.111608
0.021022 0.000914 0.112612
0.020920 0.004426 0.111858
0.021226 0.010681 0.112726
0.021519 0.002251 0.112493
0.021616 0.003402 0.112568
0.021521 0.006683 0.111923
0.021428 0.004995 0.111441
0.021624 0.008555 0.111834
0.021746 0.006431 0.111986
0.022000 0.001033 0.112824
0.022009 -0.000590 0.112693
0.022011 0.008101 0.111903
0.022254 0.002329 0.112812
0.022254 0.002329 0.112812
0.022246 0.007687 0.112453
0.022366 0.006350 0.112667
0.022358 0.006980 0.112548
0.023062 -0.000784 0.114202
0.022845 0.003069 0.112918
0.023282 -0.005204 0.113439
0.023740 0.002208 0.113669
0.023790 0.010181 0.113494
0.023740 0.008694 0.113257
0.023805 0.010736 0.113491
0.023964 0.010345 0.113666
0.024154 0.006428 0.113619
0.024549 0.008080 0.113799
0.024984 0.009543 0.113968
0.025253 0.010720 0.114587
0.025589 0.009542 0.114574
0.025589 0.009542 0.114574
0.025908 0.008933 0.115211
0.026240 0.007535 0.115064
0.026623 0.008406 0.115382
0.026785 0.010491 0.115556
0.026994 -0.002011 0.116302
0.027064 0.002427 0.116139
0.027064 0.002427 0.116139
0.027649 -0.003723 0.117759
0.027244 0.011161 0.115754
0.027432 0.009850 0.115881
0.027789 0.009081 0.116166
0.027889 0.012732 0.116211
0.028029 0.011191 0.116141
0.028425 0.007443 0.116551
0.028457 0.010170 0.116566
0.029443 0.004304 0.116931
0.029674 0.002344 0.117677
0.029518 0.005415 0.117014
0.029693 0.002347 0.117474
0.029891 -0.002135 0.117978
0.030504 -0.002455 0.117932
0.030680 0.005125 0.117732
0.030910 0.005866 0.118065
0.030928 0.007223 0.117967
0.031274 -0.000344 0.118334
0.031700 0.007069 0.118439
0.031849 -0.005048 0.118911
0.031754 0.007536 0.118471
0.032500 -0.003394 0.119613
0.032351 0.010910 0.118423
0.032586 0.001897 0.119314
0.032636 0.004299 0.119248
0.032670 0.008302 0.118860
0.032679 0.007999 0.118658
0.032819 0.009217 0.119020
0.033476 -0.004263 0.119978
0.033373 0.004614 0.118944
0.033339 0.010618 0.118478
0.033854 0.003333 0.119660
0.034259 -0.004313 0.120871
0.033876 0.006200 0.119319
0.033958 0.007408 0.119261
0.033828 0.010711 0.118656
0.034072 0.008590 0.119264
0.034150 0.006194 0.119398
0.034607 0.009648 0.119774
0.035360 -0.000139 0.121765
0.034951 0.005982 0.119849
0.035158 -0.006017 0.120356
0.035318 0.004850 0.120910
0.034976 0.006373 0.119504
0.035869 -0.003340 0.120982
0.035869 -0.003340 0.120982
0.036537 -0.007847 0.121495
0.036811 -0.005186 0.121955
0.036598 0.011747 0.120433
0.037139 -0.006861 0.122182
0.036746 0.006348 0.120710
0.037062 0.018083 0.120401
0.037812 0.002007 0.122433
0.037676 0.004270 0.121720
0.037593 0.008658 0.121119
0.037846 0.004864 0.121674
0.037468 0.017012 0.120019
0.037949 0.011318 0.121015
0.038433 0.005051 0.121676
0.038521 0.007606 0.121469
0.038380 0.010174 0.120742
0.038357 0.030601 0.119176
0.038880 0.013784 0.120757
0.039429 0.010882 0.121958
0.039544 0.017227 0.121058
0.039544 0.017227 0.121058
0.040185 0.000043 0.123173
0.040273 -0.003446 0.122731
0.039866 0.020473 0.121057
0.040112 0.010766 0.121916
0.040835 0.009000 0.123465
0.039896 0.029941 0.119892
0.039993 0.019162 0.120375
0.040879 0.001488 0.123160
0.039877 0.029426 0.119606
0.040723 0.003068 0.122577
0.040961 0.000347 0.123180
0.040023 0.027254 0.119716
0.040877 0.006470 0.122581
0.041426 0.002157 0.123306
0.041211 0.023209 0.120956
0.041545 0.016740 0.121727
0.041157 0.026384 0.120315
0.041562 0.018008 0.121548
0.041226 0.026839 0.120130
0.042590 -0.001940 0.123939
0.041474 0.024784 0.120371
0.041805 0.028706 0.120183
0.042601 0.019176 0.121815
0.043285 0.000175 0.123725
0.042438 0.025224 0.120555
0.042498 0.026192 0.120668
0.044120 -0.003656 0.124722
0.043653 0.023891 0.121364
0.044793 0.000418 0.124193
0.044139 0.027450 0.121316
0.044123 0.026398 0.120526
0.046217 -0.005438 0.124619
0.046217 -0.005438 0.124619
0.046120 -0.001690 0.123750
0.046877 -0.009176 0.125246
0.045866 0.032206 0.120875
0.047674 -0.006258 0.125454
0.047674 -0.006258 0.125454
0.046287 0.029335 0.120790
0.047552 0.000343 0.124352
0.046804 0.030851 0.120959
0.047172 0.027091 0.121537
0.047212 0.030736 0.121146
0.047225 0.030077 0.121131
0.047382 0.028906 0.121389
0.049243 -0.007983 0.126430
0.048999 -0.009123 0.125679
0.050140 -0.004360 0.125950
0.050405 -0.004750 0.126060
0.048765 0.029628 0.121399
0.049121 0.031070 0.121570
0.051412 -0.006001 0.125733
0.052240 -0.005650 0.126121
0.052808 -0.004787 0.126449
0.053258 -0.009053 0.126808
0.052915 0.002200 0.125029
0.052980 0.002402 0.124898
0.054020 -0.000511 0.126867
0.054020 -0.000511 0.126867
0.055440 -0.000674 0.126722
0.059702 -0.000397 0.126279
0.059450 0.004111 0.125453
0.059425 0.002171 0.125141
0.060436 0.007289 0.125421
0.060717 0.006715 0.124481
0.061638 0.002370 0.126154
0.061333 0.012372 0.123716
0.062805 0.001520 0.125999
0.061492 0.010097 0.123259
0.063229 0.003573 0.125949
0.061868 0.013374 0.122639
0.062460 0.011127 0.123453
0.063217 0.012907 0.124116
0.065083 0.002621 0.125684
0.065010 0.014148 0.123527
0.066429 0.005952 0.124730
0.065793 0.013038 0.123057
0.066795 0.010898 0.124021
0.066975 0.009606 0.124112
0.066571 0.014499 0.122220
-0.011117 -0.048228 0.123539
0.010708 -0.043656 0.125438
0.033857 -0.044511 0.125959
-0.410506 -0.216094 0.654954
-0.223001 -0.210672 0.515607
-0.183916 -0.325280 0.855745
-0.018551 -0.055036 0.143592
0.021233 -0.308906 0.872200
0.021233 -0.308906 0.872200
